534,1583,2117,0.7477562589,0,0,AE1
721,1195,1916,0.6236951983,0.350187265917603,-0.2451042324699937,AE1
669,1278,1947,0.656394453,-0.07212205270457697,0.0694560669456067,AE1
676,1505,2181,0.6900504356,0.01046337817638266,0.17762128325508608,AE1
676,973,1649,0.5900545785,0.0,-0.35348837209302325,AE1
780,904,1684,0.5368171021,0.15384615384615385,-0.07091469681397738,AE1
934,1598,2532,0.631121643,0.19743589743589743,0.7676991150442478,AE1
689,1083,1772,0.6111738149,-0.2623126338329764,-0.32227784730913644,AE1
707,1298,2005,0.6473815461,0.026124818577648767,0.19852262234533702,AE1
678,1189,1867,0.6368505624,-0.04101838755304102,-0.0839753466872111,AE1
750,1436,2186,0.6569075938,0.10619469026548672,0.2077375946173255,AE1
695,1153,1848,0.6239177489177489,-0.07333333333333333,-0.19707520891364902,AE1
714,1266,1980,0.6393939393939394,0.027338129496402876,0.09800520381613183,AE1
696,1453,2149,0.6761284318287576,-0.025210084033613446,0.14770932069510267,AE1
632,1117,1749,0.6386506575185821,-0.09195402298850575,-0.23124569855471439,AE1
752,1249,2001,0.6241879060469765,0.189873417721519,0.11817367949865712,AE1
632,1117,1749,0.6386506575185821,-0.1595744680851064,-0.10568454763811048,AE1
657,1609,2266,0.7100617828773168,0.03955696202531646,0.4404655326768129,AE1
860,1280,2140,0.5981308411214953,0.3089802130898021,-0.20447482908638906,AE1
700,1182,1882,0.6280552603613178,-0.18604651162790697,-0.0765625,AE1
683,1025,1708,0.6001170960187353,-0.024285714285714285,-0.13282571912013535,AE1
874,1485,2359,0.6295040271301399,0.2796486090775988,0.44878048780487806,AE1
742,1327,2069,0.6413726437892702,-0.15102974828375287,-0.1063973063973064,AE1
717,1000,1717,0.5824111822947,-0.03369272237196765,-0.24642049736247174,AE1
683,1025,1708,0.6001170960187353,-0.04741980474198047,0.025,AE1
686,1659,2345,0.7074626865671642,0.004392386530014641,0.6185365853658537,AE1
690,1614,2304,0.7005208333333334,0.0058309037900874635,-0.027124773960216998,AE1
728,1253,1981,0.6325088339222615,0.05507246376811594,-0.22366790582403964,AE1
695,1014,1709,0.593329432416618,-0.04532967032967033,-0.19074221867517957,AE1
715,680,1395,0.4874551971326165,0.02877697841726619,-0.32938856015779094,AE1
653,882,1535,0.5745928338762215,-0.08671328671328671,0.29705882352941176,AE1
776,1586,2362,0.6714648602878917,0.1883614088820827,0.7981859410430839,AE1
655,1472,2127,0.692054536906441,-0.1559278350515464,-0.07187894073139975,AE1
717,1000,1717,0.5824111822947,0.09465648854961832,-0.32065217391304346,AE1
672,1314,1986,0.6616314199395771,-0.06276150627615062,0.314,AE1
671,1035,1706,0.6066822977725674,-0.001488095238095238,-0.21232876712328766,AE1
866,646,1512,0.42724867724867727,0.2906110283159464,-0.37584541062801935,AE1
685,1436,2121,0.6770391324846771,-0.2090069284064665,1.2229102167182662,AE1
815,1309,2124,0.6162900188323918,0.1897810218978102,-0.08844011142061281,AE1
634,1291,1925,0.6706493506493506,-0.22208588957055214,-0.013750954927425516,AE1
714,1022,1736,0.5887096774193549,0.12618296529968454,-0.20836560805577073,AE1
751,821,1572,0.522264631043257,0.05182072829131653,-0.19667318982387474,AE1
662,637,1299,0.49037721324095457,-0.118508655126498,-0.2241169305724726,AE1
754,1599,2353,0.6795580110497238,0.13897280966767372,1.510204081632653,AE1
708,1434,2142,0.6694677871148459,-0.0610079575596817,-0.10318949343339587,AE1
787,1153,1940,0.5943298969072165,0.1115819209039548,-0.19595536959553697,AE1
749,1000,1749,0.5717552887364208,-0.048284625158831,-0.1326973113616652,AE1
634,1291,1925,0.6706493506493506,-0.15353805073431243,0.291,AE1
763,764,1527,0.5003274394237066,0.20347003154574134,-0.40821068938807126,AE1
746,1044,1790,0.5832402234636872,-0.022280471821756225,0.36649214659685864,AE1
661,871,1532,0.5685378590078329,-0.11394101876675604,-0.1657088122605364,AE1
716,1638,2354,0.6958368734069669,0.0832072617246596,0.8805970149253731,AE1
613,1524,2137,0.7131492746841367,-0.14385474860335196,-0.0695970695970696,AE1
719,1187,1906,0.6227701993704092,0.1729200652528548,-0.2211286089238845,AE1
696,1048,1744,0.6009174311926605,-0.031988873435326845,-0.11710193765796124,AE1
692,1084,1776,0.6103603603603603,-0.005747126436781609,0.03435114503816794,AE1
763,764,1527,0.5003274394237066,0.10260115606936417,-0.2952029520295203,AE1
667,1423,2090,0.6808612440191387,-0.1258191349934469,0.862565445026178,AE1
720,1234,1954,0.631525076765609,0.07946026986506746,-0.13281799016163034,AE1
680,1126,1806,0.6234772978959026,-0.05555555555555555,-0.08752025931928688,AE1
766,1307,2073,0.6304872165943077,0.1264705882352941,0.16074600355239788,AE1
769,1077,1846,0.5834236186348862,0.0039164490861618795,-0.17597551644988524,AE1
769,1077,1846,0.5834236186348862,0.0,0.0,AE1
841,1568,2409,0.6508924865089248,0.09362808842652796,0.4558960074280409,AE1
894,1027,1921,0.53461738677772,0.06302021403091558,-0.3450255102040816,AE1
732,1014,1746,0.5807560137457045,-0.18120805369127516,-0.012658227848101266,AE1
811,626,1437,0.43562978427279053,0.10792349726775956,-0.3826429980276134,AE1
871,1492,2363,0.6314007617435463,0.07398273736128237,1.3833865814696487,AE1
843,939,1782,0.5269360269360269,-0.03214695752009185,-0.37064343163538876,AE1
732,780,1512,0.5158730158730159,-0.13167259786476868,-0.16932907348242812,AE1
725,1620,2345,0.6908315565031983,-0.009562841530054645,1.0769230769230769,AE1
629,1477,2106,0.701329534662868,-0.13241379310344828,-0.0882716049382716,AE1
889,762,1651,0.46153846153846156,0.4133545310015898,-0.48408937034529453,AE1
733,1504,2237,0.6723290120697363,-0.17547806524184478,0.973753280839895,AE1
716,1323,2039,0.6488474742520843,-0.023192360163710776,-0.12034574468085106,AE1
787,1026,1813,0.5659128516271373,0.09916201117318436,-0.22448979591836735,AE1
754,925,1679,0.55092316855271,-0.04193138500635324,-0.09844054580896686,AE1
811,626,1437,0.43562978427279053,0.07559681697612732,-0.3232432432432432,AE1
771,1341,2112,0.6349431818181818,-0.04932182490752158,1.1421725239616614,AE1
820,1300,2120,0.6132075471698113,0.06355382619974059,-0.030574198359433258,AE1
762,912,1674,0.5448028673835126,-0.07073170731707316,-0.29846153846153844,AE1
723,1221,1944,0.6280864197530864,-0.051181102362204724,0.33881578947368424,AE1
728,1586,2314,0.6853932584269663,0.006915629322268326,0.2989352989352989,AE1
735,1335,2070,0.644927536231884,0.009615384615384616,-0.15825977301387137,AE1
704,1043,1747,0.5970234688036634,-0.04217687074829932,-0.21872659176029963,AE1
683,1581,2264,0.698321554770318,-0.029829545454545456,0.5158197507190796,AE1
682,1409,2091,0.6738402678144428,-0.0014641288433382138,-0.10879190385831752,AE1
689,1163,1852,0.6279697624190065,0.010263929618768328,-0.17459190915542938,AE1
711,925,1636,0.565403422982885,0.03193033381712627,-0.20464316423043852,AE1
678,925,1603,0.5770430442919526,-0.046413502109704644,0.0,AE1
664,1648,2312,0.71280276816609,-0.02064896755162242,0.7816216216216216,AE1
715,964,1679,0.5741512805241215,0.07680722891566265,-0.41504854368932037,AE1
654,723,1377,0.5250544662309368,-0.08531468531468532,-0.25,AE1
809,1568,2377,0.6596550273453934,0.23700305810397554,1.1687413554633472,AE1
699,1489,2188,0.6805301645338209,-0.13597033374536466,-0.05038265306122449,AE1
705,1248,1953,0.6390168970814132,0.008583690987124463,-0.1618535930154466,AE1
903,839,1742,0.48163030998851897,0.28085106382978725,-0.327724358974359,AE1
742,698,1440,0.4847222222222222,-0.17829457364341086,-0.16805721096543505,AE1
696,1610,2306,0.6981786643538594,-0.06199460916442048,1.3065902578796562,AE1
677,1632,2309,0.7067994802944998,-0.027298850574712645,0.013664596273291925,AE1
801,1193,1994,0.5982948846539619,0.1831610044313146,-0.2689950980392157,AE1
747,962,1709,0.5629022820362786,-0.06741573033707865,-0.19362950544844929,AE1
773,762,1535,0.49641693811074916,0.03480589022757698,-0.2079002079002079,AE1
686,1688,2374,0.7110362257792755,-0.11254851228978008,1.2152230971128608,AE1
744,1446,2190,0.6602739726027397,0.08454810495626822,-0.14336492890995262,AE1
605,1329,1934,0.68717683557394,-0.1868279569892473,-0.08091286307053942,AE1
708,1044,1752,0.5958904109589042,0.17024793388429751,-0.2144469525959368,AE1
689,1487,2176,0.6833639705882353,-0.026836158192090395,0.42432950191570884,AE1
747,962,1709,0.5629022820362786,0.0841799709724238,-0.3530598520511096,AE1
748,964,1712,0.5630841121495327,0.0013386880856760374,0.002079002079002079,AE1
792,671,1463,0.45864661654135336,0.058823529411764705,-0.3039419087136929,AE1
642,621,1263,0.4916864608076009,-0.1893939393939394,-0.07451564828614009,AE1
706,1610,2316,0.6951640759930915,0.09968847352024922,1.5925925925925926,AE1
800,1283,2083,0.6159385501680269,0.13314447592067988,-0.2031055900621118,AE1
738,1448,2186,0.6623970722781336,-0.0775,0.12860483242400625,AE1
687,982,1669,0.5883762732174955,-0.06910569105691057,-0.3218232044198895,AE1
711,967,1678,0.5762812872467223,0.034934497816593885,-0.015274949083503055,AE1
944,1569,2513,0.6243533625149223,0.32770745428973275,0.6225439503619442,AE1
765,1567,2332,0.6719554030874786,-0.1896186440677966,-0.0012746972594008922,AE1
842,1207,2049,0.5890678379697414,0.10065359477124183,-0.2297383535417996,AE1
718,1245,1963,0.6342333163525217,-0.14726840855106887,0.03148301574150787,AE1
680,1681,2361,0.7119864464210081,-0.052924791086350974,0.3502008032128514,AE1
843,1361,2204,0.617513611615245,0.23970588235294119,-0.19036287923854847,AE1
862,1052,1914,0.5496342737722049,0.022538552787663108,-0.22703894195444527,AE1
821,1660,2481,0.6690850463522773,-0.04756380510440835,0.5779467680608364,AE1
741,1487,2228,0.6674147217235189,-0.09744214372716199,-0.10421686746987951,AE1
737,1344,2081,0.6458433445458914,-0.005398110661268556,-0.09616677874915938,AE1
828,884,1712,0.5163551401869159,0.12347354138398914,-0.34226190476190477,AE1
698,1640,2338,0.7014542343883661,-0.1570048309178744,0.8552036199095022,AE1
700,1410,2110,0.6682464454976303,0.0028653295128939827,-0.1402439024390244,AE1
692,1208,1900,0.6357894736842106,-0.011428571428571429,-0.14326241134751774,AE1
884,803,1687,0.4759928867812685,0.2774566473988439,-0.3352649006622517,AE1
749,1654,2403,0.6883062838119018,-0.15271493212669685,1.0597758405977584,AE1
909,1242,2151,0.5774058577405857,0.2136181575433912,-0.24909310761789602,AE1
681,1200,1881,0.6379585326953748,-0.2508250825082508,-0.033816425120772944,AE1
661,1035,1696,0.6102594339622641,-0.02936857562408223,-0.1375,AE1
746,1473,2219,0.6638125281658405,0.12859304084720122,0.42318840579710143,AE1
699,1327,2026,0.6549851924975321,-0.06300268096514745,-0.09911744738628649,AE1
653,1131,1784,0.6339686098654709,-0.06580829756795423,-0.14770158251695553,AE1
777,1412,2189,0.645043398812243,0.18989280245022971,0.2484526967285588,AE1
868,1086,1954,0.5557830092118731,0.11711711711711711,-0.23087818696883852,AE1
687,996,1683,0.5918003565062389,-0.20852534562211983,-0.08287292817679558,AE1
724,756,1480,0.5108108108108108,0.053857350800582245,-0.24096385542168675,AE1
781,1604,2385,0.6725366876310273,0.0787292817679558,1.1216931216931216,AE1
814,1357,2171,0.6250575771533855,0.04225352112676056,-0.15399002493765587,AE1
870,968,1838,0.5266594124047879,0.0687960687960688,-0.2866617538688283,AE1
810,1649,2459,0.67059780398536,-0.06896551724137931,0.7035123966942148,AE1
805,1447,2252,0.6425399644760214,-0.006172839506172839,-0.12249848392965433,AE1
870,968,1838,0.5266594124047879,0.08074534161490683,-0.3310297166551486,AE1
744,1284,2028,0.6331360946745562,-0.14482758620689656,0.32644628099173556,AE1
748,1048,1796,0.5835189309576837,0.005376344086021506,-0.1838006230529595,AE1
891,1047,1938,0.5402476780185759,0.19117647058823528,-0.0009541984732824427,AE1
748,1048,1796,0.5835189309576837,-0.16049382716049382,0.0009551098376313276,AE1
703,1538,2241,0.6863007585899152,-0.06016042780748663,0.4675572519083969,AE1
759,1362,2121,0.6421499292786421,0.07965860597439545,-0.11443433029908973,AE1
678,1166,1844,0.6323210412147505,-0.1067193675889328,-0.14390602055800295,AE1
852,1107,1959,0.5650842266462481,0.25663716814159293,-0.05060034305317324,AE1
788,978,1766,0.5537938844847112,-0.07511737089201878,-0.11653116531165311,AE1
868,1404,2272,0.6179577464788732,0.10152284263959391,0.43558282208588955,AE1
848,1071,1919,0.5581031787389266,-0.02304147465437788,-0.23717948717948717,AE1
1056,1324,2380,0.5563025210084034,0.24528301886792453,0.23622782446311857,AE1
867,1145,2012,0.5690854870775348,-0.17897727272727273,-0.1351963746223565,AE1
807,1651,2458,0.6716842961757526,-0.06920415224913495,0.44192139737991265,AE1
809,928,1737,0.5342544617156016,0.0024783147459727386,-0.43791641429436706,AE1
844,1243,2087,0.5955917585050311,0.04326328800988875,0.3394396551724138,AE1
809,928,1737,0.5342544617156016,-0.041469194312796206,-0.25341914722445696,AE1
852,831,1683,0.49376114081996436,0.05315203955500618,-0.10452586206896551,AE1
760,1356,2116,0.6408317580340265,-0.107981220657277,0.631768953068592,AE1
812,914,1726,0.52954808806489,0.06842105263157895,-0.32595870206489674,AE1
818,1474,2292,0.6431064572425829,0.007389162561576354,0.612691466083151,AE1
928,869,1797,0.4835837506956038,0.13447432762836187,-0.41044776119402987,AE1
805,1548,2353,0.6578835529111772,-0.13254310344827586,0.7813578826237054,AE1
864,1029,1893,0.5435816164817749,0.07329192546583851,-0.33527131782945735,AE1
812,914,1726,0.52954808806489,-0.06018518518518518,-0.11175898931000972,AE1
814,1590,2404,0.6613976705490848,0.0024630541871921183,0.7396061269146609,AE1
857,1204,2061,0.58418243571082,0.052825552825552825,-0.24276729559748428,AE1
864,1029,1893,0.5435816164817749,0.008168028004667444,-0.14534883720930233,AE1
886,1615,2501,0.6457417033186725,0.02546296296296296,0.5694849368318756,AE1
835,1219,2054,0.5934761441090555,-0.05756207674943566,-0.2452012383900929,AE1
935,1645,2580,0.6375968992248062,0.11976047904191617,0.3494667760459393,AE1
887,1305,2192,0.5953467153284672,-0.051336898395721926,-0.2066869300911854,AE1
814,389,1203,0.3233582709891937,-0.08229988726042842,-0.7019157088122605,AE1
840,1403,2243,0.6255015604101649,0.03194103194103194,2.6066838046272496,AE1
835,1219,2054,0.5934761441090555,-0.005952380952380952,-0.13114754098360656,AE1
792,1034,1826,0.5662650602409639,-0.05149700598802395,-0.15176374077112387,AE1
838,1447,2285,0.6332603938730853,0.05808080808080808,0.3994197292069632,AE1
848,1094,1942,0.5633367662203913,0.011933174224343675,-0.24395300621976504,AE1
816,1591,2407,0.6609887827170752,-0.03773584905660377,0.45429616087751373,AE1
826,1163,1989,0.5847159376571142,0.012254901960784314,-0.2690131992457574,AE1
856,1304,2160,0.6037037037037037,0.03631961259079903,0.12123817712811694,AE1
848,1094,1942,0.5633367662203913,-0.009345794392523364,-0.16104294478527606,AE1
859,1007,1866,0.5396570203644159,0.012971698113207548,-0.07952468007312614,AE1
1073,1148,2221,0.5168842863574966,0.24912689173457508,0.1400198609731877,AE1
867,1495,2362,0.6329381879762913,-0.19198508853681268,0.30226480836236935,AE1
807,1671,2478,0.6743341404358354,-0.06920415224913495,0.1177257525083612,AE1
923,1536,2459,0.6246441642944286,0.14374225526641884,-0.0807899461400359,AE1
852,1095,1947,0.5624036979969184,-0.07692307692307693,-0.287109375,AE1
842,1545,2387,0.647255969836615,-0.011737089201877934,0.410958904109589,AE1
885,1065,1950,0.5461538461538461,0.0510688836104513,-0.3106796116504854,AE1
826,1027,1853,0.554236373448462,-0.06666666666666667,-0.03568075117370892,AE1
778,1549,2327,0.665663944993554,-0.05811138014527845,0.5082765335929893,AE1
1019,1692,2711,0.6241239395057174,0.3097686375321337,0.09231762427372499,AE1
854,1031,1885,0.5469496021220159,-0.1619234543670265,-0.39066193853427894,AE1
878,1474,2352,0.6267006802721088,0.02810304449648712,0.4296799224054316,AE1
837,1166,2003,0.582126809785322,-0.04669703872437358,-0.208955223880597,AE1
798,1684,2482,0.6784850926672039,-0.04659498207885305,0.444253859348199,AE1
856,1284,2140,0.6,0.07268170426065163,-0.2375296912114014,AE1
893,1342,2235,0.6004474272930649,0.04322429906542056,0.045171339563862926,AE1
886,720,1606,0.44831880448318806,-0.007838745800671893,-0.46348733233979134,AE1
854,1587,2441,0.6501433838590741,-0.03611738148984198,1.2041666666666666,AE1
916,1020,1936,0.5268595041322314,0.07259953161592506,-0.3572778827977316,AE1
728,1368,2096,0.6526717557251909,-0.2052401746724891,0.3411764705882353,AE1
818,1129,1947,0.5798664612223934,0.12362637362637363,-0.17470760233918128,AE1
651,1422,2073,0.6859623733719248,-0.2041564792176039,0.2595217006200177,AE1
744,988,1732,0.5704387990762124,0.14285714285714285,-0.30520393811533053,AE1
682,1297,1979,0.6553815058110156,-0.08333333333333333,0.31275303643724695,AE1
729,952,1681,0.5663295657346817,0.0689149560117302,-0.26599845797995375,AE1
747,1451,2198,0.6601455868971793,0.024691358024691357,0.5241596638655462,AE1
787,1135,1922,0.5905306971904266,0.0535475234270415,-0.21778084079944865,AE1
680,934,1614,0.5786864931846345,-0.13595933926302414,-0.17709251101321585,AE1
664,1412,2076,0.6801541425818882,-0.023529411764705882,0.5117773019271948,AE1
736,1044,1780,0.5865168539325842,0.10843373493975904,-0.26062322946175637,AE1
712,1583,2295,0.689760348583878,-0.03260869565217391,0.5162835249042146,AE1
510,674,1184,0.5692567567567568,-0.28370786516853935,-0.5742261528742894,AE1
688,1043,1731,0.6025418833044482,0.34901960784313724,0.5474777448071216,AE1
676,1513,2189,0.6911831886706259,-0.01744186046511628,0.4506232023010546,AE1
798,1281,2079,0.6161616161616161,0.1804733727810651,-0.1533377395902181,AE1
716,1020,1736,0.5875576036866359,-0.10275689223057644,-0.20374707259953162,AE1
778,1435,2213,0.6484410302756439,0.08659217877094973,0.4068627450980392,AE1
698,1292,1990,0.6492462311557788,-0.10282776349614396,-0.09965156794425087,AE1
685,966,1651,0.5850999394306481,-0.01862464183381089,-0.25232198142414863,AE1
706,1458,2164,0.6737523105360443,0.030656934306569343,0.5093167701863354,AE1
737,1233,1970,0.6258883248730964,0.043909348441926344,-0.15432098765432098,AE1
801,1536,2337,0.6572528883183568,0.08683853459972862,0.24574209245742093,AE1
670,1410,2080,0.6778846153846154,-0.16354556803995007,-0.08203125,AE1
690,1120,1810,0.6187845303867403,0.029850746268656716,-0.20567375886524822,AE1
717,1533,2250,0.6813333333333333,0.0391304347826087,0.36875,AE1
736,1353,2089,0.6476783149832456,0.026499302649930265,-0.11741682974559686,AE1
735,1058,1793,0.5900725041829337,-0.001358695652173913,-0.2180339985218034,AE1
728,1481,2209,0.6704391127206881,-0.009523809523809525,0.3998109640831758,AE1
695,1316,2011,0.6544007956240676,-0.04532967032967033,-0.11141120864280891,AE1
766,901,1667,0.5404919016196761,0.10215827338129496,-0.31534954407294835,AE1
996,1421,2417,0.5879189077368638,0.3002610966057441,0.5771365149833518,AE1
716,1336,2052,0.6510721247563352,-0.28112449799196787,-0.059817030260380016,AE1
727,1043,1770,0.5892655367231638,0.015363128491620111,-0.21931137724550898,AE1
770,1360,2130,0.6384976525821596,0.059147180192572216,0.30393096836049854,AE1
751,1040,1791,0.5806811836962591,-0.024675324675324677,-0.23529411764705882,AE1
717,1482,2199,0.6739427012278308,-0.045272969374167776,0.425,AE1
791,1166,1957,0.5958099131323454,0.10320781032078104,-0.21322537112010798,AE1
649,1025,1674,0.6123058542413381,-0.179519595448799,-0.120926243567753,AE1
864,1494,2358,0.6335877862595419,0.3312788906009245,0.4575609756097561,AE1
926,1208,2134,0.5660731021555764,0.07175925925925926,-0.19143239625167335,AE1
821,1070,1891,0.5658381808566896,-0.11339092872570194,-0.11423841059602649,AE1
752,1549,2301,0.6731855714906563,-0.08404384896467722,0.44766355140186914,AE1
840,1185,2025,0.5851851851851851,0.11702127659574468,-0.23499031633311815,AE1
728,1286,2014,0.6385302879841113,-0.13333333333333333,0.08523206751054853,AE1
796,940,1736,0.5414746543778802,0.09340659340659341,-0.2690513219284603,AE1
769,1398,2167,0.6451315182279649,-0.03391959798994975,0.48723404255319147,AE1
709,1157,1866,0.620042872454448,-0.07802340702210664,-0.17238912732474965,AE1
711,1449,2160,0.6708333333333333,0.0028208744710860366,0.25237683664649957,AE1
655,1330,1985,0.6700251889168766,-0.07876230661040788,-0.0821256038647343,AE1
820,1139,1959,0.5814190913731496,0.25190839694656486,-0.14360902255639096,AE1
689,1582,2271,0.6966094231616028,-0.1597560975609756,0.38893766461808604,AE1
691,1168,1859,0.628294782140936,0.002902757619738752,-0.26169405815423513,AE1
658,939,1597,0.5879774577332498,-0.04775687409551375,-0.19606164383561644,AE1
747,1610,2357,0.6830717013152312,0.135258358662614,0.7145899893503728,AE1
645,1388,2033,0.6827348745696016,-0.13654618473895583,-0.13788819875776398,AE1
708,1144,1852,0.6177105831533477,0.09767441860465116,-0.17579250720461095,AE1
691,1497,2188,0.6841864716636198,-0.02401129943502825,0.30856643356643354,AE1
912,1073,1985,0.5405541561712847,0.31982633863965265,-0.2832331329325317,AE1
688,1006,1694,0.5938606847697757,-0.24561403508771928,-0.06244175209692451,AE1
707,1441,2148,0.6708566108007449,0.027616279069767442,0.43240556660039764,AE1
712,1109,1821,0.6090060406370126,0.007072135785007072,-0.23039555863983344,AE1
858,1522,2380,0.6394957983193277,0.2050561797752809,0.37240757439134353,AE1
735,1440,2175,0.6620689655172414,-0.14335664335664336,-0.05387647831800263,AE1
721,1064,1785,0.596078431372549,-0.01904761904761905,-0.2611111111111111,AE1
997,1585,2582,0.6138652207591014,0.3828016643550624,0.48966165413533835,AE1
797,1474,2271,0.6490532804931748,-0.20060180541624875,-0.07003154574132492,AE1
704,1310,2014,0.6504468718967229,-0.11668757841907151,-0.1112618724559023,AE1
716,1006,1722,0.5842044134727061,0.017045454545454544,-0.23206106870229007,AE1
649,1603,2252,0.7118117229129662,-0.0935754189944134,0.5934393638170974,AE1
685,1247,1932,0.6454451345755694,0.05546995377503852,-0.22208359326263255,AE1
695,990,1685,0.5875370919881305,0.014598540145985401,-0.20609462710505214,AE1
720,1434,2154,0.6657381615598886,0.03597122302158273,0.4484848484848485,AE1
759,1087,1846,0.5888407367280607,0.05416666666666667,-0.2419804741980474,AE1
669,908,1577,0.5757767913760304,-0.11857707509881422,-0.16467341306347746,AE1
759,1567,2326,0.673688736027515,0.13452914798206278,0.7257709251101322,AE1
765,1319,2084,0.6329174664107485,0.007905138339920948,-0.15826419910657308,AE1
705,1082,1787,0.6054840514829323,-0.0784313725490196,-0.17968157695223655,AE1
788,1472,2260,0.6513274336283186,0.11773049645390071,0.36044362292051757,AE1
734,1240,1974,0.6281661600810537,-0.06852791878172589,-0.15760869565217392,AE1
749,979,1728,0.5665509259259259,0.020435967302452316,-0.21048387096774193,AE1
806,1348,2154,0.6258124419684308,0.07610146862483311,0.3769152196118488,AE1
742,1154,1896,0.6086497890295358,-0.0794044665012407,-0.14391691394658754,AE1
692,890,1582,0.5625790139064475,-0.0673854447439353,-0.22876949740034663,AE1
861,1450,2311,0.6274340112505409,0.24421965317919075,0.6292134831460674,AE1
686,1445,2131,0.678085405912717,-0.2032520325203252,-0.0034482758620689655,AE1
693,1061,1754,0.604903078677309,0.01020408163265306,-0.2657439446366782,AE1
1158,1480,2638,0.5610310841546626,0.670995670995671,0.39491046182846373,AE1
846,1250,2096,0.5963740458015268,-0.2694300518134715,-0.1554054054054054,AE1
744,1889,2633,0.7174325864033422,0,0,AE2
806,1485,2291,0.6481885639458752,0.08333333333333333,-0.2138697723663314,AE2
668,1497,2165,0.6914549653579677,-0.17121588089330025,0.00808080808080808,AE2
612,2145,2757,0.7780195865070729,-0.08383233532934131,0.43286573146292584,AE2
660,1988,2648,0.7507552870090635,0.0784313725490196,-0.07319347319347319,AE2
805,1510,2315,0.652267818574514,0.2196969696969697,-0.24044265593561368,AE2
683,1433,2116,0.6772211720226843,-0.1515527950310559,-0.05099337748344371,AE2
745,2177,2922,0.7450376454483231,0.09077598828696926,0.5191905094207956,AE2
714,1642,2356,0.6969439728353141,-0.04161073825503356,-0.245751033532384,AE2
739,1540,2279,0.6757349714787187,0.0350140056022409,-0.06211936662606577,AE2
742,1246,1988,0.6267605633802817,0.0040595399188092015,-0.19090909090909092,AE2
742,1241,1983,0.6258194654563792,0.0,-0.0040128410914927765,AE2
724,2116,2840,0.7450704225352113,-0.02425876010781671,0.7050765511684126,AE2
843,1842,2685,0.6860335195530727,0.1643646408839779,-0.12948960302457466,AE2
673,1721,2394,0.7188805346700083,-0.20166073546856464,-0.06568946796959826,AE2
802,1363,2165,0.6295612009237875,0.19167904903417535,-0.20801859384079024,AE2
764,1251,2015,0.6208436724565757,-0.04738154613466334,-0.08217168011738811,AE2
720,1406,2126,0.6613358419567262,-0.05759162303664921,0.12390087929656275,AE2
688,1230,1918,0.6412930135557873,-0.044444444444444446,-0.1251778093883357,AE2
699,2062,2761,0.7468308583846432,0.015988372093023256,0.6764227642276422,AE2
710,1862,2572,0.723950233281493,0.015736766809728183,-0.09699321047526673,AE2
712,1650,2362,0.6985605419136325,0.0028169014084507044,-0.11385606874328678,AE2
698,1460,2158,0.6765523632993512,-0.019662921348314606,-0.11515151515151516,AE2
713,1314,2027,0.6482486433152442,0.02148997134670487,-0.1,AE2
683,2194,2877,0.7625999304831421,-0.04207573632538569,0.669710806697108,AE2
715,1448,2163,0.6694405917706888,0.04685212298682284,-0.34001823154056515,AE2
715,1202,1917,0.6270213875847679,0.0,-0.16988950276243095,AE2
759,2083,2842,0.7329345531315975,0.06153846153846154,0.7329450915141431,AE2
673,2008,2681,0.7489742633345766,-0.11330698287220026,-0.03600576092174748,AE2
901,1509,2410,0.6261410788381743,0.3387815750371471,-0.24850597609561753,AE2
707,1613,2320,0.6952586206896552,-0.2153163152053274,0.06891981444665342,AE2
741,1255,1996,0.6287575150300602,0.04809052333804809,-0.22194668319900807,AE2
714,1937,2651,0.7306676725763863,-0.03643724696356275,0.5434262948207171,AE2
753,2002,2755,0.7266787658802177,0.0546218487394958,0.03355704697986577,AE2
735,1778,2513,0.7075208913649025,-0.02390438247011952,-0.11188811188811189,AE2
705,1776,2481,0.7158403869407497,-0.04081632653061224,-0.0011248593925759281,AE2
857,1301,2158,0.602873030583874,0.21560283687943263,-0.26745495495495497,AE2
770,1402,2172,0.64548802946593,-0.10151691948658109,0.07763259031514219,AE2
799,1942,2741,0.7085005472455308,0.03766233766233766,0.38516405135520687,AE2
698,1877,2575,0.7289320388349515,-0.12640801001251564,-0.03347064881565397,AE2
682,1796,2478,0.7247780468119451,-0.022922636103151862,-0.043153969099627064,AE2
835,1448,2283,0.6342531756460797,0.22434017595307917,-0.19376391982182628,AE2
737,2173,2910,0.7467353951890034,-0.11736526946107785,0.5006906077348067,AE2
730,1954,2684,0.7280178837555886,-0.009497964721845319,-0.10078232857800276,AE2
704,1976,2680,0.7373134328358208,-0.03561643835616438,0.011258955987717503,AE2
727,1521,2248,0.6766014234875445,0.032670454545454544,-0.23026315789473684,AE2
752,1230,1982,0.62058526740666,0.0343878954607978,-0.1913214990138067,AE2
727,1521,2248,0.6766014234875445,-0.03324468085106383,0.23658536585365852,AE2
906,1940,2846,0.6816584680252986,0.24621733149931224,0.2754766600920447,AE2
716,1925,2641,0.7288905717531238,-0.2097130242825607,-0.007731958762886598,AE2
745,1381,2126,0.6495766698024459,0.040502793296089384,-0.2825974025974026,AE2
688,1284,1972,0.6511156186612576,-0.07651006711409396,-0.07023895727733527,AE2
651,2154,2805,0.7679144385026738,-0.05377906976744186,0.677570093457944,AE2
684,1904,2588,0.7357032457496137,0.05069124423963134,-0.11606313834726091,AE2
821,1454,2275,0.6391208791208791,0.20029239766081872,-0.23634453781512604,AE2
745,1381,2126,0.6495766698024459,-0.0925700365408039,-0.050206327372764786,AE2
803,1283,2086,0.6150527325023969,0.07785234899328859,-0.07096307023895727,AE2
760,2013,2773,0.725928597187162,-0.053549190535491904,0.568978955572876,AE2
647,1807,2454,0.7363488182559087,-0.14868421052631578,-0.10233482364629906,AE2
721,1674,2395,0.698956158663883,0.1143740340030912,-0.07360265633646929,AE2
702,1324,2026,0.6535044422507403,-0.026352288488210817,-0.20908004778972522,AE2
646,1270,1916,0.662839248434238,-0.07977207977207977,-0.04078549848942598,AE2
714,2246,2960,0.7587837837837837,0.10526315789473684,0.768503937007874,AE2
702,1324,2026,0.6535044422507403,-0.01680672268907563,-0.41050756901157615,AE2
743,2196,2939,0.7471929227628445,0.0584045584045584,0.6586102719033232,AE2
716,1889,2605,0.7251439539347408,-0.03633916554508748,-0.13979963570127504,AE2
706,1613,2319,0.6955584303579129,-0.013966480446927373,-0.14610905240868186,AE2
659,1300,1959,0.6636038795303726,-0.06657223796033994,-0.1940483570985741,AE2
669,1259,1928,0.6530082987551867,0.015174506828528073,-0.031538461538461536,AE2
708,2255,2963,0.7610529868376645,0.05829596412556054,0.7911040508339953,AE2
625,1454,2079,0.6993746993746994,-0.1172316384180791,-0.3552106430155211,AE2
732,2194,2926,0.7498291182501708,0.1712,0.5089408528198074,AE2
720,1980,2700,0.7333333333333333,-0.01639344262295082,-0.097538742023701,AE2
749,1740,2489,0.6990759341100844,0.04027777777777778,-0.12121212121212122,AE2
710,1687,2397,0.703796412181894,-0.0520694259012016,-0.03045977011494253,AE2
663,1399,2062,0.6784675072744908,-0.06619718309859154,-0.17071724955542383,AE2
703,1269,1972,0.6435091277890467,0.06033182503770739,-0.09292351679771266,AE2
815,2022,2837,0.712724709199859,0.1593172119487909,0.5933806146572104,AE2
775,1966,2741,0.7172564757387815,-0.049079754601226995,-0.027695351137487636,AE2
760,2180,2940,0.7414965986394558,-0.01935483870967742,0.10885045778229908,AE2
578,1890,2468,0.7658022690437601,-0.2394736842105263,-0.13302752293577982,AE2
663,1399,2062,0.6784675072744908,0.14705882352941177,-0.2597883597883598,AE2
688,1694,2382,0.7111670864819479,0.03770739064856712,0.21086490350250178,AE2
660,1500,2160,0.6944444444444444,-0.040697674418604654,-0.11452184179456906,AE2
705,1285,1990,0.6457286432160804,0.06818181818181818,-0.14333333333333334,AE2
639,1995,2634,0.7574031890660592,-0.09361702127659574,0.5525291828793775,AE2
759,1808,2567,0.7043241137514609,0.18779342723004694,-0.093734335839599,AE2
748,1589,2337,0.6799315361574668,-0.014492753623188406,-0.12112831858407079,AE2
662,1441,2103,0.6852116024726581,-0.11497326203208556,-0.09314033983637508,AE2
703,1884,2587,0.7282566679551604,0.061933534743202415,0.30742539902845245,AE2
670,1679,2349,0.7147722435078757,-0.04694167852062589,-0.10881104033970276,AE2
691,1440,2131,0.675739089629282,0.03134328358208955,-0.14234663490172722,AE2
725,1973,2698,0.7312824314306894,0.049204052098408106,0.3701388888888889,AE2
725,1945,2670,0.7284644194756554,0.0,-0.01419158641662443,AE2
682,1861,2543,0.7318128195045223,-0.05931034482758621,-0.043187660668380465,AE2
914,1284,2198,0.5841674249317561,0.34017595307917886,-0.31004836109618483,AE2
652,1293,1945,0.6647814910025707,-0.28665207877461707,0.007009345794392523,AE2
719,2072,2791,0.7423862414905052,0.10276073619631902,0.6024748646558391,AE2
691,1855,2546,0.7285938727415554,-0.03894297635605007,-0.10472972972972973,AE2
835,1574,2409,0.6533831465338314,0.20839363241678727,-0.15148247978436657,AE2
764,1374,2138,0.6426566884939195,-0.08502994011976048,-0.12706480304955528,AE2
667,1321,1988,0.6644869215291751,-0.12696335078534032,-0.03857350800582242,AE2
662,2293,2955,0.7759729272419628,-0.0074962518740629685,0.7358062074186222,AE2
702,1997,2699,0.7399036680251945,0.06042296072507553,-0.12908853030963802,AE2
792,1832,2624,0.698170731707317,0.1282051282051282,-0.08262393590385578,AE2
731,1570,2301,0.6823120382442416,-0.07702020202020202,-0.14301310043668122,AE2
687,1498,2185,0.6855835240274599,-0.060191518467852256,-0.045859872611464965,AE2
684,2279,2963,0.7691528855889301,-0.004366812227074236,0.5213618157543392,AE2
681,1994,2675,0.7454205607476635,-0.0043859649122807015,-0.12505484861781482,AE2
677,1713,2390,0.7167364016736402,-0.005873715124816446,-0.14092276830491474,AE2
639,1399,2038,0.6864573110893032,-0.056129985228951254,-0.1833041447752481,AE2
796,2316,3112,0.7442159383033419,0.24569640062597808,0.6554681915654038,AE2
656,2145,2801,0.7657979293109604,-0.17587939698492464,-0.07383419689119171,AE2
723,1946,2669,0.7291120269763957,0.10213414634146341,-0.09277389277389278,AE2
746,1605,2351,0.6826882177796683,0.0318118948824343,-0.17523124357656733,AE2
720,1373,2093,0.6559961777353082,-0.03485254691689008,-0.14454828660436136,AE2
707,2386,3093,0.7714193339799548,-0.018055555555555554,0.7378004369992717,AE2
703,2002,2705,0.7401109057301294,-0.005657708628005658,-0.16093880972338642,AE2
664,1816,2480,0.7322580645161291,-0.05547652916073969,-0.09290709290709291,AE2
779,1469,2248,0.6534697508896797,0.17319277108433734,-0.191079295154185,AE2
659,1380,2039,0.6768023540951447,-0.1540436456996149,-0.0605854322668482,AE2
681,2164,2845,0.7606326889279438,0.03338391502276176,0.5681159420289855,AE2
712,1902,2614,0.7276205049732212,0.04552129221732746,-0.12107208872458411,AE2
825,1515,2340,0.6474358974358975,0.15870786516853932,-0.20347003154574134,AE2
735,1426,2161,0.6598796853308654,-0.10909090909090909,-0.058745874587458745,AE2
816,2266,3082,0.7352368591823492,0.11020408163265306,0.5890603085553997,AE2
736,2143,2879,0.7443556790552275,-0.09803921568627451,-0.054280670785525155,AE2
811,1900,2711,0.700848395426042,0.10190217391304347,-0.11339244050396641,AE2
849,1519,2368,0.6414695945945946,0.0468557336621455,-0.2005263157894737,AE2
728,1565,2293,0.6825119930222416,-0.1425206124852768,0.030283080974325215,AE2
815,2380,3195,0.7449139280125195,0.11950549450549451,0.5207667731629393,AE2
797,1904,2701,0.7049241021843762,-0.022085889570552148,-0.2,AE2
699,1835,2534,0.7241515390686661,-0.12296110414052698,-0.03623949579831933,AE2
747,1993,2740,0.7273722627737226,0.06866952789699571,0.08610354223433242,AE2
760,1624,2384,0.6812080536912751,0.01740294511378849,-0.1851480180632213,AE2
977,1224,2201,0.5561108587005906,0.2855263157894737,-0.24630541871921183,AE2
680,1243,1923,0.6463858554342173,-0.3039918116683726,0.015522875816993464,AE2
777,1972,2749,0.7173517642779192,0.1426470588235294,0.586484312148029,AE2
769,1851,2620,0.7064885496183206,-0.010296010296010296,-0.06135902636916836,AE2
743,1671,2414,0.6922120961060481,-0.033810143042912875,-0.09724473257698542,AE2
752,1432,2184,0.6556776556776557,0.012113055181695828,-0.14302812687013763,AE2
702,1247,1949,0.6398152898922524,-0.06648936170212766,-0.12918994413407822,AE2
727,2216,2943,0.7529731566428814,0.03561253561253561,0.7770649558941459,AE2
822,1782,2604,0.684331797235023,0.13067400275103164,-0.19584837545126355,AE2
825,1578,2403,0.6566791510611736,0.0036496350364963502,-0.11447811447811448,AE2
735,1381,2116,0.6526465028355387,-0.10909090909090909,-0.12484157160963244,AE2
754,1260,2014,0.6256206554121152,0.02585034013605442,-0.08761766835626358,AE2
792,2239,3031,0.7387000989772352,0.050397877984084884,0.776984126984127,AE2
800,1975,2775,0.7117117117117117,0.010101010101010102,-0.11790978115230014,AE2
711,1805,2516,0.7174085850556439,-0.11125,-0.08607594936708861,AE2
733,1765,2498,0.7065652522017614,0.030942334739803096,-0.0221606648199446,AE2
710,1562,2272,0.6875,-0.03137789904502047,-0.115014164305949,AE2
656,1503,2159,0.6961556276053729,-0.07605633802816901,-0.03777208706786172,AE2
705,2175,2880,0.7552083333333334,0.07469512195121951,0.4471057884231537,AE2
731,1711,2442,0.7006552006552007,0.03687943262411347,-0.21333333333333335,AE2
741,1428,2169,0.6583679114799447,0.013679890560875513,-0.16540035067212155,AE2
776,1223,1999,0.6118059029514757,0.04723346828609987,-0.14355742296918766,AE2
793,2321,3114,0.7453436095054592,0.02190721649484536,0.8977923139820114,AE2
681,1978,2659,0.7438886799548703,-0.14123581336696092,-0.14778112882378286,AE2
690,1517,2207,0.6873584050747621,0.013215859030837005,-0.23306370070778565,AE2
713,1325,2038,0.6501472031403337,0.03333333333333333,-0.12656558998022413,AE2
736,1234,1970,0.6263959390862944,0.03225806451612903,-0.06867924528301887,AE2
695,2077,2772,0.7492784992784993,-0.05570652173913043,0.6831442463533225,AE2
750,1716,2466,0.6958637469586375,0.07913669064748201,-0.1738083774675012,AE2
809,1431,2240,0.6388392857142857,0.07866666666666666,-0.1660839160839161,AE2
702,1463,2165,0.6757505773672056,-0.13226205191594562,0.02236198462613557,AE2
717,1333,2050,0.6502439024390244,0.021367521367521368,-0.08885850991114148,AE2
920,2081,3001,0.6934355214928357,0.28312412831241285,0.5611402850712678,AE2
748,2095,2843,0.7368976433345058,-0.18695652173913044,0.006727534839019702,AE2
696,1874,2570,0.7291828793774319,-0.06951871657754011,-0.1054892601431981,AE2
717,1333,2050,0.6502439024390244,0.03017241379310345,-0.2886872998932764,AE2
751,1705,2456,0.6942182410423453,0.04741980474198047,0.27906976744186046,AE2
727,1593,2320,0.6866379310344828,-0.03195739014647137,-0.0656891495601173,AE2
663,1388,2051,0.6767430521696733,-0.08803301237964237,-0.12868801004394226,AE2
731,2318,3049,0.7602492620531321,0.10256410256410256,0.670028818443804,AE2
691,2233,2924,0.7636798905608755,-0.05471956224350205,-0.036669542709232096,AE2
667,2035,2702,0.7531458179126573,-0.03473227206946455,-0.08866995073891626,AE2
712,1770,2482,0.7131345688960515,0.06746626686656672,-0.13022113022113022,AE2
720,1440,2160,0.6666666666666666,0.011235955056179775,-0.1864406779661017,AE2
670,1384,2054,0.6738072054527751,-0.06944444444444445,-0.03888888888888889,AE2
730,1484,2214,0.6702800361336947,0.08955223880597014,0.07225433526011561,AE2
679,1473,2152,0.6844795539033457,-0.06986301369863014,-0.007412398921832884,AE2
697,2202,2899,0.7595722662987237,0.026509572901325478,0.49490835030549896,AE2
734,1943,2677,0.7258124766529698,0.05308464849354376,-0.11762034514078111,AE2
851,1614,2465,0.6547667342799188,0.15940054495912806,-0.16932578486875965,AE2
758,1488,2246,0.6625111308993766,-0.10928319623971798,-0.07806691449814127,AE2
736,2038,2774,0.7346791636625811,-0.029023746701846966,0.3696236559139785,AE2
735,1913,2648,0.7224320241691843,-0.001358695652173913,-0.061334641805691856,AE2
653,1597,2250,0.7097777777777777,-0.11156462585034013,-0.1651855723993727,AE2
676,1492,2168,0.6881918819188192,0.03522205206738132,-0.06574827802128992,AE2
728,1306,2034,0.6420845624385447,0.07692307692307693,-0.12466487935656836,AE2
982,2078,3060,0.6790849673202615,0.3489010989010989,0.5911179173047473,AE2
818,2099,2917,0.71957490572506,-0.1670061099796334,0.01010587102983638,AE2
683,1878,2561,0.7333073018352206,-0.16503667481662593,-0.10528823249166269,AE2
772,1656,2428,0.6820428336079077,0.13030746705710103,-0.1182108626198083,AE2
656,1531,2187,0.7000457247370827,-0.15025906735751296,-0.07548309178743962,AE2
787,2331,3118,0.7475946119307249,0.19969512195121952,0.5225342913128674,AE2
734,1628,2362,0.6892464013547841,-0.06734434561626429,-0.30158730158730157,AE2
696,1890,2586,0.7308584686774942,-0.051771117166212535,0.16093366093366093,AE2
720,1678,2398,0.6997497914929107,0.034482758620689655,-0.11216931216931217,AE2
672,1329,2001,0.664167916041979,-0.06666666666666667,-0.20798569725864124,AE2
812,1974,2786,0.7085427135678392,0.20833333333333334,0.4853273137697517,AE2
786,1767,2553,0.6921269095182139,-0.03201970443349754,-0.10486322188449848,AE2
724,1584,2308,0.6863084922010398,-0.07888040712468193,-0.1035653650254669,AE2
696,1324,2020,0.6554455445544555,-0.03867403314917127,-0.16414141414141414,AE2
680,2061,2741,0.7519153593578985,-0.022988505747126436,0.5566465256797583,AE2
719,1738,2457,0.7073667073667074,0.057352941176470586,-0.1567200388161087,AE2
707,1443,2150,0.6711627906976744,-0.016689847009735744,-0.16973532796317606,AE2
747,1228,1975,0.6217721518987341,0.056577086280056574,-0.14899514899514898,AE2
767,2187,2954,0.7403520649966148,0.02677376171352075,0.7809446254071661,AE2
723,1950,2673,0.7295173961840629,-0.05736636245110821,-0.1083676268861454,AE2
766,1599,2365,0.6761099365750528,0.059474412171507604,-0.18,AE2
757,1374,2131,0.6447677146879399,-0.01174934725848564,-0.14071294559099437,AE2
645,1661,2306,0.720294882914137,-0.14795244385733158,0.2088791848617176,AE2
783,1730,2513,0.6884202148826104,0.21395348837209302,0.041541240216736906,AE2
724,1489,2213,0.6728422955264347,-0.07535121328224777,-0.1393063583815029,AE2
732,1246,1978,0.6299292214357938,0.011049723756906077,-0.16319677635997312,AE2
733,1746,2479,0.7043162565550625,0.001366120218579235,0.4012841091492777,AE2
749,1491,2240,0.665625,0.021828103683492497,-0.14604810996563575,AE2
759,1250,2009,0.6222000995520159,0.01335113484646195,-0.16163648558014757,AE2
765,1907,2672,0.7136976047904192,0.007905138339920948,0.5256,AE2
721,1754,2475,0.7086868686868687,-0.05751633986928104,-0.08023072889355008,AE2
709,1392,2101,0.6625416468348405,-0.016643550624133148,-0.2063854047890536,AE2
699,1857,2556,0.7265258215962441,-0.014104372355430184,0.33405172413793105,AE2
669,1639,2308,0.7101386481802426,-0.04291845493562232,-0.11739364566505116,AE2
755,1249,2004,0.623253493013972,0.12855007473841554,-0.23794996949359365,AE2
813,1755,2568,0.6834112149532711,0.07682119205298013,0.40512409927942356,AE2
791,1449,2240,0.646875,-0.02706027060270603,-0.17435897435897435,AE2
788,1922,2710,0.7092250922509226,-0.0037926675094816687,0.32643202208419597,AE2
759,1670,2429,0.6875257307533965,-0.03680203045685279,-0.13111342351716962,AE2
757,1390,2147,0.6474149976711691,-0.002635046113306983,-0.16766467065868262,AE2
833,1738,2571,0.676001555814858,0.10039630118890357,0.2503597122302158,AE2
768,1542,2310,0.6675324675324675,-0.07803121248499399,-0.11277330264672036,AE2
954,1588,2542,0.6247049567269867,0.2421875,0.029831387808041506,AE2
786,1479,2265,0.6529801324503312,-0.1761006289308176,-0.06863979848866499,AE2
799,1871,2670,0.700749063670412,0.01653944020356234,0.2650439486139283,AE2
728,1689,2417,0.6988001654944146,-0.08886107634543179,-0.09727418492784608,AE2
1008,1233,2241,0.5502008032128514,0.38461538461538464,-0.2699822380106572,AE2
650,1957,2607,0.7506712696586114,-0.3551587301587302,0.5871857258718572,AE2
665,1671,2336,0.7153253424657534,0.023076923076923078,-0.14614205416453754,AE2
754,1296,2050,0.6321951219512195,0.13383458646616542,-0.2244165170556553,AE2
832,1687,2519,0.6697102024612942,0.10344827586206896,0.30169753086419754,AE2
742,1507,2249,0.6700755891507336,-0.10817307692307693,-0.10669828097213989,AE2
799,1294,2093,0.6182513139034879,0.07681940700808626,-0.14134041141340412,AE2
775,1988,2763,0.7195077813970322,-0.030037546933667083,0.5363214837712519,AE2
703,1941,2644,0.7341149773071104,-0.09290322580645162,-0.023641851106639838,AE2
672,1266,1938,0.653250773993808,-0.044096728307254626,-0.34775888717156106,AE2
690,1948,2638,0.7384382107657316,0.026785714285714284,0.5387045813586098,AE2
654,1634,2288,0.7141608391608392,-0.05217391304347826,-0.16119096509240247,AE2
675,1230,1905,0.6456692913385826,0.03211009174311927,-0.24724602203182375,AE2
686,1926,2612,0.7373660030627871,0.016296296296296295,0.5658536585365853,AE2
642,1717,2359,0.7278507842306062,-0.0641399416909621,-0.10851505711318796,AE2
668,1622,2290,0.7082969432314411,0.040498442367601244,-0.0553290623179965,AE2
664,1931,2595,0.7441233140655106,-0.005988023952095809,0.1905055487053021,AE2
782,1494,2276,0.656414762741652,0.17771084337349397,-0.22630761263593993,AE2
655,1342,1997,0.6720080120180271,-0.16240409207161124,-0.10174029451137885,AE2
793,1666,2459,0.6775111834078894,0.21068702290076335,0.2414307004470939,AE2
783,1417,2200,0.644090909090909,-0.012610340479192938,-0.14945978391356543,AE2
709,1258,1967,0.6395526182003051,-0.09450830140485313,-0.1122088920254058,AE2
742,1964,2706,0.7257945306725795,0.0465444287729196,0.56120826709062,AE2
675,1813,2488,0.7286977491961415,-0.09029649595687332,-0.07688391038696538,AE2
677,1410,2087,0.6756109247724006,0.002962962962962963,-0.2222835079977937,AE2
838,1603,2441,0.6566980745596067,0.2378138847858198,0.13687943262411348,AE2
702,1445,2147,0.6730321378667908,-0.162291169451074,-0.09856519026824703,AE2
888,1642,2530,0.6490118577075099,0.26495726495726496,0.13633217993079585,AE2
708,1572,2280,0.6894736842105263,-0.20270270270270271,-0.04263093788063337,AE2
771,1247,2018,0.6179385530227949,0.08898305084745763,-0.20674300254452926,AE2
645,1833,2478,0.7397094430992736,-0.16342412451361868,0.4699278267842823,AE2
733,1477,2210,0.6683257918552036,0.13643410852713178,-0.19421713038734315,AE2
690,1208,1898,0.6364594309799789,-0.058663028649386086,-0.18212593094109683,AE2
730,1669,2399,0.6957065443934973,0.057971014492753624,0.38162251655629137,AE2
745,1392,2137,0.6513804398689752,0.02054794520547945,-0.16596764529658478,AE2
762,1809,2571,0.7036172695449242,0.022818791946308724,0.2995689655172414,AE2
845,1499,2344,0.639505119453925,0.1089238845144357,-0.17136539524599226,AE2
844,1268,2112,0.6003787878787878,-0.001183431952662722,-0.15410273515677117,AE2
706,1798,2504,0.7180511182108626,-0.16350710900473933,0.41798107255520506,AE2
678,1530,2208,0.6929347826086957,-0.039660056657223795,-0.14905450500556172,AE2
708,1280,1988,0.6438631790744467,0.04424778761061947,-0.16339869281045752,AE2
790,1909,2699,0.7072989996294924,0.11581920903954802,0.49140625,AE2
674,1749,2423,0.7218324391250516,-0.1468354430379747,-0.08381351492928235,AE2
731,1429,2160,0.6615740740740741,0.08456973293768547,-0.18296169239565466,AE2
733,1409,2142,0.657796451914099,0.0027359781121751026,-0.013995801259622114,AE2
712,1927,2639,0.7302008336491095,-0.0286493860845839,0.36763662171753014,AE2
744,1594,2338,0.6817792985457656,0.0449438202247191,-0.17280747275557862,AE2
843,1759,2602,0.6760184473481937,0.13306451612903225,0.10351317440401506,AE2
747,1490,2237,0.6660706303084488,-0.11387900355871886,-0.15292779988629904,AE2
844,1175,2019,0.5819712729073799,0.12985274431057564,-0.21140939597315436,AE2
782,1727,2509,0.6883220406536469,-0.07345971563981042,0.4697872340425532,AE2
704,1497,2201,0.680145388459791,-0.09974424552429667,-0.13317892298784018,AE2
682,1220,1902,0.6414300736067298,-0.03125,-0.1850367401469606,AE2
744,2101,2845,0.7384885764499122,0.09090909090909091,0.7221311475409836,AE2
754,1600,2354,0.6796941376380629,0.013440860215053764,-0.23845787720133269,AE2
704,1356,2060,0.658252427184466,-0.06631299734748011,-0.1525,AE2
788,1749,2537,0.689396925502562,0.11931818181818182,0.28982300884955753,AE2
675,1572,2247,0.6995994659546061,-0.1434010152284264,-0.10120068610634649,AE2
775,1258,2033,0.6187899655681259,0.14814814814814814,-0.19974554707379136,AE2
710,1773,2483,0.7140555779299235,-0.08387096774193549,0.4093799682034976,AE2
899,1359,2258,0.6018600531443755,0.2661971830985915,-0.233502538071066,AE2
807,1836,2643,0.6946651532349603,-0.10233592880978866,0.3509933774834437,AE2
722,1231,1953,0.6303123399897593,-0.10532837670384139,-0.329520697167756,AE2
741,1315,2056,0.6395914396887159,0,0,AE3
787,1207,1994,0.6053159478435306,0.0620782726045884,-0.08212927756653993,AE3
787,1624,2411,0.6735794276233927,0.0,0.34548467274233635,AE3
783,850,1633,0.5205143906919779,-0.005082592121982211,-0.4766009852216749,AE3
821,1322,2143,0.6168922071861875,0.04853128991060025,0.5552941176470588,AE3
691,1938,2629,0.7371624191707874,-0.15834348355663824,0.4659606656580938,AE3
782,991,1773,0.5589396503102086,0.1316931982633864,-0.4886480908152735,AE3
754,1456,2210,0.6588235294117647,-0.03580562659846547,0.4692230070635722,AE3
914,1730,2644,0.6543116490166414,0.21220159151193635,0.18818681318681318,AE3
766,1106,1872,0.5908119658119658,-0.16192560175054704,-0.3606936416184971,AE3
714,1554,2268,0.6851851851851852,-0.06788511749347259,0.4050632911392405,AE3
805,1919,2724,0.7044787077826725,0.12745098039215685,0.2348777348777349,AE3
719,1191,1910,0.6235602094240837,-0.10683229813664596,-0.37936425221469516,AE3
781,1633,2414,0.6764705882352942,0.08623087621696801,0.3711167086481948,AE3
793,2029,2822,0.7189936215450036,0.015364916773367477,0.2424984690753215,AE3
705,1249,1954,0.6392016376663255,-0.11097099621689786,-0.38442582552981763,AE3
924,1547,2471,0.6260623229461756,0.31063829787234043,0.23859087269815854,AE3
702,928,1630,0.5693251533742332,-0.24025974025974026,-0.4001292824822237,AE3
684,1625,2309,0.70376786487657,-0.02564102564102564,0.7510775862068966,AE3
681,1868,2549,0.7328364064338957,-0.0043859649122807015,0.14953846153846154,AE3
682,1003,1685,0.5952522255192878,0.0014684287812041115,-0.46306209850107066,AE3
739,1441,2180,0.6610091743119266,0.08357771260997067,0.43668993020937186,AE3
713,1882,2595,0.7252408477842004,-0.035182679296346414,0.3060374739764053,AE3
838,926,1764,0.5249433106575964,0.1753155680224404,-0.5079702444208289,AE3
667,1682,2349,0.7160493827160493,-0.20405727923627684,0.816414686825054,AE3
843,1833,2676,0.6849775784753364,0.2638680659670165,0.08977407847800238,AE3
850,1059,1909,0.5547407019381876,0.00830367734282325,-0.42225859247135844,AE3
703,1629,2332,0.6985420240137221,-0.17294117647058824,0.5382436260623229,AE3
674,868,1542,0.562905317769131,-0.041251778093883355,-0.4671577655003069,AE3
714,1280,1994,0.641925777331996,0.05934718100890208,0.47465437788018433,AE3
828,1586,2414,0.6570008285004143,0.15966386554621848,0.2390625,AE3
708,1445,2153,0.6711565257779842,-0.14492753623188406,-0.08890290037831021,AE3
706,1396,2102,0.6641294005708849,-0.002824858757062147,-0.033910034602076124,AE3
755,1816,2571,0.7063399455464799,0.06940509915014165,0.3008595988538682,AE3
744,961,1705,0.5636363636363636,-0.01456953642384106,-0.4708149779735683,AE3
778,1284,2062,0.6226964112512124,0.0456989247311828,0.33610822060353795,AE3
680,1922,2602,0.7386625672559569,-0.12596401028277635,0.4968847352024922,AE3
779,1047,1826,0.5733844468784228,0.14558823529411766,-0.45525494276795003,AE3
777,1414,2191,0.645367412140575,-0.0025673940949935813,0.35052531041069723,AE3
780,1877,2657,0.7064358298833271,0.003861003861003861,0.3274398868458274,AE3
682,777,1459,0.5325565455791638,-0.12564102564102564,-0.5860415556739478,AE3
750,1221,1971,0.619482496194825,0.09970674486803519,0.5714285714285714,AE3
732,1646,2378,0.6921783010933558,-0.024,0.34807534807534807,AE3
762,806,1568,0.514030612244898,0.040983606557377046,-0.5103280680437424,AE3
747,1244,1991,0.6248116524359618,-0.01968503937007874,0.543424317617866,AE3
736,1791,2527,0.7087455480807281,-0.014725568942436412,0.4397106109324759,AE3
747,861,1608,0.5354477611940298,0.014945652173913044,-0.5192629815745393,AE3
765,1317,2082,0.6325648414985591,0.024096385542168676,0.5296167247386759,AE3
749,1861,2610,0.7130268199233717,-0.02091503267973856,0.41305998481397116,AE3
804,847,1651,0.5130224106602059,0.07343124165554073,-0.5448683503492746,AE3
791,1389,2180,0.6371559633027523,-0.01616915422885572,0.6399055489964581,AE3
685,1976,2661,0.7425779782036829,-0.13400758533501897,0.42260619150467965,AE3
720,1066,1786,0.5968645016797313,0.051094890510948905,-0.4605263157894737,AE3
757,1521,2278,0.6676909569798068,0.05138888888888889,0.4268292682926829,AE3
686,768,1454,0.5281980742778541,-0.09379128137384413,-0.49506903353057197,AE3
729,1173,1902,0.6167192429022083,0.06268221574344024,0.52734375,AE3
780,1578,2358,0.6692111959287532,0.06995884773662552,0.3452685421994885,AE3
763,703,1466,0.4795361527967258,-0.021794871794871794,-0.5544993662864385,AE3
796,1193,1989,0.599798893916541,0.04325032765399738,0.6970128022759602,AE3
775,1663,2438,0.6821164889253486,-0.026381909547738693,0.393964794635373,AE3
729,978,1707,0.5729349736379613,-0.05935483870967742,-0.41190619362597714,AE3
728,1438,2166,0.6638965835641736,-0.0013717421124828531,0.4703476482617587,AE3
747,1847,2594,0.7120277563608327,0.0260989010989011,0.28442280945758,AE3
801,951,1752,0.5428082191780822,0.07228915662650602,-0.4851109907958852,AE3
731,1446,2177,0.66421681212678,-0.08739076154806492,0.5205047318611987,AE3
756,1833,2589,0.7079953650057937,0.03419972640218878,0.2676348547717842,AE3
782,981,1763,0.556437889960295,0.03439153439153439,-0.46481178396072015,AE3
782,1447,2229,0.6491700314042171,0.0,0.4750254841997961,AE3
756,2002,2758,0.7258883248730964,-0.03324808184143223,0.3835521769177609,AE3
732,1114,1846,0.6034669555796316,-0.031746031746031744,-0.4435564435564436,AE3
737,1562,2299,0.6794258373205742,0.006830601092896175,0.4021543985637343,AE3
682,787,1469,0.5357385976855004,-0.07462686567164178,-0.49615877080665816,AE3
744,1196,1940,0.6164948453608248,0.09090909090909091,0.5196950444726811,AE3
719,1739,2458,0.7074857607811229,-0.033602150537634407,0.4540133779264214,AE3
715,954,1669,0.5715997603355303,-0.005563282336578581,-0.4514088556641748,AE3
627,1347,1974,0.682370820668693,-0.12307692307692308,0.4119496855345912,AE3
794,1675,2469,0.6784123126771973,0.266347687400319,0.24350408314773572,AE3
742,919,1661,0.5532811559301626,-0.0654911838790932,-0.4513432835820895,AE3
888,1201,2089,0.5749162278602202,0.1967654986522911,0.3068552774755169,AE3
769,1734,2503,0.6927686775868958,-0.134009009009009,0.443796835970025,AE3
716,1322,2038,0.6486751717369971,-0.06892067620286085,-0.23760092272202998,AE3
679,1805,2484,0.7266505636070854,-0.051675977653631286,0.3653555219364599,AE3
705,924,1629,0.567219152854512,0.03829160530191458,-0.48808864265927976,AE3
691,1442,2133,0.6760431317393343,-0.019858156028368795,0.5606060606060606,AE3
737,1836,2573,0.7135639331519626,0.06657018813314038,0.27323162274618584,AE3
764,912,1676,0.5441527446300716,0.036635006784260515,-0.5032679738562091,AE3
830,1367,2197,0.622212107419208,0.08638743455497382,0.49890350877192985,AE3
809,1802,2611,0.6901570279586365,-0.02530120481927711,0.3182150694952451,AE3
776,1038,1814,0.5722160970231532,-0.0407911001236094,-0.4239733629300777,AE3
743,1586,2329,0.6809789609274367,-0.04252577319587629,0.5279383429672447,AE3
759,1962,2721,0.721058434399118,0.021534320323014805,0.23707440100882723,AE3
751,1140,1891,0.6028556319407721,-0.010540184453227932,-0.41896024464831805,AE3
861,1543,2404,0.641846921797005,0.14647137150466044,0.35350877192982455,AE3
727,784,1511,0.5188616810059563,-0.15563298490127758,-0.49189889825016203,AE3
724,1323,2047,0.6463116756228627,-0.0041265474552957355,0.6875,AE3
708,1784,2492,0.7158908507223114,-0.022099447513812154,0.34845049130763417,AE3
651,920,1571,0.5856142584341184,-0.08050847457627118,-0.484304932735426,AE3
741,1440,2181,0.6602475928473177,0.1382488479262673,0.5652173913043478,AE3
764,1696,2460,0.6894308943089431,0.0310391363022942,0.17777777777777778,AE3
838,831,1669,0.4979029358897543,0.0968586387434555,-0.5100235849056604,AE3
691,1380,2071,0.6663447609850314,-0.17541766109785203,0.6606498194945848,AE3
698,1889,2587,0.7301894085813684,0.010130246020260492,0.36884057971014494,AE3
707,1080,1787,0.604364857302742,0.012893982808022923,-0.4282689253573319,AE3
723,1454,2177,0.66789159393661,0.02263083451202263,0.34629629629629627,AE3
708,1908,2616,0.7293577981651376,-0.02074688796680498,0.312242090784044,AE3
745,1106,1851,0.5975148568341437,0.052259887005649715,-0.42033542976939203,AE3
790,1512,2302,0.6568201563857515,0.06040268456375839,0.3670886075949367,AE3
720,1974,2694,0.732739420935412,-0.08860759493670886,0.3055555555555556,AE3
772,1110,1882,0.589798087141339,0.07222222222222222,-0.4376899696048632,AE3
751,1565,2316,0.67573402417962,-0.027202072538860103,0.4099099099099099,AE3
826,1912,2738,0.6983199415631848,0.09986684420772303,0.22172523961661342,AE3
702,1235,1937,0.6375838926174496,-0.15012106537530268,-0.3540794979079498,AE3
687,1701,2388,0.7123115577889447,-0.021367521367521368,0.37732793522267205,AE3
715,821,1536,0.5345052083333334,0.040756914119359534,-0.5173427395649618,AE3
765,1210,1975,0.6126582278481013,0.06993006993006994,0.47381242387332523,AE3
819,1644,2463,0.6674786845310596,0.07058823529411765,0.3586776859504132,AE3
769,939,1708,0.5497658079625293,-0.06105006105006105,-0.42883211678832117,AE3
733,1396,2129,0.6557069046500704,-0.04681404421326398,0.48668796592119273,AE3
698,1782,2480,0.7185483870967742,-0.047748976807639835,0.27650429799426934,AE3
693,1007,1700,0.5923529411764706,-0.0071633237822349575,-0.43490460157126826,AE3
729,1717,2446,0.7019623875715454,0.05194805194805195,0.70506454816286,AE3
689,1053,1742,0.6044776119402985,-0.05486968449931413,-0.38672102504368083,AE3
635,1523,2158,0.705746061167748,-0.0783744557329463,0.44634377967711303,AE3
806,1842,2648,0.695619335347432,0.2692913385826772,0.20945502298095864,AE3
665,1158,1823,0.6352166758091059,-0.17493796526054592,-0.3713355048859935,AE3
725,1562,2287,0.6829908176650634,0.09022556390977443,0.3488773747841105,AE3
928,1781,2709,0.657438169066076,0.28,0.14020486555697823,AE3
744,1205,1949,0.6182657773217034,-0.19827586206896552,-0.32341381246490736,AE3
672,1677,2349,0.7139208173690932,-0.0967741935483871,0.391701244813278,AE3
695,803,1498,0.5360480640854473,0.03422619047619048,-0.5211687537268933,AE3
805,1163,1968,0.5909552845528455,0.15827338129496402,0.44831880448318806,AE3
658,1763,2421,0.728211482858323,-0.1826086956521739,0.5159071367153912,AE3
783,797,1580,0.5044303797468355,0.1899696048632219,-0.547929665343165,AE3
636,1390,2026,0.6860809476801579,-0.18773946360153257,0.7440401505646174,AE3
731,1744,2475,0.7046464646464646,0.14937106918238993,0.25467625899280577,AE3
660,997,1657,0.6016898008449004,-0.09712722298221614,-0.4283256880733945,AE3
716,1388,2104,0.6596958174904943,0.08484848484848485,0.3921765295887663,AE3
721,1858,2579,0.7204342768514929,0.006983240223463687,0.33861671469740634,AE3
970,801,1771,0.4522868435911914,0.34535367545076284,-0.5688912809472552,AE3
810,1384,2194,0.6308113035551504,-0.16494845360824742,0.7278401997503121,AE3
702,1926,2628,0.7328767123287672,-0.13333333333333333,0.3916184971098266,AE3
694,1083,1777,0.6094541361845808,-0.011396011396011397,-0.43769470404984423,AE3
698,1550,2248,0.6895017793594306,0.005763688760806916,0.4312096029547553,AE3
733,1960,2693,0.7278128481247679,0.050143266475644696,0.2645161290322581,AE3
649,1213,1862,0.6514500537056928,-0.1145975443383356,-0.38112244897959185,AE3
678,1637,2315,0.7071274298056156,0.04468412942989214,0.34954657873042044,AE3
813,1951,2764,0.7058610709117221,0.19911504424778761,0.1918142944410507,AE3
661,1321,1982,0.6664984863773966,-0.18696186961869618,-0.3229113275243465,AE3
769,1621,2390,0.6782426778242678,0.16338880484114976,0.22710068130204392,AE3
678,949,1627,0.5832821143208359,-0.11833550065019506,-0.41455891425046265,AE3
624,1337,1961,0.6817950025497195,-0.07964601769911504,0.4088514225500527,AE3
783,1642,2425,0.6771134020618557,0.2548076923076923,0.2281226626776365,AE3
668,980,1648,0.5946601941747572,-0.14687100893997446,-0.40316686967113274,AE3
803,1365,2168,0.6296125461254612,0.20209580838323354,0.39285714285714285,AE3
715,1861,2576,0.7224378881987578,-0.1095890410958904,0.36336996336996336,AE3
659,1064,1723,0.6175275681950088,-0.07832167832167833,-0.4282643739924772,AE3
744,1444,2188,0.659963436928702,0.12898330804248861,0.35714285714285715,AE3
922,1728,2650,0.6520754716981132,0.239247311827957,0.19667590027700832,AE3
699,1135,1834,0.61886586695747,-0.2418655097613883,-0.3431712962962963,AE3
749,1579,2328,0.6782646048109966,0.0715307582260372,0.39118942731277534,AE3
697,1183,1880,0.6292553191489362,-0.06942590120160214,-0.25079164027865736,AE3
705,1624,2329,0.6972949763847145,0.011477761836441894,0.3727810650887574,AE3
684,817,1501,0.5443037974683544,-0.029787234042553193,-0.49692118226600984,AE3
752,1200,1952,0.6147540983606558,0.09941520467836257,0.46878824969400246,AE3
720,1643,2363,0.6953025814642404,-0.0425531914893617,0.36916666666666664,AE3
790,768,1558,0.49293966623876767,0.09722222222222222,-0.5325623858794888,AE3
812,1233,2045,0.6029339853300734,0.027848101265822784,0.60546875,AE3
703,1787,2490,0.7176706827309237,-0.13423645320197045,0.44931062449310627,AE3
660,974,1634,0.5960832313341493,-0.06116642958748222,-0.45495243424734194,AE3
829,1258,2087,0.6027791087685673,0.25606060606060604,0.2915811088295688,AE3
633,1877,2510,0.7478087649402391,-0.23642943305186973,0.49205087440381556,AE3
753,1135,1888,0.6011652542372882,0.1895734597156398,-0.3953116675546084,AE3
640,1460,2100,0.6952380952380952,-0.150066401062417,0.28634361233480177,AE3
757,1884,2641,0.7133661491859145,0.1828125,0.29041095890410956,AE3
681,1092,1773,0.6159052453468697,-0.10039630118890357,-0.42038216560509556,AE3
668,1592,2260,0.7044247787610619,-0.01908957415565345,0.45787545787545786,AE3
787,1928,2715,0.7101289134438306,0.1781437125748503,0.21105527638190955,AE3
775,1071,1846,0.5801733477789816,-0.015247776365946633,-0.44450207468879666,AE3
706,1607,2313,0.6947686986597492,-0.08903225806451613,0.5004668534080299,AE3
735,859,1594,0.5388958594730239,0.04107648725212465,-0.46546359676415683,AE3
728,1217,1945,0.625706940874036,-0.009523809523809525,0.4167636786961583,AE3
871,1485,2356,0.6303056027164686,0.19642857142857142,0.22021364009860311,AE3
710,812,1522,0.533508541392904,-0.18484500574052812,-0.4531986531986532,AE3
754,1242,1996,0.6222444889779559,0.061971830985915494,0.5295566502463054,AE3
745,1698,2443,0.695047073270569,-0.011936339522546418,0.3671497584541063,AE3
830,836,1666,0.5018007202881153,0.11409395973154363,-0.5076560659599529,AE3
883,1221,2104,0.5803231939163498,0.06385542168674699,0.4605263157894737,AE3
645,1965,2610,0.7528735632183908,-0.2695356738391846,0.6093366093366094,AE3
698,1043,1741,0.5990809879379667,0.08217054263565891,-0.46921119592875316,AE3
689,1474,2163,0.6814609338881183,-0.012893982808022923,0.41323106423777567,AE3
679,1932,2611,0.739946380697051,-0.01451378809869376,0.310719131614654,AE3
704,1053,1757,0.5993170176437109,0.036818851251840944,-0.4549689440993789,AE3
724,1507,2231,0.6754818467055133,0.028409090909090908,0.4311490978157645,AE3
759,1929,2688,0.7176339285714286,0.04834254143646409,0.28002654280026545,AE3
670,1193,1863,0.6403650026838432,-0.11725955204216074,-0.38154484188698806,AE3
653,1643,2296,0.7155923344947736,-0.025373134328358207,0.37720033528918695,AE3
689,819,1508,0.5431034482758621,0.055130168453292494,-0.5015216068167986,AE3
744,1146,1890,0.6063492063492063,0.07982583454281568,0.3992673992673993,AE3
757,1726,2483,0.6951268626661297,0.01747311827956989,0.506108202443281,AE3
683,821,1504,0.5458776595744681,-0.0977542932628798,-0.5243337195828505,AE3
940,1449,2389,0.606529928840519,0.3762811127379209,0.7649208282582217,AE3
620,1009,1629,0.6193984039287906,-0.3404255319148936,-0.3036576949620428,AE3
808,1183,1991,0.5941737820190859,0.3032258064516129,0.17244796828543113,AE3
758,1695,2453,0.6909906237260497,-0.06188118811881188,0.4327979712595097,AE3
630,1067,1697,0.6287566293459045,-0.16886543535620052,-0.3705014749262537,AE3
714,1386,2100,0.66,0.13333333333333333,0.29896907216494845,AE3
657,1887,2544,0.7417452830188679,-0.07983193277310924,0.36147186147186144,AE3
694,1043,1737,0.6004605641911341,0.0563165905631659,-0.4472708002119767,AE3
651,1634,2285,0.7150984682713348,-0.06195965417867435,0.5666347075743049,AE3
595,971,1566,0.620051085568327,-0.08602150537634409,-0.4057527539779682,AE3
725,1121,1846,0.6072589382448538,0.2184873949579832,0.15447991761071062,AE3
714,1621,2335,0.6942184154175589,-0.015172413793103448,0.44603033006244425,AE3
925,1841,2766,0.6655820679681851,0.29551820728291317,0.13571869216533003,AE3
700,1248,1948,0.6406570841889117,-0.24324324324324326,-0.3221075502444324,AE3
725,1659,2384,0.6958892617449665,0.03571428571428571,0.3293269230769231,AE3
726,808,1534,0.5267275097783573,0.001379310344827586,-0.512959614225437,AE3
650,1327,1977,0.671219018715225,-0.1046831955922865,0.6423267326732673,AE3
731,1749,2480,0.7052419354838709,0.12461538461538461,0.3180105501130369,AE3
712,959,1671,0.5739078396169958,-0.025991792065663474,-0.45168667810177243,AE3
714,1425,2139,0.6661991584852734,0.0028089887640449437,0.4859228362877998,AE3
721,1782,2503,0.7119456652017578,0.00980392156862745,0.2505263157894737,AE3
794,888,1682,0.5279429250891795,0.10124826629680998,-0.5016835016835017,AE3
612,1533,2145,0.7146853146853147,-0.22921914357682618,0.7263513513513513,AE3
682,1933,2615,0.7391969407265775,0.11437908496732026,0.2609262883235486,AE3
716,1153,1869,0.6169074371321562,0.04985337243401759,-0.40351784790481116,AE3
716,1517,2233,0.6793551276309897,0.0,0.31569817866435385,AE3
698,1943,2641,0.7357061719045817,-0.025139664804469275,0.28081740276862227,AE3
651,1220,1871,0.6520577231427044,-0.0673352435530086,-0.3721049922799794,AE3
687,1601,2288,0.6997377622377622,0.055299539170506916,0.3122950819672131,AE3
834,1896,2730,0.6945054945054945,0.21397379912663755,0.18425983760149905,AE3
795,1095,1890,0.5793650793650794,-0.046762589928057555,-0.4224683544303797,AE3
844,1517,2361,0.6425243540872512,0.061635220125786164,0.38538812785388127,AE3
782,742,1524,0.4868766404199475,-0.07345971563981042,-0.5108767303889256,AE3
662,1364,2026,0.6732477788746298,-0.1534526854219949,0.8382749326145552,AE3
732,1723,2455,0.7018329938900204,0.10574018126888217,0.2631964809384164,AE3
754,879,1633,0.5382731169626455,0.030054644808743168,-0.48984329657574,AE3
664,1434,2098,0.6835081029551954,-0.11936339522546419,0.6313993174061433,AE3
863,1684,2547,0.6611700039261876,0.2996987951807229,0.17433751743375175,AE3
792,882,1674,0.5268817204301075,-0.08227114716106605,-0.47624703087885983,AE3
805,1418,2223,0.6378767431399011,0.016414141414141416,0.6077097505668935,AE3
1101,1444,2545,0.5673870333988212,0.36770186335403726,0.018335684062059238,AE3
901,822,1723,0.4770748694138131,-0.18165304268846502,-0.4307479224376731,AE3
879,1308,2187,0.598079561042524,-0.0244173140954495,0.5912408759124088,AE3
1081,1533,2614,0.5864575363427696,0.229806598407281,0.1720183486238532,AE3
961,815,1776,0.4588963963963964,-0.11100832562442182,-0.4683626875407697,AE3
974,1289,2263,0.5695978789217853,0.013527575442247659,0.5815950920245399,AE3
916,1820,2736,0.6652046783625731,-0.059548254620123205,0.41194724592707527,AE3
941,966,1907,0.5065547981122182,0.027292576419213975,-0.46923076923076923,AE3
873,1521,2394,0.6353383458646616,-0.07226354941551541,0.5745341614906833,AE3
825,1896,2721,0.6968026460859978,-0.054982817869415807,0.2465483234714004,AE3
877,1112,1989,0.5590749120160885,0.06303030303030303,-0.41350210970464135,AE3
1029,1416,2445,0.5791411042944785,0.1733181299885975,0.2733812949640288,AE3
954,692,1646,0.4204131227217497,-0.0728862973760933,-0.5112994350282486,AE3
897,1203,2100,0.5728571428571428,-0.059748427672955975,0.7384393063583815,AE3
805,1722,2527,0.6814404432132964,-0.10256410256410256,0.4314214463840399,AE3
851,885,1736,0.5097926267281107,0.05714285714285714,-0.48606271777003485,AE3
832,1362,2194,0.6207839562443026,-0.022326674500587545,0.5389830508474577,AE3
790,1825,2615,0.6978967495219885,-0.05048076923076923,0.3399412628487518,AE3
807,983,1790,0.5491620111731843,0.021518987341772152,-0.46136986301369864,AE3
852,1387,2239,0.619472979008486,0.055762081784386616,0.41098677517802645,AE3
1016,1726,2742,0.6294675419401896,0.19248826291079812,0.24441240086517663,AE3
868,1008,1876,0.5373134328358209,-0.14566929133858267,-0.4159907300115875,AE3
909,1404,2313,0.6070038910505836,0.04723502304147465,0.39285714285714285,AE3
1042,1762,2804,0.6283880171184023,0.14631463146314633,0.254985754985755,AE3
837,1110,1947,0.5701078582434514,-0.1967370441458733,-0.37003405221339386,AE3
787,1637,2424,0.6753300330033003,-0.05973715651135006,0.47477477477477475,AE3
974,1910,2884,0.6622746185852982,0.23761118170266837,0.16676847892486255,AE3
855,1178,2033,0.5794392523364486,-0.12217659137577003,-0.3832460732984293,AE3
923,1542,2465,0.6255578093306288,0.07953216374269007,0.3089983022071307,AE3
854,798,1652,0.4830508474576271,-0.07475622968580715,-0.48249027237354086,AE3
603,1483,2086,0.7109300095877277,-0.2939110070257611,0.8583959899749374,AE3
781,1810,2591,0.6985719799305288,0.29519071310116085,0.22049898853674982,AE3
916,836,1752,0.4771689497716895,0.17285531370038412,-0.538121546961326,AE3
890,1715,2605,0.6583493282149712,-0.028384279475982533,1.0514354066985645,AE3
813,1887,2700,0.6988888888888889,-0.08651685393258426,0.10029154518950437,AE3
868,940,1808,0.5199115044247787,0.06765067650676507,-0.501854795972443,AE3
810,1534,2344,0.6544368600682594,-0.06682027649769585,0.6319148936170212,AE3
928,1779,2707,0.65718507572959,0.145679012345679,0.15971316818774445,AE3
921,960,1881,0.5103668261562998,-0.007543103448275862,-0.46037099494097805,AE3
881,1419,2300,0.6169565217391304,-0.04343105320304017,0.478125,AE3
832,748,1580,0.47341772151898737,-0.05561861520998865,-0.4728682170542636,AE3
860,1141,2001,0.5702148925537232,0.03365384615384615,0.5254010695187166,AE3
815,1642,2457,0.6682946682946683,-0.05232558139534884,0.43908851884312006,AE3
816,754,1570,0.4802547770700637,0.001226993865030675,-0.5408038976857491,AE3
781,1224,2005,0.6104738154613466,-0.0428921568627451,0.623342175066313,AE3
879,1619,2498,0.6481184947958367,0.12548015364916773,0.3227124183006536,AE3
859,827,1686,0.4905100830367734,-0.022753128555176336,-0.4891908585546634,AE3
876,1221,2097,0.5822603719599427,0.01979045401629802,0.47642079806529625,AE3
864,1702,2566,0.6632891660171473,-0.0136986301369863,0.3939393939393939,AE3
1005,773,1778,0.4347581552305962,0.16319444444444445,-0.545828437132785,AE3
828,1340,2168,0.6180811808118081,-0.1761194029850746,0.7335058214747736,AE3
880,1787,2667,0.6700412448443944,0.06280193236714976,0.3335820895522388,AE3
858,982,1840,0.533695652173913,-0.025,-0.45047565752658086,AE3
789,1450,2239,0.6476105404198302,-0.08041958041958042,0.47657841140529533,AE3
852,1860,2712,0.6858407079646017,0.07984790874524715,0.2827586206896552,AE3
947,961,1908,0.5036687631027253,0.11150234741784038,-0.48333333333333334,AE3
816,1546,2362,0.6545300592718035,-0.13833157338965152,0.6087408949011447,AE3
867,1902,2769,0.6868905742145178,0.0625,0.23027166882276842,AE3
878,1049,1927,0.5443694862480539,0.012687427912341407,-0.44847528916929547,AE3
873,1583,2456,0.6445439739413681,-0.0056947608200455585,0.5090562440419447,AE3
