344,1761,2105,0.8365795724465558,0,0,DE
368,1730,2098,0.8245948522402288,0.06976744186046512,-0.017603634298693924,DE
326,1568,1894,0.8278775079197466,-0.11413043478260869,-0.09364161849710982,DE
414,1535,1949,0.7875833760903027,0.26993865030674846,-0.021045918367346938,DE
333,1724,2057,0.8381137578998542,-0.1956521739130435,0.12312703583061889,DE
340,1479,1819,0.8130841121495327,0.021021021021021023,-0.14211136890951276,DE
353,1114,1467,0.7593728698023177,0.03823529411764706,-0.24678837052062205,DE
329,1001,1330,0.7526315789473684,-0.0679886685552408,-0.10143626570915619,DE
357,1704,2061,0.826783114992722,0.0851063829787234,0.7022977022977023,DE
275,1305,1580,0.8259493670886076,-0.22969187675070027,-0.23415492957746478,DE
317,1632,1949,0.8373524884556183,0.15272727272727274,0.25057471264367814,DE
366,1191,1557,0.7649325626204239,0.15457413249211358,-0.2702205882352941,DE
316,1789,2105,0.8498812351543943,-0.1366120218579235,0.5020990764063812,DE
420,1541,1961,0.785823559408465,0.3291139240506329,-0.13862493012856344,DE
364,1603,1967,0.8149466192170819,-0.13333333333333333,0.04023361453601557,DE
363,1493,1856,0.8044181034482759,-0.0027472527472527475,-0.06862133499688085,DE
333,1340,1673,0.8009563658099222,-0.08264462809917356,-0.10247823174815807,DE
340,2014,2354,0.8555649957519117,0.021021021021021023,0.5029850746268657,DE
301,5277,5578,0.9460380064539261,-0.11470588235294117,1.6201588877855015,DE
329,1738,2067,0.8408321238509918,0.09302325581395349,-0.6706462004927042,DE
350,1384,1734,0.798154555940023,0.06382978723404255,-0.20368239355581128,DE
354,5826,6180,0.9427184466019417,0.011428571428571429,3.209537572254335,DE
362,1453,1815,0.8005509641873279,0.022598870056497175,-0.7506007552351528,DE
509,1282,1791,0.7158012283640425,0.40607734806629836,-0.11768754301445286,DE
383,1675,2058,0.8138969873663752,-0.2475442043222004,0.30655226209048364,DE
309,1410,1719,0.8202443280977313,-0.19321148825065274,-0.1582089552238806,DE
386,1946,2332,0.8344768439108061,0.24919093851132687,0.3801418439716312,DE
323,1480,1803,0.8208541320022186,-0.16321243523316062,-0.2394655704008222,DE
346,1313,1659,0.7914406268836649,0.07120743034055728,-0.11283783783783784,DE
355,1639,1994,0.8219658976930793,0.02601156069364162,0.24828636709824828,DE
354,1655,2009,0.8237929318068691,-0.0028169014084507044,0.009762050030506406,DE
388,1620,2008,0.8067729083665338,0.096045197740113,-0.021148036253776436,DE
397,1573,1970,0.7984771573604061,0.023195876288659795,-0.029012345679012345,DE
332,1743,2075,0.84,-0.163727959697733,0.1080737444373808,DE
367,1603,1970,0.8137055837563452,0.10542168674698796,-0.08032128514056225,DE
385,1522,1907,0.7981122181436812,0.04904632152588556,-0.050530255770430445,DE
356,1796,2152,0.8345724907063197,-0.07532467532467532,0.1800262812089356,DE
399,1552,1951,0.7954894925679139,0.12078651685393259,-0.1358574610244989,DE
434,1692,2126,0.7958607714016933,0.08771929824561403,0.09020618556701031,DE
325,1588,1913,0.8301097752221641,-0.2511520737327189,-0.061465721040189124,DE
276,1701,1977,0.8603945371775418,-0.15076923076923077,0.07115869017632241,DE
281,1562,1843,0.8475311991318503,0.018115942028985508,-0.08171663727219283,DE
403,1450,1853,0.7825148407987048,0.43416370106761565,-0.07170294494238157,DE
327,1623,1950,0.8323076923076923,-0.18858560794044665,0.1193103448275862,DE
502,1527,2029,0.7525874815179892,0.5351681957186545,-0.059149722735674676,DE
383,1833,2216,0.8271660649819494,-0.23705179282868527,0.20039292730844793,DE
424,1864,2288,0.8146853146853147,0.10704960835509138,0.01691216584833606,DE
339,2142,2481,0.8633615477629988,-0.20047169811320756,0.14914163090128754,DE
314,2031,2345,0.8660980810234542,-0.07374631268436578,-0.05182072829131653,DE
313,2027,2340,0.8662393162393163,-0.0031847133757961785,-0.0019694731659281144,DE
330,1399,1729,0.8091382301908617,0.054313099041533544,-0.30981746423285644,DE
399,1489,1888,0.7886652542372882,0.20909090909090908,0.06433166547533953,DE
367,1735,2102,0.8254043767840152,-0.08020050125313283,0.16521155137676294,DE
315,1964,2279,0.8617814831066257,-0.14168937329700274,0.1319884726224784,DE
347,1875,2222,0.8438343834383438,0.10158730158730159,-0.04531568228105906,DE
366,1772,2138,0.8288119738072965,0.05475504322766571,-0.054933333333333334,DE
341,1675,2016,0.8308531746031746,-0.06830601092896176,-0.05474040632054176,DE
398,1612,2010,0.8019900497512438,0.16715542521994134,-0.037611940298507465,DE
463,1690,2153,0.7849512308406874,0.16331658291457288,0.04838709677419355,DE
340,1983,2323,0.8536375376668102,-0.265658747300216,0.17337278106508874,DE
322,1574,1896,0.830168776371308,-0.052941176470588235,-0.20625315179021683,DE
307,1890,2197,0.8602639963586709,-0.046583850931677016,0.20076238881829733,DE
390,2020,2410,0.8381742738589212,0.2703583061889251,0.06878306878306878,DE
332,1817,2149,0.8455095393206142,-0.14871794871794872,-0.1004950495049505,DE
376,1882,2258,0.83348095659876,0.13253012048192772,0.03577325261419923,DE
328,2066,2394,0.8629908103592314,-0.1276595744680851,0.09776833156216791,DE
373,1815,2188,0.8295246800731262,0.13719512195121952,-0.12149080348499516,DE
386,1586,1972,0.8042596348884381,0.03485254691689008,-0.12617079889807162,DE
317,1426,1743,0.8181296615031555,-0.17875647668393782,-0.1008827238335435,DE
323,1942,2265,0.8573951434878587,0.01892744479495268,0.36185133239831696,DE
390,1457,1847,0.7888467785598268,0.20743034055727555,-0.24974253347064881,DE
353,1548,1901,0.814308258811152,-0.09487179487179487,0.06245710363761153,DE
354,1743,2097,0.8311874105865522,0.0028328611898017,0.12596899224806202,DE
424,1604,2028,0.7909270216962525,0.1977401129943503,-0.07974756167527251,DE
374,1659,2033,0.8160354156419085,-0.1179245283018868,0.03428927680798005,DE
398,1680,2078,0.8084696823869105,0.06417112299465241,0.012658227848101266,DE
327,1607,1934,0.8309203722854188,-0.17839195979899497,-0.04345238095238095,DE
356,1569,1925,0.815064935064935,0.08868501529051988,-0.023646546359676415,DE
342,1431,1773,0.8071065989847716,-0.03932584269662921,-0.08795411089866156,DE
251,3524,3775,0.9335099337748345,-0.26608187134502925,1.4626135569531795,DE
260,1538,1798,0.8553948832035595,0.035856573705179286,-0.5635641316685585,DE
339,1679,2018,0.83201189296333,0.3038461538461538,0.09167750325097529,DE
319,2106,2425,0.8684536082474227,-0.058997050147492625,0.25431804645622397,DE
341,1673,2014,0.8306852035749752,0.06896551724137931,-0.20560303893637227,DE
330,1775,2105,0.8432304038004751,-0.03225806451612903,0.06096832038254633,DE
351,2024,2375,0.8522105263157894,0.06363636363636363,0.14028169014084507,DE
361,1691,2052,0.8240740740740741,0.02849002849002849,-0.16452569169960474,DE
391,1233,1624,0.7592364532019704,0.08310249307479224,-0.2708456534594914,DE
339,1414,1753,0.8066172276098118,-0.1329923273657289,0.1467964314679643,DE
374,1433,1807,0.793027116768124,0.10324483775811209,0.013437057991513438,DE
418,1538,1956,0.7862985685071575,0.11764705882352941,0.0732728541521284,DE
378,1419,1797,0.7896494156928213,-0.09569377990430622,-0.07737321196358908,DE
351,1323,1674,0.7903225806451613,-0.07142857142857142,-0.06765327695560254,DE
391,1568,1959,0.8004083716181726,0.11396011396011396,0.18518518518518517,DE
390,1394,1784,0.781390134529148,-0.0025575447570332483,-0.11096938775510204,DE
417,1502,1919,0.7826993225638353,0.06923076923076923,0.07747489239598278,DE
360,1813,2173,0.8343304187758859,-0.1366906474820144,0.2070572569906791,DE
436,1334,1770,0.7536723163841808,0.2111111111111111,-0.2642029784886928,DE
411,1426,1837,0.7762656505171476,-0.05733944954128441,0.06896551724137931,DE
469,1320,1789,0.737842370039128,0.1411192214111922,-0.07433380084151472,DE
385,1269,1654,0.7672309552599759,-0.1791044776119403,-0.038636363636363635,DE
388,1695,2083,0.8137301968314931,0.007792207792207792,0.33569739952718675,DE
371,1441,1812,0.7952538631346578,-0.04381443298969072,-0.14985250737463127,DE
367,1375,1742,0.7893226176808267,-0.01078167115902965,-0.04580152671755725,DE
385,1451,1836,0.7903050108932462,0.04904632152588556,0.05527272727272727,DE
381,1441,1822,0.7908891328210758,-0.01038961038961039,-0.006891798759476223,DE
368,1351,1719,0.7859220477021525,-0.03412073490813648,-0.062456627342123525,DE
359,1493,1852,0.8061555075593952,-0.024456521739130436,0.10510732790525537,DE
391,1282,1673,0.766288105200239,0.08913649025069638,-0.14132618888144674,DE
430,1649,2079,0.7931697931697932,0.09974424552429667,0.28627145085803435,DE
377,1675,2052,0.8162768031189084,-0.12325581395348838,0.015767131594906003,DE
350,1052,1402,0.7503566333808844,-0.07161803713527852,-0.3719402985074627,DE
363,1251,1614,0.775092936802974,0.037142857142857144,0.18916349809885932,DE
414,1408,1822,0.7727771679473107,0.14049586776859505,0.1254996003197442,DE
360,1185,1545,0.7669902912621359,-0.13043478260869565,-0.15838068181818182,DE
371,1520,1891,0.8038075092543627,0.030555555555555555,0.28270042194092826,DE
427,1424,1851,0.7693138843868179,0.1509433962264151,-0.06315789473684211,DE
345,1549,1894,0.8178458289334741,-0.1920374707259953,0.0877808988764045,DE
398,1495,1893,0.7897517168515584,0.1536231884057971,-0.03486120077469335,DE
380,1648,2028,0.8126232741617357,-0.04522613065326633,0.10234113712374582,DE
369,1350,1719,0.7853403141361257,-0.02894736842105263,-0.1808252427184466,DE
412,1652,2064,0.8003875968992248,0.11653116531165311,0.2237037037037037,DE
366,1500,1866,0.8038585209003215,-0.11165048543689321,-0.09200968523002422,DE
378,3235,3613,0.8953778023802934,0.03278688524590164,1.1566666666666667,DE
363,1374,1737,0.7910189982728842,-0.03968253968253968,-0.5752704791344667,DE
334,1582,1916,0.8256784968684759,-0.07988980716253444,0.15138282387190685,DE
385,4185,4570,0.9157549234135668,0.15269461077844312,1.645385587863464,DE
386,1689,2075,0.8139759036144578,0.0025974025974025974,-0.596415770609319,DE
433,1564,1997,0.7831747621432148,0.12176165803108809,-0.07400828892835998,DE
355,1434,1789,0.8015651201788708,-0.18013856812933027,-0.08312020460358056,DE
380,1988,2368,0.839527027027027,0.07042253521126761,0.38633193863319387,DE
415,1636,2051,0.7976596782057533,0.09210526315789473,-0.17706237424547283,DE
396,1569,1965,0.7984732824427481,-0.04578313253012048,-0.04095354523227384,DE
354,1425,1779,0.8010118043844857,-0.10606060606060606,-0.09177820267686425,DE
355,1620,1975,0.8202531645569621,0.002824858757062147,0.1368421052631579,DE
340,1748,2088,0.8371647509578544,-0.04225352112676056,0.07901234567901234,DE
475,1525,2000,0.7625,0.39705882352941174,-0.12757437070938216,DE
357,1525,1882,0.8103081827842721,-0.24842105263157896,0.0,DE
391,1709,2100,0.8138095238095238,0.09523809523809523,0.12065573770491804,DE
402,1450,1852,0.7829373650107991,0.028132992327365727,-0.1515506143943827,DE
366,1712,2078,0.8238691049085659,-0.08955223880597014,0.18068965517241378,DE
336,1392,1728,0.8055555555555556,-0.08196721311475409,-0.18691588785046728,DE
364,1430,1794,0.7971014492753623,0.08333333333333333,0.027298850574712645,DE
401,1673,2074,0.8066538090646095,0.10164835164835165,0.16993006993006993,DE
340,1790,2130,0.8403755868544601,-0.15211970074812967,0.06993424985056784,DE
373,1661,2034,0.8166175024582104,0.09705882352941177,-0.07206703910614524,DE
373,1836,2209,0.8311453146220009,0.0,0.1053582179409994,DE
404,1609,2013,0.799304520615996,0.08310991957104558,-0.12363834422657952,DE
341,1813,2154,0.8416898792943361,-0.15594059405940594,0.12678682411435674,DE
344,1628,1972,0.8255578093306288,0.008797653958944282,-0.10204081632653061,DE
399,1363,1762,0.7735527809307605,0.15988372093023256,-0.16277641277641278,DE
340,1672,2012,0.831013916500994,-0.14786967418546365,0.22670579603815114,DE
399,1747,2146,0.8140726933830382,0.17352941176470588,0.04485645933014354,DE
366,1275,1641,0.7769652650822669,-0.08270676691729323,-0.2701774470520893,DE
382,1746,2128,0.8204887218045113,0.04371584699453552,0.36941176470588233,DE
386,1435,1821,0.7880285557386052,0.010471204188481676,-0.17812142038946163,DE
398,1526,1924,0.7931392931392931,0.031088082901554404,0.06341463414634146,DE
419,1588,2007,0.7912306925759841,0.052763819095477386,0.04062909567496723,DE
348,1495,1843,0.8111774281063483,-0.16945107398568018,-0.058564231738035266,DE
358,1626,1984,0.8195564516129032,0.028735632183908046,0.08762541806020067,DE
431,1485,1916,0.7750521920668059,0.20391061452513967,-0.08671586715867159,DE
359,1685,2044,0.8243639921722113,-0.16705336426914152,0.13468013468013468,DE
416,1302,1718,0.7578579743888242,0.15877437325905291,-0.22729970326409496,DE
341,1340,1681,0.7971445568114218,-0.18028846153846154,0.029185867895545316,DE
364,1686,2050,0.8224390243902439,0.06744868035190615,0.2582089552238806,DE
378,1508,1886,0.799575821845175,0.038461538461538464,-0.1055753262158956,DE
370,1300,1670,0.7784431137724551,-0.021164021164021163,-0.13793103448275862,DE
374,1754,2128,0.8242481203007519,0.010810810810810811,0.34923076923076923,DE
389,1511,1900,0.7952631578947369,0.040106951871657755,-0.13854047890535917,DE
373,1390,1763,0.7884288145207033,-0.04113110539845758,-0.0800794176042356,DE
383,1324,1707,0.7756297598125366,0.02680965147453083,-0.04748201438848921,DE
390,1601,1991,0.8041185334003014,0.018276762402088774,0.20921450151057402,DE
383,1457,1840,0.7918478260869565,-0.017948717948717947,-0.08994378513429106,DE
527,1442,1969,0.7323514474352463,0.37597911227154046,-0.01029512697323267,DE
357,1825,2182,0.8363886342804766,-0.3225806451612903,0.2656033287101248,DE
313,1417,1730,0.8190751445086705,-0.12324929971988796,-0.22356164383561644,DE
444,1489,1933,0.7703052250387998,0.4185303514376997,0.05081157374735357,DE
391,1629,2020,0.8064356435643565,-0.11936936936936937,0.09402283411685695,DE
362,1472,1834,0.8026172300981461,-0.0741687979539642,-0.09637814610190301,DE
379,1232,1611,0.7647423960273122,0.04696132596685083,-0.16304347826086957,DE
366,1611,1977,0.8148710166919575,-0.03430079155672823,0.30762987012987014,DE
357,1693,2050,0.8258536585365853,-0.02459016393442623,0.05090006207324643,DE
430,2035,2465,0.8255578093306288,0.20448179271708683,0.20200826934435911,DE
303,1552,1855,0.8366576819407008,-0.29534883720930233,-0.23734643734643734,DE
335,1671,2006,0.8330009970089731,0.10561056105610561,0.07667525773195877,DE
413,3564,3977,0.8961528790545638,0.23283582089552238,1.132854578096948,DE
320,1210,1530,0.7908496732026143,-0.22518159806295399,-0.6604938271604939,DE
353,1209,1562,0.7740076824583867,0.103125,-0.0008264462809917355,DE
302,1293,1595,0.8106583072100313,-0.14447592067988668,0.06947890818858561,DE
378,1936,2314,0.8366464995678479,0.25165562913907286,0.49729311678267596,DE
434,8647,9081,0.9522079066182139,0.14814814814814814,3.4664256198347108,DE
381,1300,1681,0.7733491969066032,-0.12211981566820276,-0.849658841216607,DE
370,3814,4184,0.9115678776290631,-0.028871391076115485,1.9338461538461538,DE
419,1493,1912,0.7808577405857741,0.13243243243243244,-0.6085474567383324,DE
391,1717,2108,0.8145161290322581,-0.06682577565632458,0.15003348961821836,DE
334,1462,1796,0.8140311804008908,-0.14578005115089515,-0.1485148514851485,DE
387,1512,1899,0.7962085308056872,0.15868263473053892,0.03419972640218878,DE
415,3138,3553,0.8831972980579792,0.07235142118863049,1.0753968253968254,DE
381,1187,1568,0.7570153061224489,-0.0819277108433735,-0.6217335882727852,DE
366,1664,2030,0.819704433497537,-0.03937007874015748,0.4018534119629318,DE
329,1476,1805,0.8177285318559557,-0.10109289617486339,-0.11298076923076923,DE
350,1275,1625,0.7846153846153846,0.06382978723404255,-0.13617886178861788,DE
397,1566,1963,0.7977585328578706,0.13428571428571429,0.22823529411764706,DE
372,1490,1862,0.8002148227712137,-0.06297229219143577,-0.04853128991060025,DE
409,1404,1813,0.7744070601213459,0.09946236559139784,-0.05771812080536913,DE
361,1489,1850,0.8048648648648649,-0.11735941320293398,0.06054131054131054,DE
351,1553,1904,0.8156512605042017,-0.027700831024930747,0.042981867024848894,DE
356,1613,1969,0.8191975622143219,0.014245014245014245,0.038634900193174504,DE
607,1381,1988,0.6946680080482898,0.7050561797752809,-0.14383137011779293,DE
395,1444,1839,0.7852093529091898,-0.34925864909390447,0.04561911658218682,DE
342,1544,1886,0.8186638388123012,-0.1341772151898734,0.06925207756232687,DE
335,1544,1879,0.8217136774880256,-0.02046783625730994,0.0,DE
380,1738,2118,0.8205854579792257,0.13432835820895522,0.12564766839378239,DE
353,3544,3897,0.9094175006415192,-0.07105263157894737,1.0391254315304947,DE
327,8023,8350,0.9608383233532934,-0.07365439093484419,1.2638261851015802,DE
371,2529,2900,0.8720689655172413,0.1345565749235474,-0.6847812538950517,DE
367,1213,1580,0.7677215189873418,-0.01078167115902965,-0.520363780150257,DE
350,1258,1608,0.7823383084577115,-0.04632152588555858,0.03709810387469085,DE
370,1592,1962,0.8114169215086646,0.05714285714285714,0.2655007949125596,DE
380,1568,1948,0.8049281314168378,0.02702702702702703,-0.01507537688442211,DE
410,1447,1857,0.7792137856758212,0.07894736842105263,-0.07716836734693877,DE
366,1083,1449,0.7474120082815735,-0.1073170731707317,-0.2515549412577747,DE
375,1331,1706,0.7801875732708089,0.02459016393442623,0.22899353647276086,DE
373,1509,1882,0.8018065887353879,-0.005333333333333333,0.13373403456048083,DE
377,1404,1781,0.7883211678832117,0.010723860589812333,-0.06958250497017893,DE
364,1676,2040,0.8215686274509804,-0.034482758620689655,0.19373219373219372,DE
404,1311,1715,0.7644314868804665,0.10989010989010989,-0.21778042959427207,DE
367,5326,5693,0.9355348673809942,-0.09158415841584158,3.0625476735316552,DE
412,5290,5702,0.9277446509996492,0.1226158038147139,-0.006759294029290274,DE
379,1276,1655,0.7709969788519637,-0.08009708737864078,-0.7587901701323252,DE
695,9573,10268,0.9323139851967277,0.8337730870712401,6.502351097178684,DE
348,5504,5852,0.9405331510594669,-0.49928057553956834,-0.42504961871931474,DE
347,3716,4063,0.9145951267536303,-0.0028735632183908046,-0.3248546511627907,DE
377,1474,1851,0.7963263101026472,0.08645533141210375,-0.6033369214208827,DE
429,1570,1999,0.7853926963481741,0.13793103448275862,0.06512890094979647,DE
331,1690,2021,0.8362196932211776,-0.22843822843822845,0.07643312101910828,DE
591,1281,1872,0.6842948717948718,0.7854984894259819,-0.24201183431952664,DE
454,1553,2007,0.7737917289486796,-0.23181049069373943,0.21233411397345825,DE
412,1739,2151,0.8084611808461181,-0.09251101321585903,0.11976819059884096,DE
367,1282,1649,0.7774408732565191,-0.10922330097087378,-0.26279470960322027,DE
424,1230,1654,0.7436517533252721,0.1553133514986376,-0.0405616224648986,DE
419,1513,1932,0.7831262939958592,-0.01179245283018868,0.23008130081300812,DE
343,1637,1980,0.8267676767676768,-0.18138424821002386,0.08195637805684071,DE
330,1746,2076,0.8410404624277457,-0.037900874635568516,0.06658521686010996,DE
369,1800,2169,0.8298755186721992,0.11818181818181818,0.030927835051546393,DE
364,1662,2026,0.8203356367226061,-0.013550135501355014,-0.07666666666666666,DE
396,1645,2041,0.8059774620284175,0.08791208791208792,-0.01022864019253911,DE
357,1650,2007,0.8221225710014948,-0.09848484848484848,0.00303951367781155,DE
418,1547,1965,0.7872773536895674,0.17086834733893558,-0.062424242424242424,DE
429,1486,1915,0.7759791122715405,0.02631578947368421,-0.0394311570782159,DE
364,1664,2028,0.8205128205128205,-0.15151515151515152,0.11978465679676985,DE
417,1386,1803,0.7687188019966722,0.14560439560439561,-0.16706730769230768,DE
400,1394,1794,0.7770345596432553,-0.0407673860911271,0.005772005772005772,DE
340,1647,1987,0.828887770508304,-0.15,0.18149210903873744,DE
397,1657,2054,0.8067185978578384,0.1676470588235294,0.006071645415907711,DE
342,1306,1648,0.7924757281553398,-0.1385390428211587,-0.21182860591430297,DE
341,1568,1909,0.821372446306967,-0.0029239766081871343,0.2006125574272588,DE
295,1799,2094,0.8591212989493792,0,0,NL
321,1377,1698,0.8109540636042403,0.08813559322033898,-0.23457476375764313,NL
335,2176,2511,0.8665870171246516,0.04361370716510903,0.5802469135802469,NL
335,1856,2191,0.8471017800091283,0.0,-0.14705882352941177,NL
322,2270,2592,0.8757716049382716,-0.03880597014925373,0.22306034482758622,NL
304,2160,2464,0.8766233766233766,-0.055900621118012424,-0.048458149779735685,NL
352,2221,2573,0.863194714341236,0.15789473684210525,0.02824074074074074,NL
321,1915,2236,0.8564400715563506,-0.08806818181818182,-0.13777577667717245,NL
315,1812,2127,0.8519040902679831,-0.018691588785046728,-0.05378590078328982,NL
313,1541,1854,0.831175836030205,-0.006349206349206349,-0.14955849889624723,NL
300,2332,2632,0.8860182370820668,-0.04153354632587859,0.5133030499675535,NL
327,1470,1797,0.8180300500834724,0.09,-0.36963979416809606,NL
313,2138,2451,0.872297021623827,-0.04281345565749235,0.454421768707483,NL
349,1594,1943,0.8203808543489449,0.11501597444089456,-0.25444340505144997,NL
303,2169,2472,0.8774271844660194,-0.1318051575931232,0.3607277289836888,NL
265,1697,1962,0.8649337410805301,-0.1254125412541254,-0.21761180267404334,NL
295,2215,2510,0.8824701195219123,0.11320754716981132,0.30524454920447847,NL
290,1517,1807,0.8395130049806309,-0.01694915254237288,-0.31512415349887135,NL
293,1924,2217,0.8678394226432116,0.010344827586206896,0.2682926829268293,NL
311,1766,2077,0.8502648050072219,0.06143344709897611,-0.08212058212058213,NL
306,2142,2448,0.875,-0.01607717041800643,0.2129105322763307,NL
294,1650,1944,0.8487654320987654,-0.0392156862745098,-0.22969187675070027,NL
357,1792,2149,0.8338762214983714,0.21428571428571427,0.08606060606060606,NL
292,1909,2201,0.8673330304407088,-0.18207282913165265,0.06529017857142858,NL
314,1898,2212,0.8580470162748643,0.07534246575342465,-0.005762179151388162,NL
306,2100,2406,0.8728179551122195,-0.025477707006369428,0.10642781875658588,NL
304,1812,2116,0.8563327032136105,-0.006535947712418301,-0.13714285714285715,NL
337,1649,1986,0.8303121852970795,0.10855263157894737,-0.08995584988962473,NL
325,2110,2435,0.86652977412731,-0.03560830860534125,0.27956337174044876,NL
306,2350,2656,0.884789156626506,-0.05846153846153846,0.11374407582938388,NL
318,2146,2464,0.8709415584415584,0.0392156862745098,-0.08680851063829788,NL
286,1915,2201,0.8700590640617901,-0.10062893081761007,-0.10764212488350419,NL
315,1930,2245,0.8596881959910914,0.10139860139860139,0.007832898172323759,NL
284,2227,2511,0.8868976503385105,-0.09841269841269841,0.1538860103626943,NL
318,1673,1991,0.8402812656956303,0.11971830985915492,-0.2487651549169286,NL
300,1945,2245,0.8663697104677061,-0.05660377358490566,0.1625821876867902,NL
290,1555,1845,0.8428184281842819,-0.03333333333333333,-0.20051413881748073,NL
308,1480,1788,0.8277404921700223,0.06206896551724138,-0.04823151125401929,NL
331,1451,1782,0.8142536475869809,0.07467532467532467,-0.019594594594594596,NL
361,1366,1727,0.7909669947886508,0.09063444108761329,-0.0585802894555479,NL
299,1652,1951,0.8467452588416197,-0.17174515235457063,0.20937042459736457,NL
297,2363,2660,0.8883458646616541,-0.006688963210702341,0.4303874092009685,NL
289,2045,2334,0.87617823479006,-0.026936026936026935,-0.13457469318662718,NL
302,2088,2390,0.8736401673640167,0.04498269896193772,0.021026894865525673,NL
322,1831,2153,0.8504412447747329,0.06622516556291391,-0.12308429118773946,NL
317,1668,1985,0.8403022670025189,-0.015527950310559006,-0.0890223921354451,NL
292,2086,2378,0.8772077375946173,-0.07886435331230283,0.25059952038369304,NL
347,1777,2124,0.8366290018832392,0.18835616438356165,-0.14813039309683604,NL
270,1921,2191,0.8767685988133272,-0.2219020172910663,0.08103545301069218,NL
291,2251,2542,0.8855232100708104,0.07777777777777778,0.1717855283706403,NL
294,1644,1938,0.848297213622291,0.010309278350515464,-0.2696579298089738,NL
301,1936,2237,0.8654447921323201,0.023809523809523808,0.17761557177615572,NL
288,2071,2359,0.8779143704959729,-0.04318936877076412,0.06973140495867769,NL
293,1786,2079,0.8590668590668591,0.017361111111111112,-0.13761467889908258,NL
312,1931,2243,0.8609005795809184,0.06484641638225255,0.08118701007838745,NL
278,1723,2001,0.8610694652673663,-0.10897435897435898,-0.10771620921802175,NL
319,1819,2138,0.8507951356407858,0.1474820143884892,0.05571677307022635,NL
309,1921,2230,0.8614349775784753,-0.03134796238244514,0.056074766355140186,NL
288,2480,2768,0.8959537572254336,-0.06796116504854369,0.29099427381572096,NL
306,1816,2122,0.8557964184731386,0.0625,-0.267741935483871,NL
318,2189,2507,0.8731551655364979,0.0392156862745098,0.2053964757709251,NL
281,2195,2476,0.8865105008077544,-0.11635220125786164,0.002740977615349475,NL
285,2437,2722,0.8952975753122704,0.014234875444839857,0.110250569476082,NL
314,1909,2223,0.8587494376968061,0.10175438596491228,-0.21665982765695527,NL
358,1835,2193,0.8367533059735522,0.14012738853503184,-0.03876375065479309,NL
375,1971,2346,0.840153452685422,0.04748603351955307,0.07411444141689373,NL
301,2197,2498,0.8795036028823059,-0.19733333333333333,0.11466260781329274,NL
262,1678,1940,0.8649484536082475,-0.12956810631229235,-0.23623122439690486,NL
310,1585,1895,0.8364116094986808,0.183206106870229,-0.05542312276519666,NL
323,1531,1854,0.825782092772384,0.041935483870967745,-0.03406940063091483,NL
302,1807,2109,0.8568041725936463,-0.06501547987616099,0.18027433050293926,NL
326,1767,2093,0.8442427138079311,0.07947019867549669,-0.02213613724405091,NL
328,2244,2572,0.8724727838258165,0.006134969325153374,0.2699490662139219,NL
335,1997,2332,0.8563464837049742,0.021341463414634148,-0.11007130124777184,NL
316,1849,2165,0.854041570438799,-0.056716417910447764,-0.07411116675012519,NL
332,1852,2184,0.847985347985348,0.05063291139240506,0.0016224986479177934,NL
295,2491,2786,0.8941134242641781,-0.11144578313253012,0.34503239740820735,NL
340,2210,2550,0.8666666666666667,0.15254237288135594,-0.11280610196708149,NL
295,2105,2400,0.8770833333333333,-0.1323529411764706,-0.04751131221719457,NL
307,2115,2422,0.8732452518579686,0.04067796610169491,0.004750593824228029,NL
285,4035,4320,0.9340277777777778,-0.07166123778501629,0.9078014184397163,NL
283,2218,2501,0.8868452618952419,-0.007017543859649123,-0.4503097893432466,NL
281,1912,2193,0.8718650250797993,-0.007067137809187279,-0.13796212804328223,NL
334,2118,2452,0.863784665579119,0.18861209964412812,0.10774058577405858,NL
317,1591,1908,0.8338574423480084,-0.05089820359281437,-0.24881964117091596,NL
303,2377,2680,0.8869402985074627,-0.04416403785488959,0.4940289126335638,NL
294,1958,2252,0.8694493783303731,-0.0297029702970297,-0.17627261253681112,NL
360,1835,2195,0.835990888382688,0.22448979591836735,-0.06281920326864147,NL
320,1787,2107,0.84812529663028,-0.1111111111111111,-0.026158038147138966,NL
307,1857,2164,0.8581330868761553,-0.040625,0.03917179630665921,NL
288,1733,2021,0.8574962889658585,-0.06188925081433225,-0.06677436725901992,NL
368,1941,2309,0.8406236466002599,0.2777777777777778,0.12002308136180034,NL
330,1822,2152,0.8466542750929368,-0.10326086956521739,-0.0613086038124678,NL
321,2275,2596,0.8763482280431433,-0.02727272727272727,0.2486278814489572,NL
367,2185,2552,0.8561912225705329,0.14330218068535824,-0.03956043956043956,NL
303,1922,2225,0.8638202247191011,-0.17438692098092642,-0.12036613272311213,NL
283,1883,2166,0.8693444136657433,-0.066006600660066,-0.02029136316337149,NL
302,2114,2416,0.875,0.06713780918727916,0.12267657992565056,NL
365,2145,2510,0.8545816733067729,0.20860927152317882,0.01466414380321665,NL
284,4230,4514,0.9370846256092158,-0.2219178082191781,0.972027972027972,NL
387,1982,2369,0.836639932460954,0.3626760563380282,-0.5314420803782506,NL
346,1768,2114,0.836329233680227,-0.10594315245478036,-0.10797174571140263,NL
307,2047,2354,0.8695836873406967,-0.11271676300578035,0.1578054298642534,NL
354,1813,2167,0.8366405168435626,0.15309446254071662,-0.11431362970200293,NL
329,2104,2433,0.8647759967118783,-0.07062146892655367,0.16050744622173194,NL
355,1923,2278,0.844161545215101,0.0790273556231003,-0.08602661596958175,NL
299,1828,2127,0.8594264221908792,-0.15774647887323945,-0.04940197607904316,NL
372,1818,2190,0.8301369863013699,0.24414715719063546,-0.005470459518599562,NL
303,1876,2179,0.8609453877925654,-0.18548387096774194,0.0319031903190319,NL
270,2086,2356,0.8853989813242784,-0.10891089108910891,0.11194029850746269,NL
471,2251,2722,0.8269654665686995,0.7444444444444445,0.07909875359539789,NL
325,1970,2295,0.8583877995642701,-0.3099787685774947,-0.12483340737450022,NL
298,1939,2237,0.8667858739383102,-0.08307692307692308,-0.015736040609137057,NL
276,2249,2525,0.8906930693069307,-0.0738255033557047,0.15987622485817432,NL
381,1855,2236,0.8296064400715564,0.3804347826086957,-0.17518897287683416,NL
290,1965,2255,0.8713968957871396,-0.2388451443569554,0.05929919137466307,NL
357,1882,2239,0.8405538186690487,0.23103448275862068,-0.042239185750636135,NL
273,2440,2713,0.8993733873940287,-0.23529411764705882,0.2964930924548353,NL
367,2237,2604,0.859062980030722,0.3443223443223443,-0.08319672131147542,NL
350,1755,2105,0.833729216152019,-0.04632152588555858,-0.21546714349575324,NL
323,2086,2409,0.8659194686591947,-0.07714285714285714,0.1886039886039886,NL
381,2144,2525,0.8491089108910891,0.17956656346749225,0.027804410354745925,NL
399,1855,2254,0.8229813664596274,0.047244094488188976,-0.134794776119403,NL
385,2005,2390,0.8389121338912134,-0.03508771929824561,0.08086253369272237,NL
336,2301,2637,0.8725824800910125,-0.12727272727272726,0.14763092269326683,NL
351,1731,2082,0.8314121037463977,0.044642857142857144,-0.24771838331160365,NL
373,1348,1721,0.7832655432887856,0.06267806267806268,-0.22125938763720393,NL
388,1959,2347,0.8346825734980826,0.040214477211796246,0.45326409495548964,NL
328,2103,2431,0.865076100370218,-0.15463917525773196,0.07350689127105667,NL
336,2063,2399,0.8599416423509796,0.024390243902439025,-0.019020446980504042,NL
335,1984,2319,0.8555411815437689,-0.002976190476190476,-0.03829374697043141,NL
288,1840,2128,0.8646616541353384,-0.14029850746268657,-0.07258064516129033,NL
302,1801,2103,0.8563956252971945,0.04861111111111111,-0.021195652173913043,NL
387,2050,2437,0.8411981945014362,0.2814569536423841,0.13825652415324818,NL
262,2065,2327,0.8874086807047701,-0.32299741602067183,0.007317073170731708,NL
383,2108,2491,0.8462464873544762,0.4618320610687023,0.020823244552058112,NL
352,2119,2471,0.8575475515985431,-0.08093994778067885,0.005218216318785579,NL
398,1788,2186,0.817932296431839,0.13068181818181818,-0.1562057574327513,NL
370,2393,2763,0.8660875859572928,-0.07035175879396985,0.3383668903803132,NL
288,2178,2466,0.8832116788321168,-0.22162162162162163,-0.08984538236523193,NL
272,2000,2272,0.8802816901408451,-0.05555555555555555,-0.08172635445362718,NL
372,1742,2114,0.8240302743614002,0.36764705882352944,-0.129,NL
378,2137,2515,0.8497017892644135,0.016129032258064516,0.2267508610792193,NL
359,2088,2447,0.853289742541888,-0.05026455026455026,-0.022929340196537203,NL
294,2086,2380,0.8764705882352941,-0.181058495821727,-0.0009578544061302681,NL
373,2163,2536,0.8529179810725552,0.2687074829931973,0.03691275167785235,NL
307,2295,2602,0.8820138355111453,-0.1769436997319035,0.06102635228848821,NL
283,2104,2387,0.8814411395056556,-0.0781758957654723,-0.0832244008714597,NL
327,2463,2790,0.8827956989247312,0.15547703180212014,0.17062737642585551,NL
351,1671,2022,0.8264094955489614,0.07339449541284404,-0.3215590742996346,NL
394,2326,2720,0.8551470588235294,0.1225071225071225,0.3919808497905446,NL
306,2074,2380,0.8714285714285714,-0.2233502538071066,-0.10834049871023216,NL
318,2333,2651,0.8800452659373821,0.0392156862745098,0.12487945998071359,NL
300,2042,2342,0.8719043552519214,-0.05660377358490566,-0.12473210458636948,NL
341,2044,2385,0.8570230607966457,0.13666666666666666,0.0009794319294809011,NL
402,2410,2812,0.8570412517780939,0.17888563049853373,0.17906066536203522,NL
348,1805,2153,0.8383650719925685,-0.13432835820895522,-0.25103734439834025,NL
267,1659,1926,0.8613707165109035,-0.23275862068965517,-0.08088642659279778,NL
316,2660,2976,0.8938172043010753,0.18352059925093633,0.6033755274261603,NL
308,2325,2633,0.8830231674895557,-0.02531645569620253,-0.12593984962406016,NL
336,1825,2161,0.8445164275798241,0.09090909090909091,-0.21505376344086022,NL
300,2474,2774,0.8918529199711608,-0.10714285714285714,0.3556164383561644,NL
311,2534,2845,0.8906854130052724,0.03666666666666667,0.024252223120452707,NL
292,1771,2063,0.8584585555016966,-0.06109324758842444,-0.3011049723756906,NL
317,2580,2897,0.8905764584052468,0.08561643835616438,0.4568040654997177,NL
314,2320,2634,0.8807896735003796,-0.00946372239747634,-0.10077519379844961,NL
284,2137,2421,0.882693102023957,-0.09554140127388536,-0.07887931034482759,NL
317,2415,2732,0.8839677891654466,0.11619718309859155,0.13008890968647638,NL
389,1809,2198,0.8230209281164695,0.22712933753943218,-0.25093167701863356,NL
298,1791,2089,0.8573480134035424,-0.23393316195372751,-0.009950248756218905,NL
296,2400,2696,0.8902077151335311,-0.006711409395973154,0.34003350083752093,NL
295,2167,2462,0.880178716490658,-0.0033783783783783786,-0.09708333333333333,NL
295,2400,2695,0.8905380333951762,0.0,0.10752191970466082,NL
323,2276,2599,0.8757214313197383,0.09491525423728814,-0.051666666666666666,NL
298,1811,2109,0.8587008060692272,-0.07739938080495357,-0.20430579964850615,NL
294,2228,2522,0.8834258524980174,-0.013422818791946308,0.23025952512424075,NL
320,1813,2133,0.8499765588373184,0.08843537414965986,-0.1862657091561939,NL
313,1866,2179,0.8563561266636072,-0.021875,0.02923331494760066,NL
316,2584,2900,0.8910344827586207,0.009584664536741214,0.38478027867095393,NL
324,2020,2344,0.8617747440273038,0.02531645569620253,-0.21826625386996903,NL
296,2368,2664,0.8888888888888888,-0.08641975308641975,0.17227722772277226,NL
298,2207,2505,0.8810379241516966,0.006756756756756757,-0.06798986486486487,NL
311,2416,2727,0.885955262192886,0.0436241610738255,0.0946986859990938,NL
315,2366,2681,0.8825065274151436,0.012861736334405145,-0.020695364238410598,NL
348,1866,2214,0.8428184281842819,0.10476190476190476,-0.21132713440405748,NL
353,1893,2246,0.8428317008014248,0.014367816091954023,0.014469453376205787,NL
301,1665,1966,0.8468972533062055,-0.14730878186968838,-0.12044374009508717,NL
347,1611,1958,0.8227783452502554,0.15282392026578073,-0.032432432432432434,NL
290,2329,2619,0.8892707140129821,-0.1642651296829971,0.4456859093730602,NL
336,2032,2368,0.8581081081081081,0.15862068965517243,-0.1275225418634607,NL
322,2395,2717,0.8814869341185131,-0.041666666666666664,0.17864173228346455,NL
363,2417,2780,0.8694244604316547,0.12732919254658384,0.00918580375782881,NL
291,2104,2395,0.8784968684759916,-0.19834710743801653,-0.12949937939594539,NL
301,2295,2596,0.8840523882896765,0.03436426116838488,0.09077946768060836,NL
383,2185,2568,0.8508566978193146,0.2724252491694352,-0.04793028322440087,NL
282,1757,2039,0.8616969102501226,-0.26370757180156656,-0.19588100686498855,NL
390,2483,2873,0.8642533936651584,0.3829787234042553,0.41320432555492315,NL
284,1856,2140,0.8672897196261682,-0.2717948717948718,-0.25251711639146196,NL
338,2189,2527,0.8662445587653343,0.19014084507042253,0.17941810344827586,NL
334,2056,2390,0.8602510460251046,-0.011834319526627219,-0.060758337140246685,NL
315,2170,2485,0.8732394366197183,-0.05688622754491018,0.05544747081712062,NL
274,2357,2631,0.8958570885594831,-0.13015873015873017,0.08617511520737327,NL
321,1824,2145,0.8503496503496504,0.17153284671532848,-0.2261349172677132,NL
289,2305,2594,0.8885890516576715,-0.09968847352024922,0.2637061403508772,NL
344,2130,2474,0.8609539207760711,0.1903114186851211,-0.07592190889370933,NL
277,2391,2668,0.8961769115442278,-0.19476744186046513,0.12253521126760564,NL
341,1599,1940,0.8242268041237113,0.23104693140794225,-0.3312421580928482,NL
370,2522,2892,0.872060857538036,0.08504398826979472,0.5772357723577236,NL
297,1745,2042,0.8545543584720862,-0.1972972972972973,-0.30808881839809676,NL
316,2276,2592,0.8780864197530864,0.06397306397306397,0.30429799426934095,NL
286,2272,2558,0.8881939014855356,-0.0949367088607595,-0.0017574692442882249,NL
290,2229,2519,0.8848749503771338,0.013986013986013986,-0.018926056338028168,NL
313,2456,2769,0.8869628024557602,0.07931034482758621,0.10183938986092418,NL
324,1947,2271,0.857331571994716,0.03514376996805112,-0.20724755700325734,NL
279,2016,2295,0.8784313725490196,-0.1388888888888889,0.03543913713405239,NL
281,2233,2514,0.8882259347653142,0.007168458781362007,0.1076388888888889,NL
355,2269,2624,0.8647103658536586,0.26334519572953735,0.0161218092252575,NL
294,1757,2051,0.856655290102389,-0.17183098591549295,-0.2256500661084178,NL
313,2054,2367,0.8677651035065483,0.06462585034013606,0.16903813318155947,NL
293,2390,2683,0.8907938874394334,-0.06389776357827476,0.16358325219084713,NL
301,2250,2551,0.8820070560564485,0.027303754266211604,-0.058577405857740586,NL
301,2021,2322,0.8703703703703703,0.0,-0.10177777777777777,NL
321,1873,2194,0.8536918869644485,0.0664451827242525,-0.07323107372587828,NL
278,2074,2352,0.8818027210884354,-0.13395638629283488,0.10731446876668446,NL
303,1876,2179,0.8609453877925654,0.08992805755395683,-0.09546769527483125,NL
318,1934,2252,0.8587921847246892,0.04950495049504951,0.03091684434968017,NL
340,1750,2090,0.8373205741626795,0.06918238993710692,-0.09513960703205791,NL
290,1527,1817,0.8403962575674189,-0.14705882352941177,-0.12742857142857142,NL
328,2110,2438,0.8654634946677605,0.1310344827586207,0.38179436804191225,NL
322,2128,2450,0.8685714285714285,-0.018292682926829267,0.008530805687203791,NL
315,2360,2675,0.8822429906542056,-0.021739130434782608,0.10902255639097744,NL
275,2321,2596,0.8940677966101694,-0.12698412698412698,-0.01652542372881356,NL
331,2310,2641,0.8746686861037486,0.20363636363636364,-0.004739336492890996,NL
295,2156,2451,0.879640962872297,-0.10876132930513595,-0.06666666666666667,NL
274,2216,2490,0.8899598393574297,-0.0711864406779661,0.027829313543599257,NL
287,1945,2232,0.871415770609319,0.04744525547445255,-0.12229241877256318,NL
291,1848,2139,0.8639551192145862,0.013937282229965157,-0.04987146529562982,NL
321,2116,2437,0.8682806729585556,0.10309278350515463,0.14502164502164502,NL
311,2126,2437,0.8723840787853919,-0.03115264797507788,0.004725897920604915,NL
298,2255,2553,0.8832745789267529,-0.04180064308681672,0.06067732831608655,NL
266,2272,2538,0.8951930654058313,-0.10738255033557047,0.00753880266075388,NL
316,2101,2417,0.8692594124948283,0.18796992481203006,-0.07526408450704225,NL
294,2022,2316,0.8730569948186528,-0.06962025316455696,-0.0376011423131842,NL
268,1848,2116,0.8733459357277883,-0.08843537414965986,-0.08605341246290801,NL
342,1668,2010,0.8298507462686567,0.27611940298507465,-0.09740259740259741,NL
327,2259,2586,0.8735498839907193,-0.043859649122807015,0.35431654676258995,NL
318,2113,2431,0.8691896338955163,-0.027522935779816515,-0.06463036741921203,NL
327,2101,2428,0.8653212520593081,0.02830188679245283,-0.005679129200189304,NL
333,2085,2418,0.8622828784119106,0.01834862385321101,-0.007615421227986673,NL
307,1858,2165,0.8581986143187067,-0.07807807807807808,-0.10887290167865707,NL
293,1894,2187,0.866026520347508,-0.04560260586319218,0.0193756727664155,NL
322,1638,1960,0.8357142857142857,0.09897610921501707,-0.1351636747624076,NL
294,1814,2108,0.8605313092979127,-0.08695652173913043,0.10744810744810745,NL
308,1522,1830,0.8316939890710382,0.047619047619047616,-0.1609702315325248,NL
309,1615,1924,0.8393970893970893,0.003246753246753247,0.06110381077529566,NL
299,2292,2591,0.8846005403319182,-0.032362459546925564,0.41919504643962846,NL
272,2185,2457,0.8892958892958893,-0.0903010033444816,-0.04668411867364747,NL
313,1477,1790,0.8251396648044693,0,0,BE
326,1544,1870,0.825668449197861,0.04153354632587859,0.04536222071767095,BE
311,1413,1724,0.8196055684454756,-0.046012269938650305,-0.08484455958549222,BE
332,1485,1817,0.8172812328013208,0.06752411575562701,0.050955414012738856,BE
320,1445,1765,0.8186968838526912,-0.03614457831325301,-0.026936026936026935,BE
306,1246,1552,0.8028350515463918,-0.04375,-0.13771626297577855,BE
353,2682,3035,0.8836902800658979,0.15359477124183007,1.1524879614767256,BE
319,2387,2706,0.8821138211382114,-0.09631728045325778,-0.10999254287844892,BE
305,2297,2602,0.882782475019216,-0.0438871473354232,-0.03770423125261835,BE
316,2425,2741,0.8847136081721999,0.036065573770491806,0.055724858511101434,BE
337,2255,2592,0.8699845679012346,0.06645569620253164,-0.07010309278350516,BE
326,2362,2688,0.8787202380952381,-0.032640949554896145,0.04745011086474501,BE
277,2626,2903,0.9045814674474681,-0.15030674846625766,0.1117696867061812,BE
406,2602,3008,0.8650265957446809,0.4657039711191336,-0.00913937547600914,BE
326,2543,2869,0.8863715580341582,-0.19704433497536947,-0.022674865488086088,BE
278,2747,3025,0.908099173553719,-0.147239263803681,0.08022021234762092,BE
312,1552,1864,0.8326180257510729,0.1223021582733813,-0.43502002184200944,BE
277,2521,2798,0.9010007147962831,-0.11217948717948718,0.6243556701030928,BE
337,2566,2903,0.8839131932483638,0.21660649819494585,0.017850059500198336,BE
311,2495,2806,0.8891660727013543,-0.0771513353115727,-0.027669524551831644,BE
313,2665,2978,0.8948959032907992,0.006430868167202572,0.06813627254509018,BE
328,2413,2741,0.8803356439255746,0.04792332268370607,-0.09455909943714821,BE
299,2216,2515,0.8811133200795228,-0.08841463414634146,-0.08164111065064235,BE
285,2632,2917,0.9022968803565307,-0.046822742474916385,0.18772563176895307,BE
317,2610,2927,0.8916979842842501,0.11228070175438597,-0.008358662613981762,BE
331,2607,2938,0.8873383253914228,0.04416403785488959,-0.0011494252873563218,BE
384,2462,2846,0.865073787772312,0.16012084592145015,-0.05561948599923283,BE
326,2563,2889,0.8871581862236068,-0.15104166666666666,0.041023558082859464,BE
307,2409,2716,0.8869661266568483,-0.05828220858895705,-0.060085836909871244,BE
328,2706,3034,0.8918918918918919,0.06840390879478828,0.1232876712328767,BE
313,2512,2825,0.8892035398230088,-0.04573170731707317,-0.07169253510716925,BE
318,2545,2863,0.8889276982186518,0.01597444089456869,0.013136942675159236,BE
309,2648,2957,0.8955021981738248,-0.02830188679245283,0.040471512770137524,BE
335,2572,2907,0.8847609219126247,0.08414239482200647,-0.028700906344410877,BE
334,2204,2538,0.8684003152088259,-0.0029850746268656717,-0.14307931570762053,BE
379,2307,2686,0.8588979895755771,0.1347305389221557,0.04673321234119782,BE
315,2526,2841,0.8891235480464625,-0.16886543535620052,0.09492847854356307,BE
348,2278,2626,0.8674790555978675,0.10476190476190476,-0.09817893903404593,BE
331,2410,2741,0.8792411528639182,-0.04885057471264368,0.05794556628621598,BE
363,2596,2959,0.8773234200743495,0.09667673716012085,0.07717842323651453,BE
341,1703,2044,0.8331702544031311,-0.06060606060606061,-0.34399075500770415,BE
361,1247,1608,0.775497512437811,0.05865102639296188,-0.26776277157956546,BE
330,1485,1815,0.8181818181818182,-0.08587257617728532,0.1908580593424218,BE
295,1408,1703,0.8267762771579565,-0.10606060606060606,-0.05185185185185185,BE
318,1576,1894,0.8321013727560718,0.07796610169491526,0.11931818181818182,BE
288,1308,1596,0.8195488721804511,-0.09433962264150944,-0.1700507614213198,BE
319,1514,1833,0.8259683578832515,0.1076388888888889,0.15749235474006115,BE
294,1414,1708,0.8278688524590164,-0.07836990595611286,-0.06605019815059446,BE
353,1608,1961,0.8199898011218766,0.20068027210884354,0.1371994342291372,BE
346,2723,3069,0.8872596937113066,-0.019830028328611898,0.693407960199005,BE
294,2620,2914,0.8991077556623198,-0.15028901734104047,-0.03782592728608153,BE
386,1516,1902,0.7970557308096741,0.3129251700680272,-0.4213740458015267,BE
352,1707,2059,0.82904322486644,-0.08808290155440414,0.12598944591029024,BE
345,1547,1892,0.8176532769556025,-0.019886363636363636,-0.09373169302870533,BE
326,2630,2956,0.8897158322056834,-0.05507246376811594,0.7000646412411118,BE
345,2416,2761,0.875045273451648,0.05828220858895705,-0.08136882129277566,BE
273,2356,2629,0.896158235070369,-0.20869565217391303,-0.024834437086092714,BE
309,2533,2842,0.8912737508796622,0.13186813186813187,0.07512733446519525,BE
298,2513,2811,0.8939879046602632,-0.03559870550161812,-0.007895775759968417,BE
310,2562,2872,0.8920612813370473,0.040268456375838924,0.019498607242339833,BE
310,2353,2663,0.883589936162223,0.0,-0.08157689305230288,BE
309,2655,2964,0.895748987854251,-0.0032258064516129032,0.12834679133021676,BE
283,1425,1708,0.8343091334894613,-0.08414239482200647,-0.4632768361581921,BE
284,1384,1668,0.829736211031175,0.0035335689045936395,-0.028771929824561403,BE
346,1675,2021,0.8287976249381495,0.21830985915492956,0.21026011560693642,BE
287,1398,1685,0.829673590504451,-0.17052023121387283,-0.1653731343283582,BE
288,1603,1891,0.8476996298254892,0.003484320557491289,0.14663805436337626,BE
317,1486,1803,0.8241819190238492,0.10069444444444445,-0.07298814722395508,BE
322,1677,1999,0.8389194597298649,0.015772870662460567,0.1285329744279946,BE
324,1425,1749,0.8147512864493996,0.006211180124223602,-0.15026833631484796,BE
317,1311,1628,0.8052825552825553,-0.021604938271604937,-0.08,BE
308,1795,2103,0.8535425582501189,-0.028391167192429023,0.3691838291380625,BE
307,1352,1659,0.814948764315853,-0.003246753246753247,-0.2467966573816156,BE
311,2644,2955,0.8947546531302877,0.013029315960912053,0.9556213017751479,BE
279,1852,2131,0.8690755513843266,-0.10289389067524116,-0.29954614220877457,BE
372,1662,2034,0.8171091445427728,0.3333333333333333,-0.10259179265658748,BE
355,1520,1875,0.8106666666666666,-0.0456989247311828,-0.08543922984356198,BE
310,2688,2998,0.8965977318212142,-0.1267605633802817,0.7684210526315789,BE
308,1686,1994,0.8455366098294884,-0.0064516129032258064,-0.37276785714285715,BE
378,1584,1962,0.8073394495412844,0.22727272727272727,-0.060498220640569395,BE
311,2593,2904,0.8929063360881543,-0.17724867724867724,0.6369949494949495,BE
316,2544,2860,0.8895104895104895,0.01607717041800643,-0.018897030466640957,BE
297,2729,3026,0.9018506278916061,-0.060126582278481014,0.07272012578616352,BE
318,2507,2825,0.8874336283185841,0.0707070707070707,-0.08134847929644558,BE
300,2354,2654,0.8869630746043707,-0.05660377358490566,-0.06102911846828879,BE
324,2866,3190,0.8984326018808777,0.08,0.21750212404418012,BE
364,2760,3124,0.8834827144686299,0.12345679012345678,-0.03698534542916958,BE
312,2838,3150,0.900952380952381,-0.14285714285714285,0.02826086956521739,BE
318,2543,2861,0.8888500524292205,0.019230769230769232,-0.10394644115574349,BE
337,2559,2896,0.8836325966850829,0.059748427672955975,0.006291781360597719,BE
350,2546,2896,0.8791436464088398,0.03857566765578635,-0.005080109417741305,BE
311,2758,3069,0.8986640599543826,-0.11142857142857143,0.08326787117046347,BE
303,2449,2752,0.8898982558139535,-0.02572347266881029,-0.112037708484409,BE
342,2608,2950,0.8840677966101695,0.12871287128712872,0.06492445896284198,BE
365,2272,2637,0.8615851346226773,0.06725146198830409,-0.12883435582822086,BE
308,2596,2904,0.8939393939393939,-0.15616438356164383,0.1426056338028169,BE
346,2439,2785,0.8757630161579892,0.12337662337662338,-0.060477657935285055,BE
303,2880,3183,0.9048067860508954,-0.12427745664739884,0.18081180811808117,BE
345,2654,2999,0.8849616538846282,0.13861386138613863,-0.07847222222222222,BE
339,2366,2705,0.8746765249537892,-0.017391304347826087,-0.10851544837980406,BE
374,2851,3225,0.884031007751938,0.10324483775811209,0.20498732037193576,BE
336,2496,2832,0.8813559322033898,-0.10160427807486631,-0.12451771308312873,BE
348,2561,2909,0.880371261601925,0.03571428571428571,0.026041666666666668,BE
331,2960,3291,0.8994226678821027,-0.04885057471264368,0.15579851620460758,BE
361,2570,2931,0.87683384510406,0.09063444108761329,-0.13175675675675674,BE
376,2619,2995,0.8744574290484141,0.04155124653739612,0.01906614785992218,BE
321,2859,3180,0.8990566037735849,-0.14627659574468085,0.09163802978235967,BE
331,2730,3061,0.8918654034629206,0.03115264797507788,-0.04512067156348373,BE
335,2713,3048,0.8900918635170604,0.012084592145015106,-0.0062271062271062275,BE
318,3090,3408,0.9066901408450704,-0.050746268656716415,0.13896056026538886,BE
291,2698,2989,0.9026430244228839,-0.08490566037735849,-0.1268608414239482,BE
336,3005,3341,0.8994313079916193,0.15463917525773196,0.11378799110452187,BE
357,2437,2794,0.8722261989978526,0.0625,-0.18901830282861898,BE
380,2809,3189,0.8808403888366259,0.06442577030812324,0.15264669675830939,BE
333,2568,2901,0.8852119958634953,-0.12368421052631579,-0.08579565681737274,BE
308,2609,2917,0.8944120671923209,-0.07507507507507508,0.015965732087227413,BE
302,2934,3236,0.9066749072929543,-0.01948051948051948,0.1245688003066309,BE
309,2649,2958,0.8955375253549696,0.023178807947019868,-0.09713701431492842,BE
315,2789,3104,0.8985180412371134,0.019417475728155338,0.05285013212533032,BE
689,2679,3368,0.7954275534441805,1.1873015873015873,-0.03944065973467192,BE
332,3019,3351,0.9009250969859743,-0.5181422351233672,0.1269130272489735,BE
288,2748,3036,0.9051383399209486,-0.13253012048192772,-0.08976482278900298,BE
327,2735,3062,0.8932070542129327,0.13541666666666666,-0.004730713245997089,BE
331,2486,2817,0.8824991125310614,0.012232415902140673,-0.09104204753199269,BE
394,2842,3236,0.8782447466007417,0.1903323262839879,0.14320193081255028,BE
387,2784,3171,0.8779564806054873,-0.017766497461928935,-0.02040816326530612,BE
325,2724,3049,0.8934076746474254,-0.16020671834625322,-0.021551724137931036,BE
369,2577,2946,0.8747454175152749,0.13538461538461538,-0.053964757709251104,BE
377,3008,3385,0.8886262924667652,0.02168021680216802,0.1672487388436166,BE
343,2901,3244,0.8942663378545006,-0.09018567639257294,-0.0355718085106383,BE
302,2807,3109,0.9028626568028305,-0.119533527696793,-0.03240261978628059,BE
337,2684,3021,0.8884475339291625,0.11589403973509933,-0.04381902386889918,BE
319,2957,3276,0.9026251526251526,-0.05341246290801187,0.10171385991058123,BE
333,2533,2866,0.8838101884159106,0.0438871473354232,-0.14338856949611092,BE
275,2859,3134,0.912252712188896,-0.17417417417417416,0.12870114488748519,BE
401,2477,2878,0.8606671299513551,0.4581818181818182,-0.1336131514515565,BE
323,2752,3075,0.894959349593496,-0.19451371571072318,0.11102139685102948,BE
328,2756,3084,0.893644617380026,0.015479876160990712,0.0014534883720930232,BE
310,2574,2884,0.8925104022191401,-0.054878048780487805,-0.0660377358490566,BE
331,2560,2891,0.8855067450709098,0.06774193548387097,-0.005439005439005439,BE
341,2705,3046,0.8880499015101773,0.030211480362537766,0.056640625,BE
293,2406,2699,0.8914412745461282,-0.14076246334310852,-0.11053604436229206,BE
317,2563,2880,0.8899305555555556,0.08191126279863481,0.06525353283458021,BE
412,2648,3060,0.865359477124183,0.2996845425867508,0.03316426063207179,BE
335,2472,2807,0.8806555040969006,-0.18689320388349515,-0.06646525679758308,BE
294,2485,2779,0.8942065491183879,-0.12238805970149254,0.0052588996763754045,BE
300,2674,2974,0.8991257565568258,0.02040816326530612,0.07605633802816901,BE
291,2811,3102,0.9061895551257253,-0.03,0.0512341062079282,BE
286,2922,3208,0.9108478802992519,-0.01718213058419244,0.03948772678762007,BE
309,2654,2963,0.8957138035774553,0.08041958041958042,-0.0917180013689254,BE
298,2904,3202,0.9069331667707683,-0.03559870550161812,0.09419743782969103,BE
298,2418,2716,0.8902798232695139,0.0,-0.16735537190082644,BE
329,2883,3212,0.8975716064757161,0.1040268456375839,0.19230769230769232,BE
458,2330,2788,0.8357245337159254,0.39209726443769,-0.19181408255289628,BE
334,2822,3156,0.894169835234474,-0.27074235807860264,0.2111587982832618,BE
311,2744,3055,0.8981996726677578,-0.0688622754491018,-0.027639971651311126,BE
354,2994,3348,0.8942652329749103,0.1382636655948553,0.09110787172011661,BE
354,2990,3344,0.8941387559808612,0.0,-0.0013360053440213762,BE
385,2695,3080,0.875,0.08757062146892655,-0.09866220735785954,BE
298,2566,2864,0.895949720670391,-0.22597402597402597,-0.04786641929499073,BE
345,2568,2913,0.8815653964984552,0.15771812080536912,0.000779423226812159,BE
314,2651,2965,0.894097807757167,-0.08985507246376812,0.0323208722741433,BE
298,2733,3031,0.9016826129990102,-0.050955414012738856,0.03093172387778197,BE
358,2459,2817,0.8729144479943202,0.20134228187919462,-0.10025612879619465,BE
292,2555,2847,0.8974358974358975,-0.18435754189944134,0.03904026026840179,BE
324,3013,3337,0.9029068025172311,0.1095890410958904,0.1792563600782779,BE
299,2679,2978,0.8995970449966421,-0.07716049382716049,-0.11085297046133422,BE
461,2925,3386,0.8638511518015357,0.5418060200668896,0.09182530795072788,BE
285,2856,3141,0.9092645654250239,-0.38177874186550975,-0.02358974358974359,BE
303,2826,3129,0.9031639501438159,0.06315789473684211,-0.01050420168067227,BE
389,2670,3059,0.8728342595619484,0.2838283828382838,-0.055201698513800426,BE
371,3121,3492,0.8937571592210768,-0.04627249357326478,0.16891385767790262,BE
308,2283,2591,0.8811269780007719,-0.16981132075471697,-0.26850368471643704,BE
380,2877,3257,0.8833282161498311,0.23376623376623376,0.26018396846254926,BE
340,2809,3149,0.8920292156240076,-0.10526315789473684,-0.023635731664928744,BE
303,2651,2954,0.8974272173324306,-0.10882352941176471,-0.056247775008899964,BE
1309,2509,3818,0.6571503404924044,3.32013201320132,-0.05356469256884195,BE
1314,2808,4122,0.6812227074235808,0.0038197097020626434,0.11917098445595854,BE
1343,3024,4367,0.69246622395237,0.02207001522070015,0.07692307692307693,BE
1326,3187,4513,0.706182140483049,-0.012658227848101266,0.0539021164021164,BE
301,2759,3060,0.9016339869281046,-0.773001508295626,-0.1342955757765924,BE
320,2579,2899,0.889617109348051,0.06312292358803986,-0.06524102935846321,BE
296,2732,3028,0.9022457067371202,-0.075,0.059325319891430785,BE
307,2681,2988,0.8972556894243642,0.037162162162162164,-0.018667642752562226,BE
399,2649,3048,0.8690944881889764,0.2996742671009772,-0.011935844834017158,BE
278,2510,2788,0.900286944045911,-0.3032581453634085,-0.05247263118157795,BE
303,2691,2994,0.8987975951903807,0.08992805755395683,0.07211155378486056,BE
308,2312,2620,0.8824427480916031,0.0165016501650165,-0.1408398364920104,BE
394,2678,3072,0.8717447916666666,0.2792207792207792,0.1583044982698962,BE
289,3028,3317,0.9128730780826048,-0.26649746192893403,0.13069454817027631,BE
316,2251,2567,0.876899104012466,0.09342560553633218,-0.25660501981505945,BE
312,2665,2977,0.8951965065502183,-0.012658227848101266,0.18391825855175478,BE
325,2563,2888,0.8874653739612188,0.041666666666666664,-0.03827392120075047,BE
321,2403,2724,0.8821585903083701,-0.012307692307692308,-0.06242684354272337,BE
281,3080,3361,0.9163939303778638,-0.12461059190031153,0.2817311693716188,BE
273,3203,3476,0.9214614499424626,-0.028469750889679714,0.039935064935064934,BE
299,7729,8028,0.9627553562531141,0.09523809523809523,1.4130502653762098,BE
329,2833,3162,0.8959519291587603,0.10033444816053512,-0.633458403415707,BE
324,2676,3000,0.892,-0.015197568389057751,-0.0554182845040593,BE
306,2887,3193,0.9041653617287817,-0.05555555555555555,0.0788490284005979,BE
342,2290,2632,0.8700607902735562,0.11764705882352941,-0.2067890543817111,BE
285,2558,2843,0.8997537812170243,-0.16666666666666666,0.11703056768558952,BE
277,2643,2920,0.9051369863013699,-0.028070175438596492,0.033229085222830336,BE
322,2564,2886,0.8884268884268884,0.1624548736462094,-0.02989027620128642,BE
344,2627,2971,0.8842140693369236,0.06832298136645963,0.02457098283931357,BE
296,3008,3304,0.910411622276029,-0.13953488372093023,0.14503235629996195,BE
336,2843,3179,0.8943063856558666,0.13513513513513514,-0.05485372340425532,BE
363,2537,2900,0.8748275862068966,0.08035714285714286,-0.10763278227224762,BE
319,2808,3127,0.8979852894147745,-0.12121212121212122,0.10681907765076862,BE
310,3150,3460,0.9104046242774566,-0.02821316614420063,0.12179487179487179,BE
316,2623,2939,0.8924804355222865,0.01935483870967742,-0.1673015873015873,BE
331,2787,3118,0.8938422065426556,0.04746835443037975,0.06252382767823103,BE
324,2698,3022,0.8927862342819325,-0.021148036253776436,-0.031933979189092215,BE
312,2695,3007,0.896242101762554,-0.037037037037037035,-0.001111934766493699,BE
300,2857,3157,0.904973075704783,-0.038461538461538464,0.060111317254174394,BE
304,2800,3104,0.9020618556701031,0.013333333333333334,-0.019950997549877492,BE
307,2669,2976,0.8968413978494624,0.009868421052631578,-0.046785714285714285,BE
344,2429,2773,0.8759466282005048,0.12052117263843648,-0.08992131884600973,BE
302,2860,3162,0.9044908285895004,-0.12209302325581395,0.17743927542198434,BE
358,2989,3347,0.8930385419778907,0.18543046357615894,0.045104895104895106,BE
350,2552,2902,0.8793935217091661,-0.0223463687150838,-0.14620274339243894,BE
298,2373,2671,0.8884312991388993,-0.14857142857142858,-0.07014106583072101,BE
311,2688,2999,0.8962987662554185,0.0436241610738255,0.13274336283185842,BE
401,2909,3310,0.8788519637462235,0.28938906752411575,0.0822172619047619,BE
354,2740,3094,0.885585003232062,-0.1172069825436409,-0.058095565486421454,BE
310,2779,3089,0.8996438977015215,-0.12429378531073447,0.014233576642335766,BE
275,2518,2793,0.9015395631936985,-0.11290322580645161,-0.09391867578265563,BE
310,2535,2845,0.8910369068541301,0.12727272727272726,0.006751389992057188,BE
330,2673,3003,0.8901098901098901,0.06451612903225806,0.054437869822485205,BE
285,2846,3131,0.9089747684445864,-0.13636363636363635,0.06472128694350916,BE
327,2438,2765,0.8817359855334539,0.14736842105263157,-0.1433591004919185,BE
313,2818,3131,0.9000319386777388,-0.04281345565749235,0.15586546349466776,BE
293,2768,3061,0.9042796471741261,-0.06389776357827476,-0.017743080198722498,BE
325,2484,2809,0.8843004627981488,0.10921501706484642,-0.10260115606936417,BE
300,2479,2779,0.8920474991003958,-0.07692307692307693,-0.002012882447665056,BE
319,2606,2925,0.890940170940171,0.06333333333333334,0.051230334812424366,BE
305,2739,3044,0.8998028909329829,-0.0438871473354232,0.05103607060629317,BE
276,2329,2605,0.8940499040307102,-0.09508196721311475,-0.1496896677619569,BE
298,2598,2896,0.8970994475138122,0.07971014492753623,0.11550021468441392,BE
300,2519,2819,0.8935792834338417,0.006711409395973154,-0.030408006158583526,BE
272,2582,2854,0.9046951646811493,-0.09333333333333334,0.02500992457324335,BE
304,2736,3040,0.9,0.11764705882352941,0.05964368706429125,BE
306,2622,2928,0.8954918032786885,0.006578947368421052,-0.041666666666666664,BE
306,2352,2658,0.8848758465011287,0.0,-0.10297482837528604,BE
305,2641,2946,0.896469789545146,-0.0032679738562091504,0.12287414965986394,BE
334,2522,2856,0.8830532212885154,0.09508196721311475,-0.045058689890193106,BE
401,2647,3048,0.8684383202099738,0.20059880239520958,0.049563838223632035,BE
375,2812,3187,0.8823344838406024,-0.06483790523690773,0.062334718549301095,BE
313,2374,2687,0.8835132117603275,-0.16533333333333333,-0.15576102418207682,BE
296,2402,2698,0.8902891030392883,-0.054313099041533544,0.011794439764111205,BE
295,2728,3023,0.9024148197155144,-0.0033783783783783786,0.1357202331390508,BE
333,2692,3025,0.8899173553719009,0.1288135593220339,-0.013196480938416423,BE
357,2686,3043,0.88268156424581,0.07207207207207207,-0.002228826151560178,BE
376,2637,3013,0.8752074344507136,0.05322128851540616,-0.018242740134028296,BE
271,2599,2870,0.9055749128919861,-0.27925531914893614,-0.01441031475161168,BE
292,2288,2580,0.8868217054263566,0.07749077490774908,-0.11966140823393613,BE
285,2704,2989,0.9046503847440616,-0.023972602739726026,0.18181818181818182,BE
331,1930,2261,0.8536045997346307,0,0,LU
365,2088,2453,0.8512026090501427,0.1027190332326284,0.08186528497409326,LU
338,2487,2825,0.8803539823008849,-0.07397260273972603,0.1910919540229885,LU
328,2016,2344,0.8600682593856656,-0.029585798816568046,-0.18938480096501809,LU
319,2008,2327,0.862913622690159,-0.027439024390243903,-0.003968253968253968,LU
307,1328,1635,0.8122324159021407,-0.03761755485893417,-0.3386454183266932,LU
392,1857,2249,0.8257003112494442,0.2768729641693811,0.3983433734939759,LU
358,1679,2037,0.8242513500245459,-0.08673469387755102,-0.09585352719439957,LU
336,1967,2303,0.8541033434650456,-0.061452513966480445,0.17153067301965455,LU
328,2028,2356,0.8607809847198642,-0.023809523809523808,0.031011692933401117,LU
308,1797,2105,0.8536817102137767,-0.06097560975609756,-0.11390532544378698,LU
316,2065,2381,0.8672826543469131,0.025974025974025976,0.14913745130773512,LU
394,1667,2061,0.8088306647258612,0.2468354430379747,-0.19273607748184018,LU
392,2151,2543,0.8458513566653558,-0.005076142131979695,0.2903419316136773,LU
343,1770,2113,0.8376715570279224,-0.125,-0.17712691771269176,LU
313,1873,2186,0.8568161024702653,-0.08746355685131195,0.05819209039548023,LU
314,1730,2044,0.8463796477495108,0.003194888178913738,-0.07634810464495462,LU
293,1877,2170,0.8649769585253456,-0.06687898089171974,0.08497109826589595,LU
315,5795,6110,0.9484451718494271,0.07508532423208192,2.0873734683004797,LU
342,2194,2536,0.8651419558359621,0.08571428571428572,-0.621397756686799,LU
310,2087,2397,0.870671672924489,-0.0935672514619883,-0.0487693710118505,LU
336,2176,2512,0.8662420382165605,0.08387096774193549,0.04264494489698131,LU
337,1869,2206,0.8472348141432456,0.002976190476190476,-0.1410845588235294,LU
379,2319,2698,0.8595255744996294,0.12462908011869436,0.24077046548956663,LU
316,2065,2381,0.8672826543469131,-0.1662269129287599,-0.10952996981457525,LU
308,1809,2117,0.8545111006140765,-0.02531645569620253,-0.12397094430992736,LU
386,1994,2380,0.8378151260504202,0.2532467532467532,0.10226644555002765,LU
384,2100,2484,0.8454106280193237,-0.0051813471502590676,0.05315947843530592,LU
368,1935,2303,0.8402084237950499,-0.041666666666666664,-0.07857142857142857,LU
329,1785,2114,0.8443708609271523,-0.10597826086956522,-0.07751937984496124,LU
365,2059,2424,0.8494224422442245,0.1094224924012158,0.1535014005602241,LU
353,2143,2496,0.858573717948718,-0.03287671232876712,0.04079650315687227,LU
318,2430,2748,0.8842794759825328,-0.09915014164305949,0.13392440503966402,LU
346,3736,4082,0.9152376286134248,0.0880503144654088,0.5374485596707819,LU
354,2336,2690,0.8684014869888476,0.023121387283236993,-0.3747323340471092,LU
355,2212,2567,0.8617062719127386,0.002824858757062147,-0.053082191780821915,LU
322,1840,2162,0.851063829787234,-0.09295774647887324,-0.16817359855334538,LU
293,2097,2390,0.8774058577405858,-0.09006211180124224,0.13967391304347826,LU
320,3023,3343,0.9042775949745737,0.09215017064846416,0.44158321411540297,LU
335,1985,2320,0.8556034482758621,0.046875,-0.343367515712868,LU
374,2611,2985,0.8747068676716918,0.11641791044776119,0.31536523929471033,LU
306,1993,2299,0.8668986515876468,-0.18181818181818182,-0.23669092301800077,LU
472,1869,2341,0.7983767620674925,0.5424836601307189,-0.06221776216758655,LU
304,4015,4319,0.9296133364204677,-0.3559322033898305,1.1482075976458,LU
334,2046,2380,0.8596638655462185,0.09868421052631579,-0.4904109589041096,LU
299,2170,2469,0.8788983394086675,-0.10479041916167664,0.06060606060606061,LU
290,2307,2597,0.888332691567193,-0.030100334448160536,0.06313364055299539,LU
319,2234,2553,0.8750489620054838,0.1,-0.03164282618118769,LU
319,1753,2072,0.846042471042471,0.0,-0.2153088630259624,LU
375,1771,2146,0.8252562907735321,0.1755485893416928,0.01026811180832858,LU
436,2085,2521,0.8270527568425228,0.16266666666666665,0.17730095990965555,LU
335,2013,2348,0.8573253833049403,-0.231651376146789,-0.034532374100719423,LU
299,3802,4101,0.9270909534259937,-0.10746268656716418,0.8887232985593642,LU
279,4202,4481,0.9377371122517295,-0.06688963210702341,0.10520778537611783,LU
373,2270,2643,0.8588724933787363,0.33691756272401435,-0.4597810566396954,LU
330,2027,2357,0.8599915146372508,-0.11528150134048257,-0.10704845814977973,LU
289,4250,4539,0.9363295880149812,-0.12424242424242424,1.0966946225949679,LU
297,4514,4811,0.9382664726668052,0.02768166089965398,0.06211764705882353,LU
364,2388,2752,0.8677325581395349,0.2255892255892256,-0.47097917589720867,LU
338,2289,2627,0.8713361248572516,-0.07142857142857142,-0.0414572864321608,LU
401,4338,4739,0.9153829921924457,0.1863905325443787,0.8951507208387942,LU
331,3889,4220,0.921563981042654,-0.1745635910224439,-0.10350391885661595,LU
329,1934,2263,0.8546177640300486,-0.006042296072507553,-0.5026999228593468,LU
378,2005,2383,0.8413764162819974,0.14893617021276595,0.03671147880041365,LU
348,2027,2375,0.8534736842105263,-0.07936507936507936,0.010972568578553617,LU
293,2118,2411,0.8784736623807549,-0.15804597701149425,0.04489393191909225,LU
306,4005,4311,0.9290187891440501,0.04436860068259386,0.8909348441926346,LU
360,1762,2122,0.8303487276154571,0.17647058823529413,-0.5600499375780275,LU
301,2193,2494,0.8793103448275862,-0.1638888888888889,0.2446083995459705,LU
289,3892,4181,0.9308777804353026,-0.03986710963455149,0.7747378020975833,LU
319,2405,2724,0.8828928046989721,0.10380622837370242,-0.38206577595066804,LU
293,1956,2249,0.8697198755002223,-0.08150470219435736,-0.1866943866943867,LU
316,1525,1841,0.8283541553503531,0.07849829351535836,-0.22034764826175868,LU
312,4074,4386,0.9288645690834473,-0.012658227848101266,1.6714754098360656,LU
455,2482,2937,0.8450800136193395,0.4583333333333333,-0.3907707412862052,LU
295,1854,2149,0.8627268496975338,-0.3516483516483517,-0.25302175664786464,LU
305,3568,3873,0.9212496772527756,0.03389830508474576,0.924487594390507,LU
303,2432,2735,0.8892138939670933,-0.006557377049180328,-0.3183856502242152,LU
337,2220,2557,0.8682049276495893,0.11221122112211221,-0.08717105263157894,LU
377,1970,2347,0.8393694077545804,0.11869436201780416,-0.11261261261261261,LU
337,2074,2411,0.8602239734549979,-0.10610079575596817,0.05279187817258883,LU
303,4278,4581,0.933857236411264,-0.10089020771513353,1.0626808100289296,LU
304,4078,4382,0.9306252852578731,0.0033003300330033004,-0.04675081813931744,LU
317,2005,2322,0.8634797588285961,0.04276315789473684,-0.5083374203040706,LU
306,2043,2349,0.8697318007662835,-0.03470031545741325,0.018952618453865335,LU
325,1936,2261,0.8562582927908006,0.06209150326797386,-0.05237395986294665,LU
304,2280,2584,0.8823529411764706,-0.06461538461538462,0.17768595041322313,LU
367,2159,2526,0.8547110055423595,0.20723684210526316,-0.05307017543859649,LU
301,1899,2200,0.8631818181818182,-0.17983651226158037,-0.12042612320518759,LU
312,2266,2578,0.8789759503491078,0.036544850498338874,0.1932596103212217,LU
367,1814,2181,0.8317285648784961,0.1762820512820513,-0.1994704324801412,LU
299,1907,2206,0.8644605621033545,-0.18528610354223432,0.051267916207276734,LU
363,1950,2313,0.8430609597924773,0.2140468227424749,0.022548505506030415,LU
325,2261,2586,0.874323279195669,-0.1046831955922865,0.1594871794871795,LU
327,2183,2510,0.8697211155378486,0.006153846153846154,-0.03449800973020787,LU
310,2129,2439,0.8728987289872898,-0.05198776758409786,-0.024736601007787448,LU
363,2275,2638,0.8623957543593631,0.17096774193548386,0.06857679661813058,LU
354,1738,2092,0.8307839388145315,-0.024793388429752067,-0.23604395604395603,LU
353,2103,2456,0.8562703583061889,-0.002824858757062147,0.21001150747986191,LU
341,2163,2504,0.8638178913738019,-0.0339943342776204,0.028530670470756064,LU
397,2151,2548,0.8441915227629513,0.16422287390029325,-0.005547850208044383,LU
300,2014,2314,0.8703543647363872,-0.24433249370277077,-0.06369130636913063,LU
386,2262,2648,0.8542296072507553,0.2866666666666667,0.12313803376365443,LU
333,2168,2501,0.8668532586965214,-0.13730569948186527,-0.04155614500442087,LU
307,2171,2478,0.8761097659402745,-0.07807807807807808,0.0013837638376383763,LU
350,1999,2349,0.8510004257130694,0.14006514657980457,-0.07922616305849839,LU
297,3997,4294,0.9308337214718212,-0.15142857142857144,0.9994997498749375,LU
306,1781,2087,0.853378054623862,0.030303030303030304,-0.5544158118588942,LU
345,1972,2317,0.8511005610703496,0.12745098039215685,0.10724312184166199,LU
314,2188,2502,0.8745003996802558,-0.08985507246376812,0.10953346855983773,LU
278,1986,2264,0.877208480565371,-0.11464968152866242,-0.0923217550274223,LU
334,2223,2557,0.8693781775518186,0.2014388489208633,0.11933534743202417,LU
345,2010,2355,0.8535031847133758,0.03293413173652695,-0.09581646423751687,LU
404,1917,2321,0.8259370960792761,0.17101449275362318,-0.04626865671641791,LU
369,1948,2317,0.8407423392317652,-0.08663366336633663,0.01617110067814293,LU
328,1807,2135,0.8463700234192038,-0.1111111111111111,-0.07238193018480493,LU
334,2335,2669,0.8748594979393031,0.018292682926829267,0.29219701162147205,LU
290,2099,2389,0.8786102971954792,-0.1317365269461078,-0.10107066381156317,LU
293,1826,2119,0.8617272298253893,0.010344827586206896,-0.13006193425440685,LU
294,1974,2268,0.8703703703703703,0.0034129692832764505,0.08105147864184009,LU
368,1994,2362,0.8441998306519899,0.25170068027210885,0.010131712259371834,LU
347,2437,2784,0.8753591954022989,-0.057065217391304345,0.22216649949849548,LU
372,2131,2503,0.8513783459848182,0.07204610951008646,-0.12556421830119,LU
498,1790,2288,0.7823426573426573,0.3387096774193548,-0.16001877053026747,LU
283,1807,2090,0.8645933014354067,-0.43172690763052207,0.009497206703910615,LU
315,2105,2420,0.8698347107438017,0.11307420494699646,0.1649142224681793,LU
313,1891,2204,0.8579854809437386,-0.006349206349206349,-0.1016627078384798,LU
376,2049,2425,0.8449484536082474,0.2012779552715655,0.08355367530407191,LU
298,1839,2137,0.86055217594759,-0.2074468085106383,-0.10248901903367497,LU
377,2213,2590,0.8544401544401544,0.2651006711409396,0.20337139749864055,LU
273,2159,2432,0.8877467105263158,-0.27586206896551724,-0.024401265250790782,LU
339,2020,2359,0.8562950402713014,0.24175824175824176,-0.06438165817508106,LU
289,2274,2563,0.887241513850956,-0.14749262536873156,0.12574257425742574,LU
315,2190,2505,0.874251497005988,0.08996539792387544,-0.036939313984168866,LU
365,2055,2420,0.8491735537190083,0.15873015873015872,-0.06164383561643835,LU
297,2163,2460,0.8792682926829268,-0.1863013698630137,0.052554744525547446,LU
278,2041,2319,0.8801207416990082,-0.06397306397306397,-0.05640314378178456,LU
343,2255,2598,0.8679753656658968,0.23381294964028776,0.10485056344928956,LU
307,3947,4254,0.9278326281147156,-0.10495626822157435,0.7503325942350333,LU
298,2029,2327,0.8719381177481736,-0.029315960912052116,-0.4859386876108437,LU
395,2086,2481,0.8407900040306329,0.32550335570469796,0.028092656481025137,LU
442,1966,2408,0.8164451827242525,0.1189873417721519,-0.05752636625119847,LU
315,2297,2612,0.8794027565084227,-0.2873303167420814,0.1683621566632757,LU
294,2158,2452,0.8800978792822186,-0.06666666666666667,-0.060513713539399216,LU
312,2172,2484,0.8743961352657005,0.061224489795918366,0.006487488415199258,LU
331,2115,2446,0.8646770237121831,0.060897435897435896,-0.026243093922651933,LU
275,2092,2367,0.8838191803971271,-0.1691842900302115,-0.010874704491725768,LU
329,2667,2996,0.8901869158878505,0.19636363636363635,0.2748565965583174,LU
320,2359,2679,0.8805524449421426,-0.02735562310030395,-0.11548556430446194,LU
312,2248,2560,0.878125,-0.025,-0.04705383637134379,LU
323,2069,2392,0.8649665551839465,0.035256410256410256,-0.07962633451957295,LU
320,1956,2276,0.859402460456942,-0.009287925696594427,-0.05461575640405993,LU
395,2168,2563,0.8458837300039017,0.234375,0.1083844580777096,LU
315,2157,2472,0.8725728155339806,-0.20253164556962025,-0.00507380073800738,LU
373,1941,2314,0.8388072601555747,0.18412698412698414,-0.10013908205841446,LU
316,2293,2609,0.878880797240322,-0.15281501340482573,0.18134981968057703,LU
327,2054,2381,0.862662746745065,0.03481012658227848,-0.10423026602703882,LU
272,2090,2362,0.8848433530906011,-0.16819571865443425,0.017526777020447908,LU
316,1788,2104,0.8498098859315589,0.16176470588235295,-0.1444976076555024,LU
336,2228,2564,0.8689547581903276,0.06329113924050633,0.24608501118568232,LU
333,2088,2421,0.862453531598513,-0.008928571428571428,-0.06283662477558348,LU
276,1809,2085,0.8676258992805755,-0.17117117117117117,-0.1336206896551724,LU
284,1923,2207,0.8713185319438151,0.028985507246376812,0.06301824212271974,LU
289,1763,2052,0.8591617933723197,0.017605633802816902,-0.08320332813312532,LU
308,2008,2316,0.8670120898100173,0.0657439446366782,0.13896766874645491,LU
291,2163,2454,0.8814180929095354,-0.05519480519480519,0.07719123505976096,LU
308,2195,2503,0.8769476628046344,0.058419243986254296,0.014794267221451687,LU
317,1947,2264,0.859982332155477,0.02922077922077922,-0.11298405466970388,LU
293,2172,2465,0.8811359026369169,-0.07570977917981073,0.11556240369799692,LU
357,1964,2321,0.8461869883670832,0.21843003412969283,-0.09576427255985268,LU
304,1919,2223,0.8632478632478633,-0.1484593837535014,-0.022912423625254582,LU
327,1939,2266,0.8556928508384819,0.0756578947368421,0.010422094841063054,LU
299,1891,2190,0.8634703196347032,-0.0856269113149847,-0.02475502836513667,LU
293,1862,2155,0.8640371229698376,-0.020066889632107024,-0.015335801163405606,LU
337,2137,2474,0.8637833468067906,0.15017064846416384,0.1476906552094522,LU
312,1990,2302,0.8644656820156386,-0.07418397626112759,-0.0687880205896116,LU
315,1852,2167,0.8546377480387632,0.009615384615384616,-0.06934673366834171,LU
316,3990,4306,0.9266140269391546,0.0031746031746031746,1.154427645788337,LU
308,2101,2409,0.8721461187214612,-0.02531645569620253,-0.47343358395989976,LU
297,1853,2150,0.8618604651162791,-0.03571428571428571,-0.11803902903379343,LU
307,2443,2750,0.8883636363636364,0.03367003367003367,0.31840259039395574,LU
337,1932,2269,0.8514764213309828,0.09771986970684039,-0.20916905444126074,LU
333,3770,4103,0.9188398732634657,-0.011869436201780416,0.9513457556935818,LU
291,1948,2239,0.8700312639571237,-0.12612612612612611,-0.483289124668435,LU
299,1730,2029,0.8526367668802366,0.027491408934707903,-0.11190965092402463,LU
284,2587,2871,0.9010797631487286,-0.05016722408026756,0.4953757225433526,LU
292,1933,2225,0.8687640449438202,0.028169014084507043,-0.25280247390800153,LU
323,2358,2681,0.8795225662066393,0.10616438356164383,0.21986549405069838,LU
297,3881,4178,0.9289133556725706,-0.0804953560371517,0.6458863443596268,LU
327,2092,2419,0.864820173625465,0.10101010101010101,-0.46096366915743364,LU
325,2247,2572,0.8736391912908242,-0.0061162079510703364,0.07409177820267686,LU
294,1609,1903,0.8455070940620073,-0.09538461538461539,-0.2839341344014241,LU
328,2266,2594,0.8735543562066307,0.11564625850340136,0.4083281541330019,LU
309,3990,4299,0.928122819260293,-0.057926829268292686,0.7608120035304501,LU
338,1935,2273,0.8512978442586889,0.09385113268608414,-0.5150375939849624,LU
297,2361,2658,0.8882618510158014,-0.12130177514792899,0.22015503875968992,LU
309,2097,2406,0.871571072319202,0.04040404040404041,-0.11181702668360864,LU
370,1713,2083,0.8223715794527124,0.19741100323624594,-0.18311874105865522,LU
326,1803,2129,0.84687646782527,-0.11891891891891893,0.05253940455341506,LU
323,1482,1805,0.8210526315789474,-0.009202453987730062,-0.17803660565723795,LU
307,1733,2040,0.8495098039215686,-0.04953560371517028,0.16936572199730093,LU
340,1866,2206,0.8458748866727108,0.10749185667752444,0.07674552798615118,LU
285,1809,2094,0.8638968481375359,-0.16176470588235295,-0.03054662379421222,LU
321,1849,2170,0.852073732718894,0.12631578947368421,0.02211166390270868,LU
330,1816,2146,0.8462255358807083,0.028037383177570093,-0.017847485127095726,LU
314,1756,2070,0.8483091787439614,-0.048484848484848485,-0.03303964757709251,LU
348,1814,2162,0.8390379278445883,0.10828025477707007,0.03302961275626424,LU
329,1757,2086,0.8422818791946308,-0.05459770114942529,-0.031422271223814774,LU
366,1972,2338,0.8434559452523525,0.11246200607902736,0.12236767216846899,LU
284,2146,2430,0.8831275720164609,-0.22404371584699453,0.08823529411764706,LU
307,1646,1953,0.8428059395801332,0.08098591549295775,-0.23299161230195714,LU
288,1749,2037,0.8586156111929307,-0.06188925081433225,0.06257594167679223,LU
294,1943,2237,0.8685739830129638,0.020833333333333332,0.11092052601486564,LU
316,3815,4131,0.9235052045509562,0.07482993197278912,0.9634585692228512,LU
310,2004,2314,0.8660328435609335,-0.0189873417721519,-0.4747051114023591,LU
322,1997,2319,0.8611470461405778,0.03870967741935484,-0.003493013972055888,LU
299,2121,2420,0.8764462809917355,-0.07142857142857142,0.06209313970956434,LU
349,2069,2418,0.8556658395368073,0.16722408026755853,-0.024516737388024516,LU
306,2167,2473,0.8762636473918318,-0.12320916905444126,0.04736587723537941,LU
375,1968,2343,0.8399487836107554,0.22549019607843138,-0.09183202584217813,LU
414,1932,2346,0.8235294117647058,0.104,-0.018292682926829267,LU
352,1919,2271,0.8450022016732717,-0.1497584541062802,-0.006728778467908903,LU
315,2113,2428,0.8702635914332785,-0.10511363636363637,0.10109431995831163,LU
306,2108,2414,0.8732394366197183,-0.02857142857142857,-0.00236630383341221,LU
374,2059,2433,0.8462803123715578,0.2222222222222222,-0.023244781783681213,LU
396,1791,2187,0.8189300411522634,0.058823529411764705,-0.13016027197668772,LU
369,4011,4380,0.9157534246575343,-0.06818181818181818,1.2395309882747068,LU
321,1812,2133,0.849507735583685,-0.13008130081300814,-0.5482423335826477,LU
376,2097,2473,0.8479579458147999,0.17133956386292834,0.15728476821192053,LU
335,2010,2345,0.8571428571428571,-0.10904255319148937,-0.04148783977110158,LU
332,1761,2093,0.8413760152890588,-0.008955223880597015,-0.12388059701492538,LU
444,3871,4315,0.8971031286210892,0.3373493975903614,1.198182850653038,LU
320,4000,4320,0.9259259259259259,-0.27927927927927926,0.03332472229398088,LU
376,2185,2561,0.8531823506442796,0.175,-0.45375,LU
388,3902,4290,0.9095571095571096,0.031914893617021274,0.785812356979405,LU
337,2016,2353,0.8567785805354866,-0.13144329896907217,-0.4833418759610456,LU
398,1760,2158,0.8155699721964782,0.18100890207715134,-0.12698412698412698,LU
478,2089,2567,0.8137904168289832,0.20100502512562815,0.18693181818181817,LU
389,3910,4299,0.9095138404280065,-0.18619246861924685,0.8717089516515079,LU
374,4114,4488,0.9166666666666666,-0.038560411311053984,0.05217391304347826,LU
351,1957,2308,0.8479202772963604,-0.06149732620320856,-0.5243072435585805,LU
364,2043,2407,0.8487744079767345,0.037037037037037035,0.04394481349003577,LU
352,1854,2206,0.8404351767905711,-0.03296703296703297,-0.09251101321585903,LU
429,1793,2222,0.806930693069307,0.21875,-0.03290183387270766,LU
362,4360,4722,0.9233375688267683,-0.1561771561771562,1.4316787506971556,LU
350,1822,2172,0.8388581952117864,-0.03314917127071823,-0.5821100917431192,LU
357,1854,2211,0.8385345997286295,0.02,0.01756311745334797,LU
361,1891,2252,0.8396980461811723,0.011204481792717087,0.019956850053937433,LU
354,1646,2000,0.823,-0.019390581717451522,-0.12956107879428874,LU
388,2005,2393,0.8378604262432093,0.096045197740113,0.2181044957472661,LU
444,2194,2638,0.8316906747536013,0.14432989690721648,0.0942643391521197,LU
374,1857,2231,0.8323621694307486,-0.15765765765765766,-0.1536007292616226,LU
390,2078,2468,0.8419773095623987,0.0427807486631016,0.11900915455035002,LU
383,2110,2493,0.8463698355395106,-0.017948717948717947,0.015399422521655439,LU
360,2159,2519,0.8570861452957523,-0.06005221932114883,0.023222748815165877,LU
397,2083,2480,0.8399193548387097,0.10277777777777777,-0.03520148216767022,LU
382,1854,2236,0.8291592128801432,-0.037783375314861464,-0.1099375900144023,LU
