308,1565,1873,0.8355579284570208,0,0,DE
320,1542,1862,0.8281417830290011,0.03896103896103896,-0.014696485623003195,DE
300,1496,1796,0.8329621380846325,-0.0625,-0.029831387808041506,DE
299,1389,1688,0.8228672985781991,-0.0033333333333333335,-0.07152406417112299,DE
312,1449,1761,0.8228279386712095,0.043478260869565216,0.04319654427645788,DE
326,1527,1853,0.8240690771721533,0.04487179487179487,0.053830227743271224,DE
297,1579,1876,0.841684434968017,-0.08895705521472393,0.034053700065487885,DE
315,1151,1466,0.7851296043656207,0.06060606060606061,-0.2710576314122863,DE
308,1123,1431,0.7847658979734451,-0.022222222222222223,-0.02432667245873154,DE
282,1285,1567,0.8200382897255903,-0.08441558441558442,0.14425645592163847,DE
306,1844,2150,0.8576744186046512,0.0851063829787234,0.4350194552529183,DE
285,1218,1503,0.810379241516966,-0.06862745098039216,-0.33947939262472887,DE
313,1376,1689,0.8146832445233866,0.09824561403508772,0.1297208538587849,DE
393,1610,2003,0.8037943085371942,0.25559105431309903,0.17005813953488372,DE
357,1415,1772,0.7985327313769752,-0.0916030534351145,-0.12111801242236025,DE
345,4430,4775,0.9277486910994764,-0.03361344537815126,2.1307420494699647,DE
332,1752,2084,0.8406909788867563,-0.03768115942028986,-0.6045146726862303,DE
317,1282,1599,0.8017510944340213,-0.045180722891566265,-0.2682648401826484,DE
320,1375,1695,0.8112094395280236,0.00946372239747634,0.07254290171606864,DE
343,1254,1597,0.7852222917971196,0.071875,-0.088,DE
324,1862,2186,0.8517840805123513,-0.05539358600583091,0.48484848484848486,DE
338,1508,1846,0.8169014084507042,0.043209876543209874,-0.19011815252416756,DE
325,1304,1629,0.8004910988336402,-0.038461538461538464,-0.13527851458885942,DE
317,1249,1566,0.79757343550447,-0.024615384615384615,-0.04217791411042945,DE
288,1426,1714,0.8319719953325554,-0.0914826498422713,0.14171337069655723,DE
313,1630,1943,0.8389089037570767,0.08680555555555555,0.14305750350631136,DE
345,1899,2244,0.8462566844919787,0.10223642172523961,0.16503067484662576,DE
338,1427,1765,0.8084985835694051,-0.020289855072463767,-0.24855186940494997,DE
296,1601,1897,0.8439641539272535,-0.1242603550295858,0.12193412754029433,DE
309,1329,1638,0.8113553113553114,0.04391891891891892,-0.16989381636477202,DE
313,1527,1840,0.8298913043478261,0.012944983818770227,0.1489841986455982,DE
338,1368,1706,0.8018757327080891,0.07987220447284345,-0.10412573673870335,DE
323,2017,2340,0.861965811965812,-0.04437869822485207,0.47441520467836257,DE
325,1641,1966,0.8346897253306206,0.006191950464396285,-0.1864154685176004,DE
362,1532,1894,0.808870116156283,0.11384615384615385,-0.06642291285801341,DE
299,1444,1743,0.8284566838783706,-0.17403314917127072,-0.057441253263707574,DE
295,1471,1766,0.8329558323895809,-0.013377926421404682,0.018698060941828253,DE
388,1589,1977,0.8037430450177036,0.3152542372881356,0.08021753908905506,DE
327,1926,2253,0.8548601864181092,-0.15721649484536082,0.21208307111390812,DE
333,1696,2029,0.8358797437161163,0.01834862385321101,-0.11941848390446522,DE
312,1263,1575,0.8019047619047619,-0.06306306306306306,-0.2553066037735849,DE
276,4354,4630,0.9403887688984881,-0.11538461538461539,2.447347585114806,DE
286,1779,2065,0.8615012106537531,0.036231884057971016,-0.5914101975195223,DE
359,1566,1925,0.8135064935064935,0.25524475524475526,-0.11973018549747048,DE
326,1619,1945,0.8323907455012853,-0.09192200557103064,0.03384418901660281,DE
260,1482,1742,0.8507462686567164,-0.20245398773006135,-0.0846201358863496,DE
304,1412,1716,0.8228438228438228,0.16923076923076924,-0.04723346828609987,DE
301,1616,1917,0.8429838288993219,-0.009868421052631578,0.14447592067988668,DE
320,1991,2311,0.8615318044136737,0.06312292358803986,0.23205445544554457,DE
325,1428,1753,0.8146035367940673,0.015625,-0.2827724761426419,DE
327,1385,1712,0.8089953271028038,0.006153846153846154,-0.03011204481792717,DE
428,1379,1807,0.7631433314886552,0.308868501529052,-0.004332129963898917,DE
348,1294,1642,0.7880633373934226,-0.18691588785046728,-0.06163886874546773,DE
296,1577,1873,0.8419647624132408,-0.14942528735632185,0.2187017001545595,DE
293,1982,2275,0.8712087912087912,-0.010135135135135136,0.2568167406467977,DE
301,1431,1732,0.8262124711316398,0.027303754266211604,-0.27800201816347125,DE
307,1530,1837,0.8328796951551443,0.019933554817275746,0.06918238993710692,DE
355,1785,2140,0.8341121495327103,0.1563517915309446,0.16666666666666666,DE
349,3907,4256,0.9179981203007519,-0.016901408450704224,1.188795518207283,DE
336,1352,1688,0.8009478672985783,-0.03724928366762178,-0.6539544407473765,DE
318,1557,1875,0.8304,-0.05357142857142857,0.15162721893491124,DE
299,1360,1659,0.8197709463532248,-0.059748427672955975,-0.12652536929993577,DE
320,1114,1434,0.7768479776847977,0.07023411371237458,-0.18088235294117647,DE
318,1295,1613,0.8028518288902666,-0.00625,0.16247755834829444,DE
311,1288,1599,0.8055034396497811,-0.0220125786163522,-0.005405405405405406,DE
325,1593,1918,0.8305526590198123,0.04501607717041801,0.23680124223602483,DE
328,1380,1708,0.8079625292740047,0.009230769230769232,-0.1337099811676083,DE
311,1623,1934,0.8391933815925543,-0.051829268292682924,0.17608695652173914,DE
292,1689,1981,0.8525996971226654,-0.06109324758842444,0.04066543438077634,DE
349,1216,1565,0.7769968051118211,0.1952054794520548,-0.28004736530491414,DE
271,1268,1539,0.8239116309291747,-0.22349570200573066,0.04276315789473684,DE
300,1818,2118,0.8583569405099151,0.1070110701107011,0.43375394321766564,DE
301,1306,1607,0.8126944617299315,0.0033333333333333335,-0.2816281628162816,DE
297,1204,1501,0.8021319120586275,-0.013289036544850499,-0.0781010719754977,DE
360,1163,1523,0.7636244254760342,0.21212121212121213,-0.0340531561461794,DE
309,1424,1733,0.8216964800923254,-0.14166666666666666,0.2244196044711952,DE
373,1675,2048,0.81787109375,0.20711974110032363,0.17626404494382023,DE
308,1772,2080,0.8519230769230769,-0.1742627345844504,0.05791044776119403,DE
320,1619,1939,0.8349664775657556,0.03896103896103896,-0.0863431151241535,DE
301,1497,1798,0.8325917686318132,-0.059375,-0.0753551575046325,DE
298,1642,1940,0.8463917525773196,-0.009966777408637873,0.09686038744154976,DE
282,1654,1936,0.8543388429752066,-0.053691275167785234,0.007308160779537149,DE
364,1846,2210,0.8352941176470589,0.2907801418439716,0.11608222490931076,DE
317,1671,1988,0.8405432595573441,-0.12912087912087913,-0.09479956663055254,DE
323,1499,1822,0.822722283205269,0.01892744479495268,-0.10293237582286056,DE
364,2247,2611,0.8605898123324397,0.12693498452012383,0.4989993328885924,DE
418,1561,1979,0.7887822132390097,0.14835164835164835,-0.3052959501557632,DE
306,1237,1543,0.8016850291639663,-0.2679425837320574,-0.20755925688661114,DE
328,1925,2253,0.854416333777186,0.0718954248366013,0.5561843168957155,DE
334,1292,1626,0.7945879458794588,0.018292682926829267,-0.3288311688311688,DE
380,1497,1877,0.7975492807671817,0.1377245508982036,0.1586687306501548,DE
404,1702,2106,0.8081671415004749,0.06315789473684211,0.13694054776219106,DE
294,1269,1563,0.8119001919385797,-0.2722772277227723,-0.25440658049353704,DE
348,1192,1540,0.7740259740259741,0.1836734693877551,-0.06067769897557131,DE
351,1754,2105,0.8332541567695962,0.008620689655172414,0.4714765100671141,DE
331,1514,1845,0.8205962059620596,-0.05698005698005698,-0.13683010262257697,DE
333,1681,2014,0.8346573982125124,0.006042296072507553,0.11030383091149273,DE
315,1394,1709,0.815681685196021,-0.05405405405405406,-0.17073170731707318,DE
278,1640,1918,0.8550573514077163,-0.11746031746031746,0.17647058823529413,DE
309,1360,1669,0.8148591971240263,0.11151079136690648,-0.17073170731707318,DE
398,1568,1966,0.797558494404883,0.28802588996763756,0.15294117647058825,DE
296,3079,3375,0.9122962962962963,-0.2562814070351759,0.9636479591836735,DE
340,1157,1497,0.772879091516366,0.14864864864864866,-0.6242286456641767,DE
317,1407,1724,0.8161252900232019,-0.06764705882352941,0.21607605877268798,DE
319,1684,2003,0.8407388916625063,0.006309148264984227,0.1968727789623312,DE
314,1581,1895,0.8343007915567282,-0.01567398119122257,-0.06116389548693587,DE
344,1565,1909,0.819800942902043,0.09554140127388536,-0.010120177103099304,DE
322,1831,2153,0.8504412447747329,-0.06395348837209303,0.16996805111821087,DE
418,1496,1914,0.7816091954022989,0.2981366459627329,-0.1829601310759148,DE
292,1507,1799,0.8376876042245692,-0.3014354066985646,0.007352941176470588,DE
304,1734,2038,0.8508341511285574,0.0410958904109589,0.15063039150630392,DE
289,1488,1777,0.8373663477771525,-0.049342105263157895,-0.14186851211072665,DE
362,2655,3017,0.8800132582035134,0.25259515570934254,0.7842741935483871,DE
349,1426,1775,0.8033802816901409,-0.03591160220994475,-0.46290018832391716,DE
339,1351,1690,0.7994082840236686,-0.02865329512893983,-0.052594670406732116,DE
338,1342,1680,0.7988095238095239,-0.0029498525073746312,-0.006661732050333087,DE
319,1310,1629,0.8041743400859422,-0.05621301775147929,-0.02384500745156483,DE
351,1154,1505,0.7667774086378738,0.10031347962382445,-0.11908396946564885,DE
311,1243,1554,0.7998712998712999,-0.11396011396011396,0.07712305025996534,DE
299,1800,2099,0.857551214864221,-0.03858520900321544,0.4481094127111826,DE
269,1630,1899,0.8583464981569247,-0.10033444816053512,-0.09444444444444444,DE
295,1870,2165,0.8637413394919169,0.09665427509293681,0.147239263803681,DE
319,1456,1775,0.8202816901408451,0.08135593220338982,-0.22139037433155082,DE
349,1493,1842,0.8105320304017373,0.09404388714733543,0.025412087912087912,DE
306,1328,1634,0.8127294981640147,-0.12320916905444126,-0.11051574012056263,DE
330,1537,1867,0.8232458489555436,0.0784313725490196,0.15737951807228914,DE
360,1616,1976,0.8178137651821862,0.09090909090909091,0.05139882888744307,DE
316,1800,2116,0.8506616257088847,-0.12222222222222222,0.11386138613861387,DE
435,1270,1705,0.7448680351906158,0.37658227848101267,-0.29444444444444445,DE
393,1155,1548,0.7461240310077519,-0.09655172413793103,-0.09055118110236221,DE
355,1679,2034,0.8254670599803343,-0.09669211195928754,0.4536796536796537,DE
352,1488,1840,0.808695652173913,-0.008450704225352112,-0.11375818939845146,DE
372,1200,1572,0.7633587786259542,0.056818181818181816,-0.1935483870967742,DE
366,1859,2225,0.8355056179775281,-0.016129032258064516,0.5491666666666667,DE
323,1211,1534,0.7894393741851369,-0.11748633879781421,-0.34857450242065624,DE
376,1486,1862,0.7980665950590763,0.16408668730650156,0.22708505367464904,DE
315,1367,1682,0.8127229488703924,-0.1622340425531915,-0.0800807537012113,DE
374,1486,1860,0.7989247311827957,0.1873015873015873,0.08705193855157278,DE
308,3504,3812,0.919202518363064,-0.17647058823529413,1.3580080753701211,DE
371,1969,2340,0.8414529914529915,0.20454545454545456,-0.4380707762557078,DE
311,1464,1775,0.8247887323943662,-0.16172506738544473,-0.2564753682072118,DE
285,1715,2000,0.8575,-0.08360128617363344,0.17144808743169399,DE
312,1327,1639,0.8096400244051251,0.09473684210526316,-0.2262390670553936,DE
424,2049,2473,0.8285483218762636,0.358974358974359,0.5440844009042954,DE
342,2235,2577,0.8672875436554133,-0.19339622641509435,0.09077598828696926,DE
336,1551,1887,0.821939586645469,-0.017543859649122806,-0.30604026845637583,DE
340,1514,1854,0.8166127292340885,0.011904761904761904,-0.02385557704706641,DE
296,1326,1622,0.8175092478421702,-0.12941176470588237,-0.12417437252311757,DE
318,1570,1888,0.8315677966101694,0.07432432432432433,0.18401206636500755,DE
394,1533,1927,0.7955371043072132,0.2389937106918239,-0.02356687898089172,DE
294,1580,1874,0.8431163287086446,-0.25380710659898476,0.03065883887801696,DE
344,1356,1700,0.7976470588235294,0.17006802721088435,-0.14177215189873418,DE
309,1308,1617,0.8089053803339518,-0.10174418604651163,-0.035398230088495575,DE
359,1392,1751,0.7949743003997716,0.16181229773462782,0.06422018348623854,DE
275,1768,2043,0.8653940283896231,-0.233983286908078,0.27011494252873564,DE
298,1711,2009,0.8516674962667994,0.08363636363636363,-0.03223981900452489,DE
312,1589,1901,0.8358758548132562,0.04697986577181208,-0.07130333138515488,DE
400,1425,1825,0.7808219178082192,0.28205128205128205,-0.10320956576463185,DE
273,1829,2102,0.8701236917221694,-0.3175,0.28350877192982454,DE
309,1538,1847,0.8327016783974012,0.13186813186813187,-0.15910333515582287,DE
364,2114,2478,0.8531073446327684,0.1779935275080906,0.37451235370611186,DE
281,1929,2210,0.8728506787330317,-0.22802197802197802,-0.08751182592242195,DE
344,11695,12039,0.9714261981892184,0.22419928825622776,5.06272680145153,DE
318,1319,1637,0.805742211362248,-0.0755813953488372,-0.8872167592988457,DE
341,2388,2729,0.8750458043239282,0.07232704402515723,0.8104624715693708,DE
317,1404,1721,0.8158047646717025,-0.07038123167155426,-0.4120603015075377,DE
303,1600,1903,0.8407777193904361,-0.04416403785488959,0.1396011396011396,DE
362,1671,2033,0.8219380226266602,0.19471947194719472,0.044375,DE
312,1493,1805,0.8271468144044322,-0.13812154696132597,-0.10652304009575105,DE
296,1373,1669,0.8226482923906531,-0.05128205128205128,-0.08037508372404555,DE
372,1297,1669,0.7771120431396046,0.25675675675675674,-0.055353241077931534,DE
290,1442,1732,0.8325635103926097,-0.22043010752688172,0.1117964533538936,DE
465,1448,1913,0.7569262937794041,0.603448275862069,0.004160887656033287,DE
301,1833,2134,0.8589503280224929,-0.35268817204301073,0.26588397790055246,DE
316,1569,1885,0.8323607427055703,0.04983388704318937,-0.14402618657937807,DE
354,1130,1484,0.761455525606469,0.12025316455696203,-0.27979604843849587,DE
280,1197,1477,0.8104265402843602,-0.20903954802259886,0.05929203539823009,DE
292,1487,1779,0.8358628442945475,0.04285714285714286,0.24227234753550542,DE
353,1552,1905,0.8146981627296588,0.2089041095890411,0.04371217215870881,DE
344,1508,1852,0.8142548596112311,-0.025495750708215296,-0.028350515463917526,DE
297,1324,1621,0.8167797655768044,-0.13662790697674418,-0.1220159151193634,DE
308,1512,1820,0.8307692307692308,0.037037037037037035,0.1419939577039275,DE
335,1506,1841,0.8180336773492667,0.08766233766233766,-0.003968253968253968,DE
395,1422,1817,0.782608695652174,0.1791044776119403,-0.055776892430278883,DE
321,1818,2139,0.8499298737727911,-0.18734177215189873,0.27848101265822783,DE
305,1799,2104,0.8550380228136882,-0.04984423676012461,-0.010451045104510451,DE
306,1553,1859,0.8353953738569123,0.003278688524590164,-0.13674263479710952,DE
306,1561,1867,0.8361006963042313,0.0,0.0051513200257566,DE
336,1454,1790,0.8122905027932961,0.09803921568627451,-0.06854580397181294,DE
311,1208,1519,0.7952600394996708,-0.0744047619047619,-0.16918844566712518,DE
325,2741,3066,0.8939986953685584,0.04501607717041801,1.2690397350993377,DE
304,1705,2009,0.8486809357889498,-0.06461538461538462,-0.37796424662531924,DE
307,1416,1723,0.8218224027858386,0.009868421052631578,-0.16950146627565982,DE
335,1194,1529,0.7809025506867233,0.09120521172638436,-0.15677966101694915,DE
371,3625,3996,0.9071571571571572,0.10746268656716418,2.0360134003350083,DE
287,1867,2154,0.8667595171773445,-0.22641509433962265,-0.4849655172413793,DE
408,1697,2105,0.8061757719714965,0.42160278745644597,-0.09105516871987145,DE
379,1574,1953,0.8059395801331285,-0.07107843137254902,-0.07248084855627578,DE
304,1575,1879,0.8382118147951038,-0.19788918205804748,0.0006353240152477764,DE
379,1732,2111,0.8204642349597348,0.24671052631578946,0.09968253968253968,DE
296,1288,1584,0.8131313131313131,-0.21899736147757257,-0.25635103926096997,DE
364,3273,3637,0.8999175144349739,0.22972972972972974,1.5411490683229814,DE
317,1384,1701,0.8136390358612581,-0.12912087912087913,-0.5771463489153682,DE
300,3181,3481,0.9138178684286125,-0.05362776025236593,1.2984104046242775,DE
288,1535,1823,0.8420186505759737,-0.04,-0.5174473436026407,DE
298,1288,1586,0.8121059268600253,0.034722222222222224,-0.16091205211726384,DE
419,1489,1908,0.7803983228511531,0.40604026845637586,0.15605590062111802,DE
289,2150,2439,0.8815088150881509,-0.31026252983293556,0.44392209536601746,DE
321,1796,2117,0.8483703353802551,0.11072664359861592,-0.16465116279069766,DE
322,1749,2071,0.8445195557701594,0.003115264797507788,-0.026169265033407572,DE
385,1438,1823,0.7888096544157981,0.1956521739130435,-0.17781589479702686,DE
256,1666,1922,0.8668054110301769,-0.33506493506493507,0.15855354659248957,DE
396,1546,1942,0.796086508753862,0.546875,-0.07202881152460984,DE
288,1576,1864,0.8454935622317596,-0.2727272727272727,0.019404915912031046,DE
360,1695,2055,0.8248175182481752,0.25,0.07550761421319797,DE
294,1708,2002,0.8531468531468531,-0.18333333333333332,0.007669616519174041,DE
288,1685,1973,0.8540293968575773,-0.02040816326530612,-0.013466042154566744,DE
348,1540,1888,0.815677966101695,0.20833333333333334,-0.08605341246290801,DE
378,1512,1890,0.8,0.08620689655172414,-0.01818181818181818,DE
347,1917,2264,0.8467314487632509,-0.082010582010582,0.26785714285714285,DE
296,1194,1490,0.8013422818791947,-0.14697406340057637,-0.37715179968701096,DE
293,1607,1900,0.8457894736842105,-0.010135135135135136,0.3458961474036851,DE
315,1290,1605,0.8037383177570093,0.07508532423208192,-0.19726197884256377,DE
304,1539,1843,0.8350515463917526,-0.03492063492063492,0.1930232558139535,DE
296,1867,2163,0.8631530282015719,-0.02631578947368421,0.21312540610786224,DE
272,1585,1857,0.8535271943995691,-0.08108108108108109,-0.15104445634708089,DE
327,1439,1766,0.8148357870894677,0.20220588235294118,-0.09211356466876972,DE
316,1836,2152,0.8531598513011153,-0.03363914373088685,0.2758860319666435,DE
344,1595,1939,0.8225889633831872,0.08860759493670886,-0.1312636165577342,DE
309,1480,1789,0.8272778088317496,-0.10174418604651163,-0.07210031347962383,DE
331,1868,2199,0.8494770350159163,0.07119741100323625,0.26216216216216215,DE
340,1775,2115,0.8392434988179669,0.027190332326283987,-0.04978586723768737,DE
310,1606,1916,0.8382045929018789,-0.08823529411764706,-0.09521126760563381,DE
330,1200,1530,0.7843137254901961,0.06451612903225806,-0.25280199252801994,DE
318,2404,2722,0.8831741366642175,-0.03636363636363636,1.0033333333333334,DE
297,1239,1536,0.806640625,-0.0660377358490566,-0.4846089850249584,DE
386,1697,2083,0.814690350456073,0.2996632996632997,0.3696529459241324,DE
291,1525,1816,0.8397577092511013,-0.24611398963730569,-0.10135533294048321,DE
340,1581,1921,0.8230088495575221,0.16838487972508592,0.036721311475409836,DE
344,1516,1860,0.8150537634408602,0.011764705882352941,-0.041113219481340925,DE
339,4223,4562,0.9256904866286716,-0.014534883720930232,1.7856200527704484,DE
328,1211,1539,0.7868745938921378,-0.032448377581120944,-0.7132370352829742,DE
342,1351,1693,0.7979917306556409,0.042682926829268296,0.11560693641618497,DE
308,1157,1465,0.7897610921501707,-0.09941520467836257,-0.14359733530717986,DE
367,1534,1901,0.8069437138348238,0.19155844155844157,0.3258426966292135,DE
319,1101,1420,0.7753521126760563,-0.1307901907356948,-0.28226857887874834,DE
336,3924,4260,0.9211267605633803,0.05329153605015674,2.5640326975476837,DE
320,1296,1616,0.801980198019802,-0.047619047619047616,-0.6697247706422018,DE
330,1343,1673,0.8027495517035266,0.03125,0.036265432098765434,DE
315,1590,1905,0.8346456692913385,-0.045454545454545456,0.18391660461653014,DE
305,17282,17587,0.9826576448513106,-0.031746031746031744,9.869182389937107,DE
335,1695,2030,0.8349753694581281,0.09836065573770492,-0.9019210739497743,DE
333,1403,1736,0.8081797235023042,-0.005970149253731343,-0.17227138643067846,DE
365,1498,1863,0.8040794417606012,0.0960960960960961,0.06771204561653599,DE
284,1239,1523,0.8135259356533159,-0.2219178082191781,-0.17289719626168223,DE
351,1731,2082,0.8314121037463977,0.23591549295774647,0.39709443099273606,DE
341,1359,1700,0.7994117647058824,-0.02849002849002849,-0.21490467937608318,DE
340,1569,1909,0.821896280775275,-0.002932551319648094,0.1545253863134658,DE
300,1542,1842,0.8371335504885994,-0.11764705882352941,-0.017208413001912046,DE
312,1361,1673,0.8135086670651525,0.04,-0.11738002594033722,DE
350,1909,2259,0.8450641876936698,0.12179487179487179,0.4026451138868479,DE
306,1440,1746,0.8247422680412371,-0.12571428571428572,-0.24567836563645887,DE
312,1549,1861,0.832348199892531,0.0196078431372549,0.07569444444444444,DE
301,1385,1686,0.8214709371293001,-0.035256410256410256,-0.10587475790832795,DE
316,12005,12321,0.9743527311094878,0.04983388704318937,7.667870036101083,DE
288,1545,1833,0.8428805237315876,-0.08860759493670886,-0.8713036234902124,DE
328,1576,1904,0.8277310924369747,0.1388888888888889,0.020064724919093852,DE
322,1825,2147,0.8500232883092688,-0.018292682926829267,0.157994923857868,DE
416,1381,1797,0.76850306065665,0.2919254658385093,-0.2432876712328767,DE
373,1592,1965,0.8101781170483461,-0.10336538461538461,0.15278783490224476,DE
347,1574,1921,0.8193649141072358,-0.06970509383378017,-0.011306532663316583,DE
383,1196,1579,0.7574414186193793,0.1037463976945245,-0.24015247776365947,DE
313,1471,1784,0.8245515695067265,-0.18276762402088773,0.229933110367893,DE
372,1866,2238,0.8337801608579088,0.18849840255591055,0.2685248130523453,DE
368,1314,1682,0.7812128418549346,-0.010752688172043012,-0.2958199356913183,DE
310,1359,1669,0.8142600359496704,-0.15760869565217392,0.03424657534246575,DE
368,1302,1670,0.7796407185628742,0.1870967741935484,-0.04194260485651214,DE
305,1222,1527,0.8002619515389653,-0.17119565217391305,-0.06144393241167435,DE
344,3036,3380,0.8982248520710059,0.12786885245901639,1.4844517184942716,DE
329,2092,2421,0.8641057414291615,-0.0436046511627907,-0.310935441370224,DE
326,1612,1938,0.8317853457172343,-0.00911854103343465,-0.2294455066921606,DE
311,1307,1618,0.80778739184178,-0.046012269938650305,-0.1892059553349876,DE
324,1539,1863,0.8260869565217391,0.04180064308681672,0.17750573833205815,DE
297,1448,1745,0.8297994269340975,-0.08333333333333333,-0.05912930474333983,DE
315,2011,2326,0.8645743766122098,0.06060606060606061,0.3888121546961326,DE
289,1478,1767,0.8364459535936616,-0.08253968253968254,-0.2650422675285927,DE
340,1360,1700,0.8,0.17647058823529413,-0.07983761840324763,DE
309,1675,1984,0.8442540322580645,-0.09117647058823529,0.23161764705882354,DE
307,1275,1582,0.8059418457648546,-0.006472491909385114,-0.23880597014925373,DE
385,1520,1905,0.7979002624671916,0.254071661237785,0.19215686274509805,DE
302,1810,2112,0.8570075757575758,-0.21558441558441557,0.19078947368421054,DE
273,1487,1760,0.8448863636363636,-0.09602649006622517,-0.17845303867403314,DE
314,1264,1578,0.8010139416983524,0.15018315018315018,-0.14996637525218562,DE
307,1409,1716,0.8210955710955711,-0.022292993630573247,0.11471518987341772,DE
294,1578,1872,0.842948717948718,-0.04234527687296417,0.11994322214336409,DE
304,1764,2068,0.8529980657640233,0.034013605442176874,0.11787072243346007,DE
286,1511,1797,0.8408458542014469,-0.05921052631578947,-0.14342403628117914,DE
312,4142,4454,0.9299506061966771,0.09090909090909091,1.7412309728656519,DE
304,1299,1603,0.8103555832813475,-0.02564102564102564,-0.6863833896668277,DE
327,1466,1793,0.8176240936977134,0.0756578947368421,0.1285604311008468,DE
310,1303,1613,0.8078115313081216,-0.05198776758409786,-0.11118690313778991,DE
298,1736,2034,0.8534906588003933,-0.03870967741935484,0.3323100537221796,DE
323,1342,1665,0.806006006006006,0.08389261744966443,-0.2269585253456221,DE
303,1489,1792,0.8309151785714286,-0.06191950464396285,0.10953800298062594,DE
280,1327,1607,0.8257622899813317,-0.07590759075907591,-0.10879785090664876,DE
300,1245,1545,0.8058252427184466,0.07142857142857142,-0.06179351921627732,DE
316,1668,1984,0.8407258064516129,0.05333333333333334,0.3397590361445783,DE
276,1367,1643,0.8320146074254413,-0.12658227848101267,-0.1804556354916067,DE
318,1282,1600,0.80125,0.15217391304347827,-0.06217995610826628,DE
332,1459,1791,0.8146286990508096,0.0440251572327044,0.13806552262090482,DE
300,1686,1986,0.8489425981873112,-0.0963855421686747,0.15558601782042494,DE
306,1378,1684,0.8182897862232779,0.02,-0.1826809015421115,DE
335,4297,4632,0.9276770293609672,0.09477124183006536,2.118287373004354,DE
275,2286,2561,0.8926200702850449,0,0,NL
279,1329,1608,0.8264925373134329,0.014545454545454545,-0.41863517060367456,NL
274,1681,1955,0.859846547314578,-0.017921146953405017,0.26486079759217457,NL
294,1502,1796,0.8363028953229399,0.072992700729927,-0.10648423557406306,NL
315,1616,1931,0.8368720870015536,0.07142857142857142,0.0758988015978695,NL
294,1583,1877,0.8433670751198722,-0.06666666666666667,-0.02042079207920792,NL
324,1691,2015,0.8392059553349875,0.10204081632653061,0.06822488945041061,NL
304,1932,2236,0.8640429338103757,-0.06172839506172839,0.14251921939680662,NL
330,4426,4756,0.9306139613120269,0.08552631578947369,1.2908902691511388,NL
311,1496,1807,0.8278915329275042,-0.05757575757575758,-0.6619972887483054,NL
275,1243,1518,0.8188405797101449,-0.1157556270096463,-0.16911764705882354,NL
279,1750,2029,0.8624938393297191,0.014545454545454545,0.40788415124698313,NL
319,1689,2008,0.8411354581673307,0.14336917562724014,-0.03485714285714286,NL
345,1761,2106,0.8361823361823362,0.08150470219435736,0.04262877442273535,NL
326,1620,1946,0.8324768756423433,-0.05507246376811594,-0.08006814310051108,NL
312,1557,1869,0.8330658105939005,-0.04294478527607362,-0.03888888888888889,NL
301,1555,1856,0.837823275862069,-0.035256410256410256,-0.0012845215157353885,NL
298,1619,1917,0.844548774126239,-0.009966777408637873,0.041157556270096464,NL
295,1852,2147,0.8625989753143922,-0.010067114093959731,0.1439159975293391,NL
312,1833,2145,0.8545454545454545,0.0576271186440678,-0.010259179265658747,NL
311,1462,1773,0.8245910885504795,-0.003205128205128205,-0.20240043644298963,NL
369,1745,2114,0.825449385052034,0.1864951768488746,0.1935704514363885,NL
288,1285,1573,0.8169103623649078,-0.21951219512195122,-0.2636103151862464,NL
307,1691,1998,0.8463463463463463,0.06597222222222222,0.3159533073929961,NL
320,1387,1707,0.8125366139425894,0.04234527687296417,-0.1797752808988764,NL
356,1414,1770,0.7988700564971751,0.1125,0.01946647440519106,NL
316,1622,1938,0.8369453044375645,-0.11235955056179775,0.1471004243281471,NL
311,1618,1929,0.8387765681700363,-0.015822784810126583,-0.002466091245376079,NL
276,1400,1676,0.8353221957040573,-0.11254019292604502,-0.13473423980222496,NL
342,2027,2369,0.8556352891515407,0.2391304347826087,0.44785714285714284,NL
317,1424,1741,0.8179207352096496,-0.07309941520467836,-0.29748396645288605,NL
392,1832,2224,0.8237410071942446,0.23659305993690852,0.28651685393258425,NL
310,1208,1518,0.7957839262187089,-0.20918367346938777,-0.3406113537117904,NL
303,1247,1550,0.8045161290322581,-0.02258064516129032,0.03228476821192053,NL
275,1352,1627,0.8309772587584512,-0.0924092409240924,0.08420208500400962,NL
333,2065,2398,0.8611342785654712,0.2109090909090909,0.5273668639053254,NL
333,1792,2125,0.8432941176470589,0.0,-0.13220338983050847,NL
295,1293,1588,0.8142317380352645,-0.11411411411411411,-0.27845982142857145,NL
289,1294,1583,0.817435249526216,-0.020338983050847456,0.0007733952049497294,NL
291,1798,2089,0.8606988989947343,0.006920415224913495,0.3894899536321484,NL
324,1565,1889,0.8284806776071996,0.1134020618556701,-0.12958843159065628,NL
382,1873,2255,0.8305986696230598,0.17901234567901234,0.19680511182108626,NL
310,1763,2073,0.8504582730342499,-0.18848167539267016,-0.05872931126534971,NL
324,1677,2001,0.8380809595202399,0.04516129032258064,-0.04878048780487805,NL
299,1310,1609,0.8141702921068987,-0.07716049382716049,-0.21884317233154443,NL
309,1264,1573,0.803560076287349,0.033444816053511704,-0.035114503816793895,NL
331,1695,2026,0.8366238894373149,0.07119741100323625,0.34098101265822783,NL
328,2202,2530,0.8703557312252964,-0.00906344410876133,0.2991150442477876,NL
285,1227,1512,0.8115079365079365,-0.13109756097560976,-0.4427792915531335,NL
341,1519,1860,0.8166666666666667,0.19649122807017544,0.23797881010594946,NL
308,1315,1623,0.8102279728897104,-0.0967741935483871,-0.13429888084265965,NL
302,1242,1544,0.8044041450777202,-0.01948051948051948,-0.05551330798479087,NL
383,1783,2166,0.8231763619575254,0.2682119205298013,0.4355877616747182,NL
354,1605,1959,0.8192955589586524,-0.07571801566579635,-0.09983174425126191,NL
323,1619,1942,0.833676622039135,-0.08757062146892655,0.008722741433021807,NL
300,1850,2150,0.8604651162790697,-0.07120743034055728,0.14268066707844348,NL
263,1238,1501,0.8247834776815456,-0.12333333333333334,-0.3308108108108108,NL
298,1513,1811,0.8354500276090557,0.13307984790874525,0.22213247172859452,NL
341,1458,1799,0.8104502501389661,0.14429530201342283,-0.036351619299405155,NL
359,2247,2606,0.8622409823484267,0.05278592375366569,0.5411522633744856,NL
383,1560,1943,0.8028821410190428,0.06685236768802229,-0.30574098798397864,NL
311,1895,2206,0.8590208522212148,-0.18798955613577023,0.21474358974358973,NL
280,1700,1980,0.8585858585858586,-0.09967845659163987,-0.10290237467018469,NL
273,1386,1659,0.8354430379746836,-0.025,-0.18470588235294116,NL
351,1732,2083,0.8314930388862218,0.2857142857142857,0.24963924963924963,NL
263,1842,2105,0.8750593824228029,-0.25071225071225073,0.06351039260969978,NL
331,1194,1525,0.7829508196721311,0.2585551330798479,-0.3517915309446254,NL
338,2060,2398,0.8590492076730609,0.021148036253776436,0.7252931323283082,NL
301,1818,2119,0.8579518640868334,-0.10946745562130178,-0.11747572815533981,NL
375,1946,2321,0.8384317104696252,0.24584717607973422,0.0704070407040704,NL
320,1502,1822,0.8243688254665203,-0.14666666666666667,-0.22816032887975335,NL
282,1844,2126,0.8673565380997178,-0.11875,0.22769640479360853,NL
334,1459,1793,0.8137200223089793,0.18439716312056736,-0.20878524945770066,NL
279,1568,1847,0.8489442338927992,-0.16467065868263472,0.07470870459218643,NL
317,1168,1485,0.7865319865319865,0.13620071684587814,-0.25510204081632654,NL
349,1801,2150,0.8376744186046512,0.10094637223974763,0.5419520547945206,NL
318,1757,2075,0.8467469879518073,-0.08882521489971347,-0.024430871737923375,NL
327,1892,2219,0.8526363226678684,0.02830188679245283,0.07683551508252703,NL
312,1589,1901,0.8358758548132562,-0.045871559633027525,-0.1601479915433404,NL
314,1114,1428,0.7801120448179272,0.00641025641025641,-0.2989301447451227,NL
288,1816,2104,0.8631178707224335,-0.08280254777070063,0.63016157989228,NL
297,1690,1987,0.8505284348263714,0.03125,-0.06938325991189427,NL
352,1571,1923,0.8169526781071242,0.18518518518518517,-0.07041420118343195,NL
318,1429,1747,0.8179736691471093,-0.09659090909090909,-0.09038828771483132,NL
284,1641,1925,0.8524675324675325,-0.1069182389937107,0.1483554933519944,NL
282,1419,1701,0.8342151675485009,-0.007042253521126761,-0.13528336380255943,NL
320,1298,1618,0.8022249690976514,0.1347517730496454,-0.08527131782945736,NL
290,1531,1821,0.8407468423942889,-0.09375,0.17950693374422189,NL
331,1314,1645,0.7987841945288754,0.1413793103448276,-0.1417374265186153,NL
282,1671,1953,0.8556067588325653,-0.14803625377643503,0.271689497716895,NL
351,1507,1858,0.8110871905274488,0.24468085106382978,-0.09814482345900659,NL
314,1582,1896,0.8343881856540084,-0.10541310541310542,0.0497677504976775,NL
381,1239,1620,0.7648148148148148,0.21337579617834396,-0.2168141592920354,NL
293,1339,1632,0.8204656862745098,-0.23097112860892388,0.08071025020177562,NL
361,1726,2087,0.827024436990896,0.23208191126279865,0.2890216579536968,NL
383,1572,1955,0.8040920716112532,0.060941828254847646,-0.08922363847045191,NL
320,1289,1609,0.8011187072715973,-0.16449086161879894,-0.18002544529262088,NL
294,1769,2063,0.857489093553078,-0.08125,0.37238169123351433,NL
324,1720,2044,0.8414872798434442,0.10204081632653061,-0.027699265121537593,NL
291,1595,1886,0.8457051961823966,-0.10185185185185185,-0.07267441860465117,NL
302,1923,2225,0.8642696629213483,0.037800687285223365,0.20564263322884013,NL
349,1757,2106,0.8342830009496676,0.15562913907284767,-0.08632345293811752,NL
334,1520,1854,0.819848975188781,-0.04297994269340974,-0.13488901536710302,NL
361,1337,1698,0.7873969375736161,0.08083832335329341,-0.12039473684210526,NL
346,1933,2279,0.8481790258885477,-0.04155124653739612,0.4457741211667913,NL
295,1800,2095,0.8591885441527446,-0.14739884393063585,-0.06880496637351267,NL
305,2016,2321,0.8685911245152951,0.03389830508474576,0.12,NL
350,1576,1926,0.818276220145379,0.14754098360655737,-0.21825396825396826,NL
342,1671,2013,0.8301043219076006,-0.022857142857142857,0.060279187817258884,NL
380,1405,1785,0.7871148459383753,0.1111111111111111,-0.15918611609814481,NL
318,1725,2043,0.8443465491923642,-0.1631578947368421,0.2277580071174377,NL
332,1815,2147,0.8453656264555194,0.0440251572327044,0.05217391304347826,NL
348,2193,2541,0.8630460448642266,0.04819277108433735,0.20826446280991737,NL
345,1750,2095,0.8353221957040573,-0.008620689655172414,-0.20200638394892842,NL
301,1448,1749,0.8279016580903373,-0.12753623188405797,-0.17257142857142857,NL
305,1671,1976,0.8456477732793523,0.013289036544850499,0.15400552486187846,NL
323,1558,1881,0.8282828282828283,0.05901639344262295,-0.06762417713943747,NL
301,1564,1865,0.8386058981233244,-0.06811145510835913,0.0038510911424903724,NL
333,1830,2163,0.8460471567267683,0.10631229235880399,0.170076726342711,NL
291,1465,1756,0.8342824601366743,-0.12612612612612611,-0.1994535519125683,NL
289,1730,2019,0.8568598315998018,-0.006872852233676976,0.18088737201365188,NL
308,1755,2063,0.8507028599127484,0.0657439446366782,0.014450867052023121,NL
284,1480,1764,0.8390022675736961,-0.07792207792207792,-0.15669515669515668,NL
335,1301,1636,0.7952322738386308,0.1795774647887324,-0.12094594594594595,NL
315,1607,1922,0.836108220603538,-0.05970149253731343,0.23520368946963874,NL
308,1371,1679,0.8165574746873139,-0.022222222222222223,-0.14685749844430615,NL
316,1965,2281,0.8614642700569926,0.025974025974025976,0.43326039387308535,NL
268,1566,1834,0.8538713195201745,-0.1518987341772152,-0.20305343511450383,NL
270,1837,2107,0.8718557190317988,0.007462686567164179,0.17305236270753513,NL
285,1010,1295,0.7799227799227799,0.05555555555555555,-0.4501905280348394,NL
304,1814,2118,0.8564683663833805,0.06666666666666667,0.7960396039603961,NL
309,1867,2176,0.8579963235294118,0.01644736842105263,0.029217199558985666,NL
297,1295,1592,0.8134422110552764,-0.038834951456310676,-0.306373861810391,NL
299,1994,2293,0.8696031399912778,0.006734006734006734,0.5397683397683398,NL
328,1277,1605,0.795638629283489,0.09698996655518395,-0.3595787362086259,NL
320,1557,1877,0.8295151838039425,-0.024390243902439025,0.2192638997650744,NL
285,1833,2118,0.8654390934844193,-0.109375,0.17726396917148363,NL
288,1535,1823,0.8420186505759737,0.010526315789473684,-0.1625750136388434,NL
322,1274,1596,0.7982456140350878,0.11805555555555555,-0.1700325732899023,NL
298,1484,1782,0.8327721661054994,-0.07453416149068323,0.16483516483516483,NL
334,1915,2249,0.8514895509115162,0.12080536912751678,0.29043126684636117,NL
345,1595,1940,0.8221649484536082,0.03293413173652695,-0.1671018276762402,NL
355,1686,2041,0.8260656540911318,0.028985507246376812,0.057053291536050155,NL
261,1366,1627,0.8395820528580209,-0.2647887323943662,-0.18979833926453143,NL
303,1597,1900,0.8405263157894737,0.16091954022988506,0.16910688140556368,NL
320,1794,2114,0.8486281929990539,0.056105610561056105,0.12335629304946776,NL
298,1823,2121,0.8595002357378595,-0.06875,0.016164994425863992,NL
302,1631,1933,0.8437661665804449,0.013422818791946308,-0.10532089961601755,NL
297,2674,2971,0.9000336587007741,-0.016556291390728478,0.6394849785407726,NL
323,1624,1947,0.8341037493579867,0.08754208754208755,-0.39267015706806285,NL
327,1451,1778,0.8160854893138357,0.01238390092879257,-0.10652709359605911,NL
281,1625,1906,0.8525708289611752,-0.14067278287461774,0.11991729841488628,NL
346,1760,2106,0.835707502374169,0.2313167259786477,0.08307692307692308,NL
316,1588,1904,0.8340336134453782,-0.08670520231213873,-0.09772727272727273,NL
341,1981,2322,0.8531438415159346,0.07911392405063292,0.24748110831234257,NL
320,1232,1552,0.7938144329896907,-0.06158357771260997,-0.37809187279151946,NL
294,1605,1899,0.8451816745655608,-0.08125,0.3027597402597403,NL
299,1648,1947,0.8464304057524397,0.017006802721088437,0.02679127725856698,NL
305,1205,1510,0.7980132450331126,0.020066889632107024,-0.2688106796116505,NL
295,1472,1767,0.8330503678551217,-0.03278688524590164,0.22157676348547717,NL
359,2038,2397,0.8502294534835211,0.21694915254237288,0.3845108695652174,NL
279,1628,1907,0.853696906135291,-0.22284122562674094,-0.2011776251226693,NL
293,1406,1699,0.8275456150676869,0.05017921146953405,-0.13636363636363635,NL
311,1492,1803,0.8275097060454798,0.06143344709897611,0.06116642958748222,NL
298,1927,2225,0.8660674157303371,-0.04180064308681672,0.2915549597855228,NL
316,1550,1866,0.8306538049303323,0.06040268456375839,-0.19564089257913855,NL
328,2070,2398,0.8632193494578816,0.0379746835443038,0.33548387096774196,NL
297,1670,1967,0.8490086426029486,-0.09451219512195122,-0.1932367149758454,NL
327,1689,2016,0.8377976190476191,0.10101010101010101,0.011377245508982036,NL
281,1613,1894,0.851636747624076,-0.14067278287461774,-0.044997039668442866,NL
305,1709,2014,0.8485600794438928,0.08540925266903915,0.059516429014259145,NL
392,2181,2573,0.84764865915274,0.28524590163934427,0.2761849034523113,NL
301,1371,1672,0.8199760765550239,-0.23214285714285715,-0.3713892709766162,NL
318,1868,2186,0.8545288197621226,0.05647840531561462,0.362509117432531,NL
297,1433,1730,0.8283236994219653,-0.0660377358490566,-0.2328693790149893,NL
307,1243,1550,0.8019354838709677,0.03367003367003367,-0.13258897418004187,NL
297,1347,1644,0.8193430656934306,-0.03257328990228013,0.083668543845535,NL
317,1910,2227,0.8576560395150427,0.06734006734006734,0.4179658500371195,NL
298,1413,1711,0.82583284628872,-0.05993690851735016,-0.2602094240837696,NL
302,1400,1702,0.8225616921269095,0.013422818791946308,-0.009200283085633405,NL
267,1570,1837,0.8546543277082199,-0.11589403973509933,0.12142857142857143,NL
310,1863,2173,0.8573400828347906,0.16104868913857678,0.18662420382165604,NL
305,1943,2248,0.8643238434163701,-0.016129032258064516,0.04294149221685454,NL
355,2186,2541,0.8602912239275876,0.16393442622950818,0.12506433350488935,NL
1104,1982,3086,0.6422553467271549,2.1098591549295773,-0.09332113449222323,NL
327,1207,1534,0.7868318122555411,-0.7038043478260869,-0.3910191725529768,NL
322,2011,2333,0.8619802828975568,-0.01529051987767584,0.6661143330571665,NL
336,1646,1982,0.8304742684157417,0.043478260869565216,-0.18150174042764794,NL
322,1987,2309,0.8605456907752274,-0.041666666666666664,0.20716889428918592,NL
316,1988,2304,0.8628472222222222,-0.018633540372670808,0.0005032712632108706,NL
310,1835,2145,0.8554778554778555,-0.0189873417721519,-0.07696177062374246,NL
306,1691,1997,0.8467701552328493,-0.012903225806451613,-0.0784741144414169,NL
346,1862,2208,0.8432971014492754,0.13071895424836602,0.10112359550561797,NL
278,1853,2131,0.8695448146410136,-0.19653179190751446,-0.004833512352309345,NL
330,1745,2075,0.8409638554216867,0.18705035971223022,-0.05828386400431732,NL
333,1987,2320,0.8564655172413793,0.00909090909090909,0.13868194842406878,NL
335,1668,2003,0.8327508736894658,0.006006006006006006,-0.16054353296426774,NL
348,1591,1939,0.8205260443527591,0.03880597014925373,-0.046163069544364506,NL
388,1417,1805,0.7850415512465374,0.11494252873563218,-0.10936517913262099,NL
337,1802,2139,0.8424497428705002,-0.13144329896907217,0.27170077628793227,NL
440,1787,2227,0.8024247867085765,0.3056379821958457,-0.008324084350721421,NL
299,1867,2166,0.8619575253924284,-0.32045454545454544,0.04476776720761052,NL
316,1371,1687,0.8126852400711322,0.056856187290969896,-0.2656668452062132,NL
279,1451,1730,0.838728323699422,-0.11708860759493671,0.058351568198395334,NL
400,1488,1888,0.788135593220339,0.4336917562724014,0.025499655410062026,NL
377,1525,1902,0.8017875920084122,-0.0575,0.02486559139784946,NL
324,1824,2148,0.8491620111731844,-0.14058355437665782,0.1960655737704918,NL
295,1853,2148,0.8626629422718808,-0.08950617283950617,0.015899122807017545,NL
377,1380,1757,0.7854297097324986,0.27796610169491526,-0.25526173772261196,NL
282,1092,1374,0.7947598253275109,-0.2519893899204244,-0.20869565217391303,NL
298,1819,2117,0.8592347661785545,0.05673758865248227,0.6657509157509157,NL
293,1252,1545,0.8103559870550162,-0.016778523489932886,-0.3117097306212204,NL
292,1242,1534,0.8096479791395046,-0.0034129692832764505,-0.007987220447284345,NL
291,1609,1900,0.8468421052631578,-0.003424657534246575,0.29549114331723025,NL
378,1773,2151,0.8242677824267782,0.29896907216494845,0.1019266625233064,NL
303,1723,2026,0.8504442250740375,-0.1984126984126984,-0.02820078962210942,NL
311,1650,1961,0.8414074451810301,0.026402640264026403,-0.04236796285548462,NL
344,1511,1855,0.81455525606469,0.10610932475884244,-0.08424242424242424,NL
301,1345,1646,0.8171324422843257,-0.125,-0.10986101919258769,NL
330,1903,2233,0.8522167487684729,0.09634551495016612,0.41486988847583645,NL
291,1470,1761,0.8347529812606473,-0.11818181818181818,-0.2275354703100368,NL
380,1733,2113,0.820160908660672,0.30584192439862545,0.17891156462585034,NL
313,1712,2025,0.8454320987654321,-0.1763157894736842,-0.012117714945181766,NL
312,1397,1709,0.8174370977179637,-0.003194888178913738,-0.18399532710280375,NL
344,1210,1554,0.7786357786357786,0.10256410256410256,-0.13385826771653545,NL
333,1823,2156,0.8455473098330241,-0.03197674418604651,0.5066115702479339,NL
310,1272,1582,0.8040455120101138,-0.06906906906906907,-0.3022490400438837,NL
331,1705,2036,0.837426326129666,0.06774193548387097,0.34040880503144655,NL
303,1591,1894,0.8400211193241817,-0.08459214501510574,-0.06686217008797654,NL
305,1748,2053,0.8514369215781783,0.006600660066006601,0.09868007542426147,NL
331,1499,1830,0.8191256830601092,0.08524590163934426,-0.14244851258581237,NL
315,2170,2485,0.8732394366197183,-0.04833836858006042,0.447631754503002,NL
303,1448,1751,0.826956025128498,-0.0380952380952381,-0.3327188940092166,NL
305,1553,1858,0.8358449946178687,0.006600660066006601,0.07251381215469613,NL
316,1654,1970,0.8395939086294416,0.036065573770491806,0.06503541532517708,NL
347,1380,1727,0.7990735379270412,0.0981012658227848,-0.1656590084643289,NL
293,1438,1731,0.8307336799537839,-0.15561959654178675,0.042028985507246375,NL
288,1693,1981,0.8546188793538617,-0.017064846416382253,0.17732962447844228,NL
304,1386,1690,0.8201183431952662,0.05555555555555555,-0.1813349084465446,NL
311,1189,1500,0.7926666666666666,0.023026315789473683,-0.14213564213564214,NL
304,1039,1343,0.7736411020104245,-0.022508038585209004,-0.1261564339781329,NL
301,1769,2070,0.8545893719806763,-0.009868421052631578,0.7025986525505293,NL
274,1416,1690,0.8378698224852071,-0.08970099667774087,-0.19954776710005653,NL
329,1671,2000,0.8355,0.20072992700729927,0.18008474576271186,NL
294,1377,1671,0.8240574506283662,-0.10638297872340426,-0.17594254937163376,NL
334,1706,2040,0.8362745098039216,0.1360544217687075,0.23892519970951343,NL
325,1385,1710,0.8099415204678363,-0.02694610778443114,-0.18815943728018758,NL
310,1501,1811,0.8288238542241856,-0.046153846153846156,0.08375451263537906,NL
298,1470,1768,0.831447963800905,-0.03870967741935484,-0.020652898067954697,NL
353,1882,2235,0.8420581655480984,0.18456375838926176,0.2802721088435374,NL
267,985,1252,0.786741214057508,-0.24362606232294617,-0.4766206163655685,NL
314,1410,1724,0.8178654292343387,0.1760299625468165,0.43147208121827413,NL
310,1430,1740,0.8218390804597702,-0.012738853503184714,0.014184397163120567,NL
327,1821,2148,0.8477653631284916,0.054838709677419356,0.27342657342657345,NL
372,1722,2094,0.8223495702005731,0.13761467889908258,-0.054365733113673806,NL
344,1716,2060,0.8330097087378641,-0.07526881720430108,-0.003484320557491289,NL
256,1460,1716,0.8508158508158508,-0.2558139534883721,-0.14918414918414918,NL
294,1469,1763,0.8332387975042541,0.1484375,0.0061643835616438354,NL
262,1383,1645,0.8407294832826747,-0.10884353741496598,-0.05854322668481961,NL
336,1329,1665,0.7981981981981981,0.2824427480916031,-0.039045553145336226,NL
385,1968,2353,0.836379090522737,0.14583333333333334,0.48081264108352145,NL
311,1731,2042,0.8476983349657199,-0.19220779220779222,-0.12042682926829268,NL
274,1648,1922,0.8574401664932362,-0.1189710610932476,-0.047949162333911034,NL
299,1594,1893,0.8420496566296883,0.09124087591240876,-0.032766990291262135,NL
337,1780,2117,0.8408124704770902,0.12709030100334448,0.11668757841907151,NL
300,1393,1693,0.8227997637330183,-0.10979228486646884,-0.21741573033707864,NL
364,1265,1629,0.7765500306936771,0.21333333333333335,-0.09188801148600144,NL
293,2022,2315,0.8734341252699784,-0.19505494505494506,0.5984189723320158,NL
316,1609,1925,0.8358441558441558,0.07849829351535836,-0.2042532146389713,NL
349,1559,1908,0.8170859538784067,0.10443037974683544,-0.031075201988812928,NL
368,1879,2247,0.8362260792167334,0.054441260744985676,0.20525978191148173,NL
305,1661,1966,0.8448626653102747,-0.17119565217391305,-0.11601915912719532,NL
307,1405,1712,0.820677570093458,0.006557377049180328,-0.15412402167369055,NL
296,1882,2178,0.8640955004591369,-0.035830618892508145,0.3395017793594306,NL
338,1735,2073,0.8369512783405693,0.14189189189189189,-0.07810839532412327,NL
389,1475,1864,0.7913090128755365,0.15088757396449703,-0.14985590778097982,NL
543,1631,2174,0.750229990800368,0.39588688946015427,0.10576271186440678,NL
452,1886,2338,0.806672369546621,-0.16758747697974216,0.15634580012262417,NL
311,1288,1599,0.8055034396497811,-0.31194690265486724,-0.3170731707317073,NL
397,2235,2632,0.8491641337386018,0.2765273311897106,0.735248447204969,NL
329,1690,2019,0.8370480435859337,-0.1712846347607053,-0.24384787472035793,NL
345,1650,1995,0.8270676691729323,0.0486322188449848,-0.023668639053254437,NL
576,1375,1951,0.7047667862634547,0.6695652173913044,-0.16666666666666666,NL
457,2039,2496,0.8169070512820513,-0.2065972222222222,0.4829090909090909,NL
302,1264,1566,0.8071519795657727,-0.33916849015317285,-0.38008827856792543,NL
296,2052,2348,0.8739352640545145,-0.019867549668874173,0.6234177215189873,NL
484,1501,1985,0.7561712846347607,0.6351351351351351,-0.26851851851851855,NL
362,1322,1684,0.7850356294536817,-0.25206611570247933,-0.11925383077948035,NL
351,1713,2064,0.8299418604651163,-0.03038674033149171,0.2957639939485628,NL
326,1786,2112,0.8456439393939394,-0.07122507122507123,0.04261529480443666,NL
343,1350,1693,0.7974010632014176,0.05214723926380368,-0.24412094064949608,NL
369,1817,2186,0.8311985361390668,0.07580174927113703,0.3459259259259259,NL
381,1467,1848,0.7938311688311688,0.032520325203252036,-0.1926252063841497,NL
503,1528,2031,0.7523387493845396,0.32020997375328086,0.04158145875937287,NL
308,1632,1940,0.8412371134020619,-0.38767395626242546,0.06806282722513089,NL
351,1840,2191,0.8397991784573254,0.1396103896103896,0.12745098039215685,NL
277,1755,2032,0.8636811023622047,-0.21082621082621084,-0.04619565217391304,NL
343,1763,2106,0.8371320037986705,0.23826714801444043,0.004558404558404558,NL
328,1376,1704,0.8075117370892019,-0.043731778425655975,-0.21951219512195122,NL
362,1869,2231,0.8377409233527566,0.10365853658536585,0.35828488372093026,NL
308,1358,1666,0.8151260504201681,-0.14917127071823205,-0.27340823970037453,NL
320,1529,1849,0.8269334775554353,0.03896103896103896,0.12592047128129602,NL
301,2093,2394,0.8742690058479532,-0.059375,0.36886854153041204,NL
303,1563,1866,0.837620578778135,0.006644518272425249,-0.25322503583373146,NL
341,1822,2163,0.8423485899214055,0.1254125412541254,0.1657069737683941,NL
344,1688,2032,0.8307086614173228,0.008797653958944282,-0.07354555433589462,NL
290,1564,1854,0.8435814455231931,-0.1569767441860465,-0.07345971563981042,NL
273,1871,2144,0.8726679104477612,-0.05862068965517241,0.19629156010230178,NL
291,1520,1811,0.8393152954168968,0.06593406593406594,-0.18760021378941744,NL
345,1995,2340,0.8525641025641025,0.18556701030927836,0.3125,NL
355,1607,1962,0.8190621814475025,0.028985507246376812,-0.19448621553884712,NL
279,2093,2372,0.8823777403035413,-0.2140845070422535,0.30242688238954574,NL
336,1852,2188,0.8464351005484461,0.20430107526881722,-0.11514572384137602,NL
338,1967,2305,0.8533622559652928,0,0,BE
330,2429,2759,0.8803914461761507,-0.023668639053254437,0.23487544483985764,BE
315,2215,2530,0.8754940711462451,-0.045454545454545456,-0.08810209962947715,BE
374,2297,2671,0.8599775365031823,0.1873015873015873,0.03702031602708804,BE
330,2317,2647,0.8753305629013978,-0.11764705882352941,0.0087070091423596,BE
360,2337,2697,0.8665183537263627,0.09090909090909091,0.008631851532153647,BE
313,2352,2665,0.8825515947467167,-0.13055555555555556,0.006418485237483954,BE
375,2084,2459,0.8474989833265555,0.19808306709265175,-0.11394557823129252,BE
300,2416,2716,0.8895434462444771,-0.2,0.15930902111324377,BE
316,2066,2382,0.8673383711167086,0.05333333333333334,-0.14486754966887416,BE
327,2309,2636,0.875948406676783,0.03481012658227848,0.11761858664085188,BE
354,2040,2394,0.8521303258145363,0.08256880733944955,-0.11650064963187527,BE
425,2427,2852,0.8509817671809257,0.20056497175141244,0.18970588235294117,BE
334,1829,2163,0.845584835876098,-0.21411764705882352,-0.24639472599917595,BE
294,2563,2857,0.8970948547427371,-0.11976047904191617,0.40131219245489336,BE
321,2557,2878,0.8884642112578179,0.09183673469387756,-0.0023410066328521262,BE
718,3157,3875,0.8147096774193548,1.236760124610592,0.23464998044583496,BE
323,2026,2349,0.8624946785866326,-0.5501392757660167,-0.358251504592968,BE
333,2092,2425,0.862680412371134,0.030959752321981424,0.03257650542941757,BE
293,2312,2605,0.8875239923224568,-0.12012012012012012,0.10516252390057361,BE
357,2674,3031,0.8822170900692841,0.21843003412969283,0.15657439446366783,BE
322,3408,3730,0.9136729222520107,-0.09803921568627451,0.2744951383694839,BE
333,2407,2740,0.8784671532846715,0.034161490683229816,-0.2937206572769953,BE
327,2645,2972,0.8899730820995962,-0.018018018018018018,0.09887827170751974,BE
331,2144,2475,0.8662626262626263,0.012232415902140673,-0.18941398865784498,BE
318,3238,3556,0.9105736782902137,-0.03927492447129909,0.5102611940298507,BE
314,2601,2915,0.8922813036020584,-0.012578616352201259,-0.19672637430512663,BE
333,2414,2747,0.8787768474699672,0.06050955414012739,-0.0718954248366013,BE
330,2534,2864,0.8847765363128491,-0.009009009009009009,0.04971002485501243,BE
338,2328,2666,0.873218304576144,0.024242424242424242,-0.08129439621152329,BE
358,2048,2406,0.8512053200332502,0.05917159763313609,-0.12027491408934708,BE
342,2610,2952,0.8841463414634146,-0.0446927374301676,0.2744140625,BE
333,1798,2131,0.8437353355232285,-0.02631578947368421,-0.3111111111111111,BE
299,2077,2376,0.8741582491582491,-0.1021021021021021,0.15517241379310345,BE
342,2528,2870,0.8808362369337979,0.14381270903010032,0.2171401059220029,BE
367,2391,2758,0.8669325598259608,0.07309941520467836,-0.05419303797468354,BE
365,1863,2228,0.8361759425493717,-0.005449591280653951,-0.22082810539523212,BE
302,2397,2699,0.8881067061874769,-0.1726027397260274,0.286634460547504,BE
307,3090,3397,0.9096261407123933,0.016556291390728478,0.28911138923654567,BE
321,3363,3684,0.9128664495114006,0.04560260586319218,0.0883495145631068,BE
291,2239,2530,0.8849802371541502,-0.09345794392523364,-0.33422539399345824,BE
304,2472,2776,0.8904899135446686,0.044673539518900345,0.10406431442608308,BE
338,2167,2505,0.8650698602794411,0.1118421052631579,-0.12338187702265373,BE
337,2043,2380,0.8584033613445378,-0.0029585798816568047,-0.05722196585140748,BE
297,2643,2940,0.8989795918367347,-0.11869436201780416,0.2936857562408223,BE
311,2288,2599,0.8803385917660639,0.04713804713804714,-0.1343170639424896,BE
360,2391,2751,0.8691384950926936,0.15755627009646303,0.04501748251748252,BE
326,2878,3204,0.8982521847690387,-0.09444444444444444,0.20368046842325388,BE
293,2576,2869,0.8978738236319275,-0.10122699386503067,-0.10493398193189715,BE
299,2246,2545,0.8825147347740668,0.020477815699658702,-0.1281055900621118,BE
269,2108,2377,0.8868321413546487,-0.10033444816053512,-0.06144256455921639,BE
289,3546,3835,0.9246414602346805,0.07434944237918216,0.6821631878557874,BE
314,2168,2482,0.8734891216760677,0.08650519031141868,-0.38860688099266777,BE
300,2595,2895,0.8963730569948186,-0.044585987261146494,0.19695571955719557,BE
319,2200,2519,0.8733624454148472,0.06333333333333334,-0.15221579961464354,BE
389,2561,2950,0.868135593220339,0.219435736677116,0.1640909090909091,BE
273,2955,3228,0.9154275092936803,-0.2982005141388175,0.15384615384615385,BE
318,3663,3981,0.920120572720422,0.16483516483516483,0.23959390862944163,BE
376,2019,2395,0.8430062630480167,0.18238993710691823,-0.4488124488124488,BE
349,1967,2316,0.8493091537132987,-0.07180851063829788,-0.025755324418028726,BE
317,2873,3190,0.9006269592476489,-0.09169054441260745,0.46059989832231824,BE
305,2724,3029,0.8993067018818092,-0.03785488958990536,-0.05186216498433693,BE
347,2873,3220,0.8922360248447205,0.1377049180327869,0.05469897209985316,BE
309,2564,2873,0.8924469195962409,-0.10951008645533142,-0.10755308040375913,BE
315,2281,2596,0.8786594761171033,0.019417475728155338,-0.11037441497659907,BE
298,2084,2382,0.874895046179681,-0.05396825396825397,-0.08636562911003946,BE
310,2724,3034,0.8978246539222149,0.040268456375838924,0.30710172744721687,BE
317,2286,2603,0.8782174414137534,0.02258064516129032,-0.16079295154185022,BE
346,2414,2760,0.8746376811594203,0.0914826498422713,0.05599300087489064,BE
305,2243,2548,0.880298273155416,-0.11849710982658959,-0.07083678541839271,BE
315,3317,3632,0.9132709251101322,0.03278688524590164,0.47882300490414625,BE
346,2795,3141,0.8898439987265202,0.09841269841269841,-0.1573711184805547,BE
305,2424,2729,0.8882374496152436,-0.11849710982658959,-0.13273703041144902,BE
366,2427,2793,0.8689581095596133,0.2,0.0012376237623762376,BE
303,2125,2428,0.8752059308072487,-0.1721311475409836,-0.12443345694272764,BE
302,3407,3709,0.9185764356969534,-0.0033003300330033004,0.6032941176470589,BE
348,2461,2809,0.8761124955500178,0.152317880794702,-0.27766363369533315,BE
305,2277,2582,0.8818745158791634,-0.1235632183908046,-0.07476635514018691,BE
286,2565,2851,0.8996843212907751,-0.06229508196721312,0.12648221343873517,BE
322,2342,2664,0.8791291291291291,0.1258741258741259,-0.08693957115009747,BE
306,2201,2507,0.8779417630634224,-0.049689440993788817,-0.060204953031596925,BE
322,2496,2818,0.8857345635202271,0.05228758169934641,0.1340299863698319,BE
296,1817,2113,0.8599148130619971,-0.08074534161490683,-0.2720352564102564,BE
322,2768,3090,0.8957928802588997,0.08783783783783784,0.523390203632361,BE
441,2754,3195,0.8619718309859155,0.3695652173913043,-0.0050578034682080926,BE
328,2567,2895,0.8867012089810017,-0.2562358276643991,-0.06790123456790123,BE
324,2262,2586,0.8747099767981439,-0.012195121951219513,-0.11881573821581613,BE
325,2292,2617,0.8758119984715322,0.0030864197530864196,0.013262599469496022,BE
343,2172,2515,0.8636182902584493,0.055384615384615386,-0.05235602094240838,BE
343,2338,2681,0.8720626631853786,0.0,0.07642725598526703,BE
332,2886,3218,0.8968303293971411,-0.03206997084548105,0.23438836612489308,BE
332,2530,2862,0.8839972047519218,0.0,-0.12335412335412335,BE
328,2272,2600,0.8738461538461538,-0.012048192771084338,-0.10197628458498023,BE
416,3366,3782,0.8900052882072977,0.2682926829268293,0.48151408450704225,BE
311,2338,2649,0.8825972064930162,-0.25240384615384615,-0.3054070112893642,BE
325,2316,2641,0.8769405528209012,0.04501607717041801,-0.009409751924721984,BE
293,2045,2338,0.8746792130025663,-0.09846153846153846,-0.11701208981001728,BE
296,2006,2302,0.8714161598609904,0.010238907849829351,-0.019070904645476772,BE
304,1952,2256,0.8652482269503546,0.02702702702702703,-0.026919242273180457,BE
284,2575,2859,0.90066456803078,-0.06578947368421052,0.31915983606557374,BE
293,2166,2459,0.8808458723058153,0.03169014084507042,-0.15883495145631069,BE
347,2543,2890,0.8799307958477509,0.18430034129692832,0.17405355493998154,BE
306,3252,3558,0.9139966273187183,-0.11815561959654179,0.2788045615414864,BE
323,2026,2349,0.8624946785866326,0.05555555555555555,-0.3769987699876999,BE
299,2012,2311,0.8706187797490264,-0.07430340557275542,-0.006910167818361303,BE
335,2382,2717,0.8767022451232978,0.12040133779264214,0.18389662027833,BE
358,2218,2576,0.8610248447204969,0.06865671641791045,-0.0688497061293031,BE
333,2625,2958,0.8874239350912779,-0.06983240223463687,0.18349864743011723,BE
312,3007,3319,0.9059957818620066,-0.06306306306306306,0.14552380952380953,BE
332,2540,2872,0.8844011142061281,0.0641025641025641,-0.15530428999002327,BE
386,2067,2453,0.842641663269466,0.16265060240963855,-0.1862204724409449,BE
339,3380,3719,0.9088464641032535,-0.12176165803108809,0.6352201257861635,BE
293,2374,2667,0.8901387326584177,-0.13569321533923304,-0.29763313609467457,BE
308,2390,2698,0.8858413639733136,0.051194539249146756,0.006739679865206402,BE
275,2482,2757,0.9002538991657599,-0.10714285714285714,0.038493723849372385,BE
316,2275,2591,0.8780393670397529,0.14909090909090908,-0.08340048348106366,BE
317,2692,3009,0.8946493851777999,0.0031645569620253164,0.1832967032967033,BE
296,2404,2700,0.8903703703703704,-0.06624605678233439,-0.10698365527488855,BE
264,2821,3085,0.9144246353322528,-0.10810810810810811,0.17346089850249585,BE
273,2538,2811,0.9028815368196371,0.03409090909090909,-0.10031903580290677,BE
308,2132,2440,0.8737704918032787,0.1282051282051282,-0.1599684791174153,BE
319,2341,2660,0.8800751879699248,0.03571428571428571,0.09803001876172608,BE
311,2154,2465,0.8738336713995943,-0.025078369905956112,-0.07988039299444681,BE
331,2520,2851,0.8839003858295335,0.06430868167202572,0.16991643454038996,BE
321,2829,3150,0.8980952380952381,-0.030211480362537766,0.12261904761904761,BE
405,3404,3809,0.8936728800210029,0.2616822429906542,0.2032520325203252,BE
342,2565,2907,0.8823529411764706,-0.15555555555555556,-0.2464747356051704,BE
306,2195,2501,0.8776489404238305,-0.10526315789473684,-0.1442495126705653,BE
301,2335,2636,0.8858118361153262,-0.016339869281045753,0.06378132118451026,BE
332,2278,2610,0.8727969348659004,0.10299003322259136,-0.024411134903640257,BE
340,2251,2591,0.8687765341566963,0.024096385542168676,-0.011852502194907815,BE
304,2067,2371,0.8717840573597638,-0.10588235294117647,-0.08174144824522435,BE
379,2276,2655,0.8572504708097929,0.24671052631578946,0.10111272375423319,BE
386,2448,2834,0.8637967537050106,0.018469656992084433,0.07557117750439367,BE
360,2924,3284,0.8903775883069428,-0.06735751295336788,0.19444444444444445,BE
287,2954,3241,0.9114470842332614,-0.20277777777777778,0.010259917920656635,BE
332,3553,3885,0.9145431145431145,0.156794425087108,0.20277589708869329,BE
334,2727,3061,0.8908853315909834,0.006024096385542169,-0.23247959470869686,BE
318,2880,3198,0.900562851782364,-0.04790419161676647,0.056105610561056105,BE
326,2446,2772,0.8823953823953824,0.025157232704402517,-0.15069444444444444,BE
286,3332,3618,0.9209508015478165,-0.12269938650306748,0.36222403924775143,BE
310,2394,2704,0.8853550295857988,0.08391608391608392,-0.2815126050420168,BE
340,2708,3048,0.8884514435695539,0.0967741935483871,0.1311612364243943,BE
422,2564,2986,0.8586738111185532,0.2411764705882353,-0.053175775480059084,BE
338,2318,2656,0.8727409638554217,-0.1990521327014218,-0.09594383775351015,BE
350,2357,2707,0.8707055781307721,0.03550295857988166,0.016824849007765316,BE
386,2447,2833,0.8637486763148605,0.10285714285714286,0.03818413237165889,BE
296,2555,2851,0.896176780077166,-0.23316062176165803,0.044135676338373515,BE
396,2543,2939,0.8652602926165363,0.33783783783783783,-0.004696673189823875,BE
310,2015,2325,0.8666666666666667,-0.21717171717171718,-0.20762878489972472,BE
387,2448,2835,0.8634920634920635,0.24838709677419354,0.21488833746898264,BE
275,1850,2125,0.8705882352941177,-0.28940568475452194,-0.24428104575163398,BE
346,2078,2424,0.8572607260726073,0.2581818181818182,0.12324324324324325,BE
347,2121,2468,0.8594003241491086,0.002890173410404624,0.020692974013474495,BE
336,2090,2426,0.8615004122011541,-0.03170028818443804,-0.014615747289014616,BE
294,1942,2236,0.868515205724508,-0.125,-0.0708133971291866,BE
298,2378,2676,0.8886397608370703,0.013605442176870748,0.22451081359423275,BE
340,3221,3561,0.904521201909576,0.14093959731543623,0.35449957947855343,BE
316,2551,2867,0.8897802581095221,-0.07058823529411765,-0.20800993480285626,BE
295,2130,2425,0.8783505154639175,-0.06645569620253164,-0.16503332026656214,BE
294,3618,3912,0.9248466257668712,-0.003389830508474576,0.6985915492957746,BE
470,1931,2401,0.8042482299042066,0.5986394557823129,-0.46627971254836925,BE
358,2639,2997,0.8805472138805472,-0.23829787234042554,0.36664940445365096,BE
335,2648,2983,0.887696949379819,-0.06424581005586592,0.0034103827207275484,BE
355,2504,2859,0.875830710038475,0.05970149253731343,-0.054380664652567974,BE
332,1975,2307,0.8560901603814478,-0.0647887323943662,-0.21126198083067094,BE
337,2986,3323,0.898585615407764,0.015060240963855422,0.5118987341772152,BE
298,2456,2754,0.8917937545388526,-0.11572700296735905,-0.17749497655726726,BE
292,2290,2582,0.8869093725793958,-0.020134228187919462,-0.06758957654723127,BE
281,2322,2603,0.892047637341529,-0.03767123287671233,0.013973799126637555,BE
332,2814,3146,0.8944691671964399,0.18149466192170818,0.21188630490956073,BE
325,3566,3891,0.9164739141608841,-0.02108433734939759,0.26723525230987916,BE
311,2293,2604,0.880568356374808,-0.043076923076923075,-0.3569826135726304,BE
330,3046,3376,0.9022511848341233,0.06109324758842444,0.32839075447012644,BE
360,2033,2393,0.8495612202256582,0.09090909090909091,-0.33256730137885754,BE
324,3368,3692,0.9122426868905742,-0.1,0.6566650270536154,BE
297,2355,2652,0.8880090497737556,-0.08333333333333333,-0.30077197149643703,BE
326,2328,2654,0.8771665410700829,0.09764309764309764,-0.011464968152866241,BE
276,2666,2942,0.9061862678450034,-0.15337423312883436,0.14518900343642613,BE
332,2453,2785,0.8807899461400359,0.2028985507246377,-0.07989497374343586,BE
301,2585,2886,0.8957033957033957,-0.09337349397590361,0.053811659192825115,BE
305,2413,2718,0.8877851361295069,0.013289036544850499,-0.06653771760154739,BE
272,2735,3007,0.9095443964083805,-0.10819672131147541,0.13344384583506008,BE
368,2550,2918,0.8738862234407128,0.35294117647058826,-0.06764168190127971,BE
309,2478,2787,0.8891280947255114,-0.16032608695652173,-0.02823529411764706,BE
337,2036,2373,0.8579856721449641,0.09061488673139159,-0.17836965294592413,BE
414,2673,3087,0.8658892128279884,0.228486646884273,0.31286836935166995,BE
312,2806,3118,0.8999358563181526,-0.2463768115942029,0.049756827534605315,BE
306,2591,2897,0.8943734898170521,-0.019230769230769232,-0.07662152530292231,BE
356,3451,3807,0.90648804833202,0.16339869281045752,0.331918178309533,BE
282,2946,3228,0.912639405204461,-0.20786516853932585,-0.14633439582729643,BE
300,3328,3628,0.9173098125689085,0.06382978723404255,0.1296673455532926,BE
297,2165,2462,0.879366368805849,-0.01,-0.34945913461538464,BE
315,2387,2702,0.883419689119171,0.06060606060606061,0.10254041570438799,BE
334,2246,2580,0.8705426356589148,0.06031746031746032,-0.059069962295768746,BE
309,2506,2815,0.8902309058614565,-0.0748502994011976,0.1157613535173642,BE
344,2782,3126,0.889955214331414,0.11326860841423948,0.11013567438148444,BE
305,2227,2532,0.8795418641390206,-0.11337209302325581,-0.19949676491732565,BE
292,2573,2865,0.8980802792321116,-0.04262295081967213,0.1553659631791648,BE
287,2447,2734,0.8950256035113388,-0.017123287671232876,-0.048970073843762146,BE
346,4496,4842,0.9285419248244527,0.20557491289198607,0.8373518594196976,BE
309,2121,2430,0.8728395061728395,-0.1069364161849711,-0.5282473309608541,BE
313,2886,3199,0.9021569240387621,0.012944983818770227,0.3606789250353607,BE
328,2094,2422,0.8645747316267548,0.04792332268370607,-0.27442827442827444,BE
334,2717,3051,0.8905276958374303,0.018292682926829267,0.29751671442215855,BE
311,3597,3908,0.9204196519959058,-0.0688622754491018,0.32388663967611336,BE
325,2713,3038,0.8930217248189598,0.04501607717041801,-0.24576035585209896,BE
342,2663,3005,0.8861896838602329,0.052307692307692305,-0.018429782528566162,BE
290,2620,2910,0.9003436426116839,-0.15204678362573099,-0.016147202403304545,BE
273,3335,3608,0.9243348115299335,-0.05862068965517241,0.2729007633587786,BE
307,2247,2554,0.879796397807361,0.12454212454212454,-0.32623688155922037,BE
362,2061,2423,0.8505984316962443,0.1791530944625407,-0.08277703604806408,BE
304,2176,2480,0.8774193548387097,-0.16022099447513813,0.05579815623483746,BE
278,2467,2745,0.8987249544626594,-0.08552631578947369,0.13373161764705882,BE
305,2032,2337,0.8694908001711597,0.09712230215827339,-0.17632752330766113,BE
278,2208,2486,0.8881737731295254,-0.08852459016393442,0.08661417322834646,BE
309,2682,2991,0.8966900702106319,0.11151079136690648,0.21467391304347827,BE
317,3039,3356,0.9055423122765197,0.025889967637540454,0.1331096196868009,BE
279,2276,2555,0.8908023483365949,-0.11987381703470032,-0.251069430733794,BE
325,2089,2414,0.8653686826843413,0.16487455197132617,-0.08216168717047452,BE
304,2333,2637,0.8847174819871065,-0.06461538461538462,0.11680229775011967,BE
341,2253,2594,0.8685427910562837,0.12171052631578948,-0.03429061294470639,BE
335,3600,3935,0.9148665819567979,-0.017595307917888565,0.5978695073235686,BE
335,2714,3049,0.8901279107904231,0.0,-0.2461111111111111,BE
319,2118,2437,0.8691013541239229,-0.04776119402985075,-0.2196020633750921,BE
342,2131,2473,0.8617064294379296,0.07210031347962383,0.006137865911237016,BE
310,2394,2704,0.8853550295857988,-0.0935672514619883,0.12341623650868137,BE
322,2240,2562,0.8743169398907104,0.03870967741935484,-0.06432748538011696,BE
300,2952,3252,0.9077490774907749,-0.06832298136645963,0.31785714285714284,BE
319,2526,2845,0.8878734622144112,0.06333333333333334,-0.1443089430894309,BE
326,2292,2618,0.8754774637127578,0.0219435736677116,-0.09263657957244656,BE
287,2013,2300,0.8752173913043478,-0.1196319018404908,-0.12172774869109948,BE
350,1900,2250,0.8444444444444444,0.21951219512195122,-0.0561351217088922,BE
279,3370,3649,0.9235406960811181,-0.20285714285714285,0.7736842105263158,BE
297,2360,2657,0.8882197967632668,0.06451612903225806,-0.2997032640949555,BE
287,2033,2320,0.8762931034482758,-0.03367003367003367,-0.1385593220338983,BE
288,2527,2815,0.8976909413854351,0.003484320557491289,0.24299065420560748,BE
317,2519,2836,0.8882228490832158,0.10069444444444445,-0.0031658092599920855,BE
344,2399,2743,0.8745898651111921,0.08517350157728706,-0.04763795156808257,BE
324,2399,2723,0.8810135879544619,-0.05813953488372093,0.0,BE
290,1929,2219,0.8693105002253267,-0.10493827160493827,-0.19591496456857024,BE
314,2357,2671,0.8824410333208537,0.08275862068965517,0.22187662001036806,BE
291,2021,2312,0.8741349480968859,-0.0732484076433121,-0.14255409418752651,BE
315,2793,3108,0.8986486486486487,0.08247422680412371,0.38198911429985155,BE
313,2860,3173,0.9013551843681059,-0.006349206349206349,0.023988542785535267,BE
328,3299,3627,0.909567135373587,0.04792332268370607,0.15349650349650348,BE
292,2590,2882,0.8986814712005552,-0.10975609756097561,-0.2149136101849045,BE
299,2791,3090,0.9032362459546925,0.023972602739726026,0.0776061776061776,BE
301,2160,2461,0.8776919951239334,0.006688963210702341,-0.22608384091723396,BE
324,2075,2399,0.8649437265527303,0.07641196013289037,-0.03935185185185185,BE
310,3528,3838,0.9192287649817613,-0.043209876543209874,0.7002409638554217,BE
296,2286,2582,0.8853601859024013,-0.04516129032258064,-0.3520408163265306,BE
333,2464,2797,0.8809438684304612,0.125,0.0778652668416448,BE
318,2566,2884,0.8897364771151179,-0.04504504504504504,0.041396103896103896,BE
437,1866,2303,0.8102475032566218,0.3742138364779874,-0.2727981293842556,BE
338,2090,2428,0.8607907742998353,-0.22654462242562928,0.12004287245444802,BE
335,2591,2926,0.8855092276144908,-0.008875739644970414,0.23971291866028707,BE
352,2048,2400,0.8533333333333334,0.050746268656716415,-0.20957159397915862,BE
369,2465,2834,0.8697953422724065,0.048295454545454544,0.20361328125,BE
346,2212,2558,0.8647380766223612,-0.06233062330623306,-0.1026369168356998,BE
337,2250,2587,0.8697332817935833,-0.02601156069364162,0.017179023508137433,BE
318,1935,2253,0.8588548601864181,-0.05637982195845697,-0.14,BE
314,3000,3314,0.9052504526252263,-0.012578616352201259,0.5503875968992248,BE
336,2512,2848,0.8820224719101124,0.07006369426751592,-0.16266666666666665,BE
360,2149,2509,0.8565165404543643,0.07142857142857142,-0.1445063694267516,BE
325,2165,2490,0.8694779116465864,-0.09722222222222222,0.007445323406235459,BE
299,2169,2468,0.8788492706645057,-0.08,0.0018475750577367205,BE
349,2677,3026,0.8846662260409782,0.16722408026755853,0.23420931304748732,BE
363,1992,2355,0.845859872611465,0.04011461318051576,-0.2558834516249533,BE
307,2100,2407,0.8724553385957624,-0.15426997245179064,0.05421686746987952,BE
350,3209,3559,0.9016577690362462,0.14006514657980457,0.5280952380952381,BE
344,2515,2859,0.8796782091640434,-0.017142857142857144,-0.21626674976628232,BE
334,3012,3346,0.9001793185893604,-0.029069767441860465,0.19761431411530814,BE
345,1980,2325,0.8516129032258064,0.03293413173652695,-0.3426294820717131,BE
363,2562,2925,0.8758974358974358,0.05217391304347826,0.29393939393939394,BE
312,2247,2559,0.8780773739742087,-0.14049586776859505,-0.12295081967213115,BE
350,1910,2260,0.8451327433628318,0.12179487179487179,-0.14997774810858924,BE
384,2944,3328,0.8846153846153846,0.09714285714285714,0.5413612565445026,BE
342,2724,3066,0.8884540117416829,-0.109375,-0.07472826086956522,BE
386,2609,2995,0.8711185308848081,0.1286549707602339,-0.04221732745961821,BE
339,3296,3635,0.9067400275103163,-0.12176165803108809,0.2633192794174013,BE
468,2567,3035,0.8457990115321252,0.3805309734513274,-0.22117718446601942,BE
392,2252,2644,0.8517397881996974,-0.1623931623931624,-0.12271133619010519,BE
362,2334,2696,0.865727002967359,-0.07653061224489796,0.03641207815275311,BE
414,3326,3740,0.8893048128342246,0.143646408839779,0.4250214224507284,BE
328,2024,2352,0.8605442176870748,-0.20772946859903382,-0.391461214672279,BE
414,3008,3422,0.8790181180596143,0.2621951219512195,0.48616600790513836,BE
328,2215,2543,0.8710184821077468,-0.20772946859903382,-0.26363031914893614,BE
349,3281,3630,0.9038567493112948,0.06402439024390244,0.48126410835214445,BE
378,2360,2738,0.8619430241051863,0.0830945558739255,-0.28070710149344713,BE
413,2966,3379,0.8777744894939331,0.09259259259259259,0.25677966101694916,BE
367,3808,4175,0.9120958083832336,-0.11138014527845036,0.28388401888064735,BE
451,2083,2534,0.8220205209155486,0.22888283378746593,-0.4529936974789916,BE
380,2601,2981,0.8725259979872526,-0.1574279379157428,0.2486797887662026,BE
344,2449,2793,0.8768349445041175,-0.09473684210526316,-0.058439061899269514,BE
368,2493,2861,0.8713736455784691,0.06976744186046512,0.01796651694569212,BE
349,2500,2849,0.8775008775008775,-0.051630434782608696,0.002807862013638187,BE
358,3386,3744,0.9043803418803419,0.025787965616045846,0.3544,BE
409,2155,2564,0.8404836193447738,0.1424581005586592,-0.3635558180744241,BE
337,2250,2587,0.8697332817935833,-0.17603911980440098,0.04408352668213457,BE
304,2137,2441,0.8754608766898812,-0.09792284866468842,-0.050222222222222224,BE
437,2441,2878,0.8481584433634468,0.4375,0.14225549836218998,BE
317,2401,2718,0.8833701250919794,-0.2745995423340961,-0.01638672675133142,BE
353,2450,2803,0.8740635033892258,0.11356466876971609,0.02040816326530612,BE
341,3404,3745,0.9089452603471295,-0.0339943342776204,0.3893877551020408,BE
299,2332,2631,0.886354998099582,-0.12316715542521994,-0.31492361927144535,BE
321,2506,2827,0.8864520693314467,0.07357859531772576,0.07461406518010291,BE
374,2453,2827,0.867704280155642,0.16510903426791276,-0.02114924181963288,BE
310,1966,2276,0.8637961335676626,-0.1711229946524064,-0.19853240929474114,BE
361,2211,2572,0.859642301710731,0.16451612903225807,0.12461851475076297,BE
392,3028,3420,0.8853801169590644,0.08587257617728532,0.36951605608322025,BE
338,2811,3149,0.8926643378850428,-0.1377551020408163,-0.07166446499339497,BE
335,2036,2371,0.8587094053142134,-0.008875739644970414,-0.2757025969405905,BE
295,2274,2569,0.8851693265862203,0,0,LU
362,2424,2786,0.8700646087580761,0.2271186440677966,0.06596306068601583,LU
395,2257,2652,0.8510558069381599,0.09116022099447514,-0.0688943894389439,LU
348,2160,2508,0.861244019138756,-0.1189873417721519,-0.042977403633141335,LU
350,1512,1862,0.8120300751879699,0.005747126436781609,-0.3,LU
332,1931,2263,0.8532920901458241,-0.05142857142857143,0.2771164021164021,LU
343,2428,2771,0.8762179718513172,0.03313253012048193,0.25737959606421545,LU
327,2422,2749,0.8810476536922517,-0.04664723032069971,-0.002471169686985173,LU
333,1978,2311,0.8559065339679792,0.01834862385321101,-0.1833195706028076,LU
338,1467,1805,0.8127423822714681,0.015015015015015015,-0.2583417593528817,LU
316,1368,1684,0.8123515439429929,-0.0650887573964497,-0.06748466257668712,LU
323,1454,1777,0.8182329769274057,0.022151898734177215,0.06286549707602339,LU
315,2488,2803,0.8876204067070995,-0.02476780185758514,0.7111416781292985,LU
383,1693,2076,0.8155105973025049,0.21587301587301588,-0.3195337620578778,LU
300,1343,1643,0.8174071819841753,-0.21671018276762402,-0.2067336089781453,LU
352,2487,2839,0.8760126805213103,0.17333333333333334,0.8518242740134029,LU
334,2526,2860,0.8832167832167832,-0.05113636363636364,0.015681544028950542,LU
297,2250,2547,0.8833922261484098,-0.11077844311377245,-0.10926365795724466,LU
357,2710,3067,0.8835996087381807,0.20202020202020202,0.20444444444444446,LU
333,2165,2498,0.866693354683747,-0.06722689075630252,-0.2011070110701107,LU
327,1995,2322,0.8591731266149871,-0.018018018018018018,-0.07852193995381063,LU
354,2428,2782,0.8727534148094895,0.08256880733944955,0.21704260651629073,LU
302,1531,1833,0.8352427714129842,-0.14689265536723164,-0.3694398682042834,LU
389,2608,2997,0.8702035368702036,0.28807947019867547,0.7034617896799478,LU
316,2171,2487,0.8729392842782469,-0.18766066838046272,-0.16756134969325154,LU
321,2348,2669,0.879730236043462,0.015822784810126583,0.08152924919391985,LU
331,2088,2419,0.8631665977676726,0.03115264797507788,-0.11073253833049404,LU
350,2463,2813,0.8755776750799857,0.05740181268882175,0.17959770114942528,LU
341,2645,2986,0.8858004018754186,-0.025714285714285714,0.07389362565976451,LU
328,2335,2663,0.8768306421329328,-0.03812316715542522,-0.11720226843100189,LU
331,2209,2540,0.8696850393700788,0.009146341463414634,-0.053961456102783724,LU
366,1558,1924,0.8097713097713097,0.10574018126888217,-0.2947034857401539,LU
341,2787,3128,0.8909846547314578,-0.06830601092896176,0.788831835686778,LU
308,2456,2764,0.8885672937771346,-0.0967741935483871,-0.11876569788302835,LU
283,1934,2217,0.8723500225529995,-0.08116883116883117,-0.21254071661237786,LU
312,2497,2809,0.8889284442862229,0.10247349823321555,0.29110651499482937,LU
315,2324,2639,0.8806366047745358,0.009615384615384616,-0.06928313976772127,LU
369,1903,2272,0.8375880281690141,0.17142857142857143,-0.18115318416523235,LU
335,1133,1468,0.7717983651226158,-0.0921409214092141,-0.4046242774566474,LU
382,1350,1732,0.7794457274826789,0.14029850746268657,0.1915269196822595,LU
332,1684,2016,0.8353174603174603,-0.13089005235602094,0.2474074074074074,LU
308,2236,2544,0.8789308176100629,-0.07228915662650602,0.32779097387173395,LU
276,1514,1790,0.8458100558659218,-0.1038961038961039,-0.3228980322003578,LU
345,1721,2066,0.8330106485963213,0.25,0.13672391017173052,LU
330,2243,2573,0.8717450446949087,-0.043478260869565216,0.30331202789076117,LU
316,2832,3148,0.8996188055908514,-0.04242424242424243,0.2625947391885867,LU
317,1995,2312,0.8628892733564014,0.0031645569620253164,-0.2955508474576271,LU
297,2037,2334,0.8727506426735219,-0.06309148264984227,0.021052631578947368,LU
293,2516,2809,0.8956924172303311,-0.013468013468013467,0.23514972999509082,LU
320,2361,2681,0.8806415516598284,0.09215017064846416,-0.06160572337042925,LU
296,2252,2548,0.8838304552590267,-0.075,-0.04616687844133842,LU
395,2310,2705,0.8539741219963032,0.3344594594594595,0.02575488454706927,LU
328,1991,2319,0.8585597240189737,-0.16962025316455695,-0.1380952380952381,LU
297,1823,2120,0.8599056603773585,-0.09451219512195122,-0.08437970868910095,LU
315,1712,2027,0.844597927972373,0.06060606060606061,-0.060888645090510146,LU
294,2537,2831,0.8961497703991522,-0.06666666666666667,0.48189252336448596,LU
333,2117,2450,0.8640816326530613,0.1326530612244898,-0.16554986204178163,LU
354,1437,1791,0.8023450586264657,0.06306306306306306,-0.32120925838450637,LU
335,2186,2521,0.8671162237207457,-0.05367231638418079,0.5212247738343772,LU
317,2593,2910,0.89106529209622,-0.05373134328358209,0.18618481244281793,LU
290,2651,2941,0.9013940836450187,-0.08517350157728706,0.02236791361357501,LU
338,1356,1694,0.8004722550177096,0.16551724137931034,-0.4884949075820445,LU
370,2673,3043,0.8784094643443969,0.09467455621301775,0.9712389380530974,LU
291,2108,2399,0.8786994581075448,-0.21351351351351353,-0.21137298915076694,LU
328,1796,2124,0.8455743879472694,0.12714776632302405,-0.14800759013282733,LU
306,1798,2104,0.8545627376425855,-0.06707317073170732,0.0011135857461024498,LU
327,2087,2414,0.8645401822700911,0.06862745098039216,0.160734149054505,LU
328,2103,2431,0.865076100370218,0.0030581039755351682,0.007666506947771922,LU
352,2564,2916,0.879286694101509,0.07317073170731707,0.21921065145030907,LU
334,2396,2730,0.8776556776556776,-0.05113636363636364,-0.0655226209048362,LU
360,1963,2323,0.8450279810589755,0.07784431137724551,-0.1807178631051753,LU
326,1525,1851,0.823878984332793,-0.09444444444444444,-0.22312786551197147,LU
315,2205,2520,0.875,-0.03374233128834356,0.4459016393442623,LU
369,2132,2501,0.8524590163934426,0.17142857142857143,-0.03310657596371882,LU
349,2519,2868,0.8783124128312413,-0.05420054200542006,0.18151969981238275,LU
338,1893,2231,0.8484984311967727,-0.03151862464183381,-0.2485113140134974,LU
307,2166,2473,0.8758592802264457,-0.09171597633136094,0.14421553090332806,LU
298,2459,2757,0.891911498005078,-0.029315960912052116,0.1352723915050785,LU
310,1251,1561,0.8014093529788597,0.040268456375838924,-0.49125660837738916,LU
319,2060,2379,0.8659100462379151,0.02903225806451613,0.6466826538768985,LU
343,1636,1979,0.8266801414855988,0.07523510971786834,-0.2058252427184466,LU
355,1873,2228,0.8406642728904847,0.03498542274052478,0.14486552567237163,LU
350,2711,3061,0.8856582816073179,-0.014084507042253521,0.44741057127602774,LU
319,2424,2743,0.8837039737513671,-0.08857142857142856,-0.10586499446698636,LU
341,2151,2492,0.8631621187800963,0.06896551724137931,-0.11262376237623763,LU
287,2418,2705,0.8939001848428836,-0.15835777126099707,0.12412831241283125,LU
351,2383,2734,0.8716166788588149,0.2229965156794425,-0.014474772539288668,LU
286,1938,2224,0.8714028776978417,-0.18518518518518517,-0.1867394041124633,LU
335,2486,2821,0.881247784473591,0.17132867132867133,0.28276573787409703,LU
320,2335,2655,0.879472693032015,-0.04477611940298507,-0.06074014481094127,LU
300,2201,2501,0.8800479808076769,-0.0625,-0.05738758029978587,LU
333,1706,2039,0.8366846493379108,0.11,-0.22489777373920944,LU
337,2212,2549,0.8677912907022362,0.012012012012012012,0.2966002344665885,LU
312,2356,2668,0.8830584707646177,-0.07418397626112759,0.0650994575045208,LU
322,1680,2002,0.8391608391608392,0.03205128205128205,-0.2869269949066214,LU
284,1632,1916,0.8517745302713987,-0.11801242236024845,-0.02857142857142857,LU
358,1520,1878,0.8093716719914803,0.2605633802816901,-0.06862745098039216,LU
334,2327,2661,0.8744832769635476,-0.0670391061452514,0.530921052631579,LU
354,1642,1996,0.8226452905811623,0.059880239520958084,-0.2943704340352385,LU
389,2159,2548,0.847331240188383,0.09887005649717515,0.3148599269183922,LU
304,2756,3060,0.9006535947712418,-0.2185089974293059,0.2765169059749884,LU
299,1811,2110,0.8582938388625593,-0.01644736842105263,-0.34288824383164007,LU
346,2064,2410,0.8564315352697095,0.15719063545150502,0.13970182219768085,LU
335,1936,2271,0.8524878907970057,-0.031791907514450865,-0.06201550387596899,LU
373,2647,3020,0.8764900662251656,0.11343283582089553,0.3672520661157025,LU
304,2332,2636,0.8846737481031867,-0.18498659517426275,-0.11900264450321119,LU
347,2798,3145,0.8896661367249602,0.14144736842105263,0.1998284734133791,LU
334,2317,2651,0.8740098076197661,-0.037463976945244955,-0.1719085060757684,LU
313,1571,1884,0.833864118895966,-0.06287425149700598,-0.32196806214933105,LU
356,1612,1968,0.8191056910569106,0.13738019169329074,0.026098026734563972,LU
322,2435,2757,0.8832063837504533,-0.09550561797752809,0.510545905707196,LU
301,2027,2328,0.8707044673539519,-0.06521739130434782,-0.1675564681724846,LU
457,1564,2021,0.7738743196437408,0.5182724252491694,-0.2284163788850518,LU
485,2172,2657,0.8174633044787354,0.061269146608315096,0.3887468030690537,LU
320,2141,2461,0.8699715562779358,-0.3402061855670103,-0.01427255985267035,LU
322,2260,2582,0.8752904725019365,0.00625,0.05558150397010743,LU
307,1896,2203,0.8606445755787563,-0.046583850931677016,-0.16106194690265488,LU
322,2799,3121,0.8968279397628965,0.048859934853420196,0.4762658227848101,LU
300,2821,3121,0.9038769625120153,-0.06832298136645963,0.007859949982136478,LU
280,1955,2235,0.8747203579418344,-0.06666666666666667,-0.30698333924140375,LU
311,2401,2712,0.8853244837758112,0.11071428571428571,0.22813299232736572,LU
387,2336,2723,0.8578773411678297,0.24437299035369775,-0.027072053311120368,LU
305,2771,3076,0.9008452535760728,-0.21188630490956073,0.18621575342465754,LU
354,1557,1911,0.814756671899529,0.16065573770491803,-0.4381089859256586,LU
301,1520,1821,0.8347062053816584,-0.1497175141242938,-0.023763648041104687,LU
315,2006,2321,0.8642826367944851,0.046511627906976744,0.31973684210526315,LU
364,1725,2089,0.8257539492580181,0.15555555555555556,-0.14007976071784647,LU
301,2640,2941,0.8976538592315539,-0.17307692307692307,0.5304347826086957,LU
319,1921,2240,0.8575892857142857,0.059800664451827246,-0.27234848484848484,LU
401,2570,2971,0.865028609895658,0.25705329153605017,0.33784487246225925,LU
356,2238,2594,0.8627602158828065,-0.11221945137157108,-0.12918287937743192,LU
304,2308,2612,0.8836140888208269,-0.14606741573033707,0.03127792672028597,LU
381,1854,2235,0.8295302013422818,0.2532894736842105,-0.19670710571923744,LU
336,1564,1900,0.8231578947368421,-0.11811023622047244,-0.15641855447680691,LU
338,2587,2925,0.8844444444444445,0.005952380952380952,0.6540920716112532,LU
366,2181,2547,0.856301531213192,0.08284023668639054,-0.1569385388480866,LU
278,2321,2599,0.893035782993459,-0.24043715846994534,0.06419073819348922,LU
298,1779,2077,0.85652383245065,0.07194244604316546,-0.23352003446790176,LU
294,2578,2872,0.8976323119777159,-0.013422818791946308,0.44912872400224846,LU
357,2211,2568,0.860981308411215,0.21428571428571427,-0.14235841737781227,LU
332,2564,2896,0.8853591160220995,-0.0700280112044818,0.15965626413387607,LU
321,1561,1882,0.8294367693942615,-0.03313253012048193,-0.391185647425897,LU
320,1751,2071,0.8454852728150651,-0.003115264797507788,0.12171684817424727,LU
372,2011,2383,0.843894250944188,0.1625,0.14848657909765847,LU
305,2261,2566,0.8811379579111458,-0.18010752688172044,0.12431626056688215,LU
309,2176,2485,0.8756539235412475,0.013114754098360656,-0.03759398496240601,LU
309,2465,2774,0.8886085075702956,0.0,0.1328125,LU
305,2115,2420,0.8739669421487604,-0.012944983818770227,-0.14198782961460446,LU
306,1858,2164,0.8585951940850277,0.003278688524590164,-0.12151300236406619,LU
325,1294,1619,0.7992588017294626,0.06209150326797386,-0.30355220667384286,LU
300,1421,1721,0.8256827425915165,-0.07692307692307693,0.09814528593508501,LU
324,2280,2604,0.8755760368663594,0.08,0.6045038705137228,LU
286,1474,1760,0.8375,-0.11728395061728394,-0.35350877192982455,LU
325,2130,2455,0.8676171079429735,0.13636363636363635,0.4450474898236092,LU
299,3256,3555,0.9158931082981716,-0.08,0.5286384976525822,LU
297,1768,2065,0.8561743341404359,-0.006688963210702341,-0.457002457002457,LU
292,2199,2491,0.8827780008028904,-0.016835016835016835,0.24377828054298642,LU
336,1272,1608,0.7910447761194029,0.1506849315068493,-0.42155525238744884,LU
405,1524,1929,0.7900466562986003,0.20535714285714285,0.19811320754716982,LU
426,1759,2185,0.8050343249427918,0.05185185185185185,0.1541994750656168,LU
332,1779,2111,0.842728564661298,-0.22065727699530516,0.01137009664582149,LU
327,1504,1831,0.821409066084107,-0.015060240963855422,-0.15458122540753233,LU
325,1631,1956,0.8338445807770961,-0.0061162079510703364,0.08444148936170212,LU
299,1764,2063,0.8550654386815317,-0.08,0.0815450643776824,LU
334,2203,2537,0.8683484430429641,0.11705685618729098,0.24886621315192745,LU
319,2680,2999,0.8936312104034678,-0.04491017964071856,0.2165229232864276,LU
325,1492,1817,0.8211337369290038,0.018808777429467086,-0.44328358208955226,LU
307,2335,2642,0.8838001514004542,-0.055384615384615386,0.5650134048257373,LU
338,2249,2587,0.8693467336683417,0.10097719869706841,-0.03683083511777302,LU
309,1333,1642,0.8118148599269184,-0.08579881656804733,-0.40729212983548246,LU
313,1947,2260,0.8615044247787611,0.012944983818770227,0.4606151537884471,LU
301,1441,1742,0.8272101033295063,-0.038338658146964855,-0.2598870056497175,LU
323,2354,2677,0.8793425476279417,0.07308970099667775,0.6335877862595419,LU
292,2314,2606,0.8879508825786646,-0.09597523219814241,-0.016992353440951572,LU
300,2010,2310,0.8701298701298701,0.0273972602739726,-0.1313742437337943,LU
316,2412,2728,0.8841642228739003,0.05333333333333334,0.2,LU
324,2643,2967,0.890798786653185,0.02531645569620253,0.09577114427860696,LU
299,2580,2879,0.8961444946161862,-0.07716049382716049,-0.02383654937570942,LU
314,2528,2842,0.8895144264602393,0.05016722408026756,-0.020155038759689922,LU
346,1585,1931,0.8208182288969446,0.10191082802547771,-0.37302215189873417,LU
330,2552,2882,0.8854961832061069,-0.046242774566473986,0.6100946372239747,LU
286,2249,2535,0.8871794871794871,-0.13333333333333333,-0.11873040752351097,LU
291,1791,2082,0.8602305475504323,0.017482517482517484,-0.20364606491774123,LU
312,2104,2416,0.8708609271523179,0.07216494845360824,0.17476270240089337,LU
373,2413,2786,0.866116295764537,0.1955128205128205,0.14686311787072243,LU
350,1703,2053,0.8295177788602046,-0.06166219839142091,-0.29423953584749274,LU
289,2516,2805,0.896969696969697,-0.1742857142857143,0.4773928361714621,LU
389,2541,2930,0.8672354948805461,0.3460207612456747,0.009936406995230525,LU
292,1756,2048,0.857421875,-0.2493573264781491,-0.3089334907516726,LU
292,1985,2277,0.8717610891523935,0.0,0.1304100227790433,LU
397,1831,2228,0.8218132854578097,0.3595890410958904,-0.07758186397984887,LU
270,1814,2084,0.8704414587332053,-0.3198992443324937,-0.009284543965046422,LU
326,2011,2337,0.860504920838682,0.2074074074074074,0.10859977949283352,LU
476,1678,2154,0.7790157845868152,0.4601226993865031,-0.165589259075087,LU
369,1425,1794,0.794314381270903,-0.22478991596638656,-0.15077473182359952,LU
293,2749,3042,0.9036817882971729,-0.20596205962059622,0.9291228070175439,LU
297,2461,2758,0.8923132704858593,0.013651877133105802,-0.1047653692251728,LU
298,2512,2810,0.8939501779359431,0.003367003367003367,0.02072328321820398,LU
323,2460,2783,0.8839381961911607,0.08389261744966443,-0.020700636942675158,LU
471,1609,2080,0.7735576923076923,0.4582043343653251,-0.3459349593495935,LU
289,2282,2571,0.8875923765071957,-0.386411889596603,0.418272218769422,LU
302,1952,2254,0.8660159716060337,0.04498269896193772,-0.1446099912357581,LU
325,2453,2778,0.8830093592512599,0.076158940397351,0.25665983606557374,LU
358,2341,2699,0.8673582808447573,0.10153846153846154,-0.04565837749694252,LU
311,2414,2725,0.8858715596330275,-0.13128491620111732,0.031183255019222554,LU
315,1831,2146,0.853215284249767,0.012861736334405145,-0.24150787075393537,LU
338,1331,1669,0.7974835230677052,0.07301587301587302,-0.2730748225013654,LU
318,2537,2855,0.8886164623467601,-0.05917159763313609,0.9060856498873028,LU
334,1840,2174,0.8463661453541859,0.050314465408805034,-0.27473393772171856,LU
399,1975,2374,0.8319292333614153,0.19461077844311378,0.07336956521739131,LU
313,1589,1902,0.8354363827549948,-0.21553884711779447,-0.19544303797468354,LU
381,2008,2389,0.8405190456257848,0.21725239616613418,0.263687853996224,LU
309,1814,2123,0.8544512482336316,-0.1889763779527559,-0.09661354581673307,LU
321,2363,2684,0.8804023845007451,0.038834951456310676,0.3026460859977949,LU
356,2478,2834,0.8743824982357092,0.10903426791277258,0.048666948793906054,LU
292,2264,2556,0.8857589984350548,-0.1797752808988764,-0.08635996771589992,LU
325,2571,2896,0.8877762430939227,0.11301369863013698,0.1356007067137809,LU
306,2638,2944,0.8960597826086957,-0.05846153846153846,0.026059898872034228,LU
272,2575,2847,0.9044608359676852,-0.1111111111111111,-0.023881728582259287,LU
280,2272,2552,0.890282131661442,0.029411764705882353,-0.11766990291262136,LU
297,1857,2154,0.862116991643454,0.060714285714285714,-0.18265845070422534,LU
324,2292,2616,0.8761467889908257,0.09090909090909091,0.23424878836833601,LU
313,2060,2373,0.8680994521702486,-0.033950617283950615,-0.1012216404886562,LU
342,1775,2117,0.8384506376948512,0.0926517571884984,-0.1383495145631068,LU
342,2708,3050,0.8878688524590164,0.0,0.5256338028169014,LU
385,1651,2036,0.8109037328094303,0.12573099415204678,-0.39032496307237813,LU
309,2358,2667,0.8841394825646794,-0.1974025974025974,0.4282253179890975,LU
279,2154,2433,0.8853267570900123,-0.0970873786407767,-0.08651399491094147,LU
304,1693,1997,0.8477716574862293,0.08960573476702509,-0.21402042711234912,LU
299,2675,2974,0.8994620040349698,-0.01644736842105263,0.5800354400472534,LU
314,1886,2200,0.8572727272727273,0.05016722408026756,-0.29495327102803737,LU
294,2737,3031,0.9030023094688222,-0.06369426751592357,0.45121951219512196,LU
297,1932,2229,0.8667563930013459,0.01020408163265306,-0.29411764705882354,LU
292,1831,2123,0.8624587847385775,-0.016835016835016835,-0.05227743271221532,LU
321,1888,2209,0.8546853779990946,0.09931506849315068,0.03113052976515565,LU
327,2521,2848,0.8851825842696629,0.018691588785046728,0.3352754237288136,LU
297,1966,2263,0.8687582854617764,-0.09174311926605505,-0.22015073383577946,LU
296,1752,2048,0.85546875,-0.003367003367003367,-0.10885045778229908,LU
300,1648,1948,0.8459958932238193,0.013513513513513514,-0.0593607305936073,LU
291,1132,1423,0.7955024595924104,-0.03,-0.3131067961165049,LU
293,2874,3167,0.9074834227976003,0.006872852233676976,1.53886925795053,LU
275,2378,2653,0.896343761779118,-0.06143344709897611,-0.17258176757132915,LU
303,2253,2556,0.8814553990610329,0.10181818181818182,-0.052565180824222034,LU
300,2147,2447,0.8774008990600736,-0.009900990099009901,-0.04704837993786063,LU
346,2773,3119,0.8890670086566207,0.15333333333333332,0.29156963204471353,LU
307,2724,3031,0.8987132959419334,-0.11271676300578035,-0.017670393076090876,LU
287,1683,1970,0.8543147208121827,-0.06514657980456026,-0.38215859030837,LU
351,1964,2315,0.8483801295896328,0.2229965156794425,0.16696375519904932,LU
317,1730,2047,0.8451392281387397,-0.09686609686609686,-0.11914460285132383,LU
292,2636,2928,0.9002732240437158,-0.07886435331230283,0.5236994219653179,LU
276,2035,2311,0.8805711813067936,-0.0547945205479452,-0.2279969650986343,LU
310,2157,2467,0.8743413052290231,0.12318840579710146,0.05995085995085995,LU
291,1556,1847,0.84244721169464,-0.06129032258064516,-0.27862772369031064,LU
292,2371,2663,0.8903492301915134,0.003436426116838488,0.5237789203084833,LU
307,2428,2735,0.8877513711151737,0.05136986301369863,0.024040489245044285,LU
337,1771,2108,0.8401328273244781,0.09771986970684039,-0.2705930807248764,LU
285,1387,1672,0.8295454545454546,-0.1543026706231454,-0.21682665160926032,LU
285,1474,1759,0.8379761227970438,0.0,0.06272530641672674,LU
308,2270,2578,0.8805275407292474,0.08070175438596491,0.5400271370420624,LU
298,2222,2520,0.8817460317460317,-0.032467532467532464,-0.021145374449339206,LU
267,1584,1851,0.8557536466774717,-0.1040268456375839,-0.2871287128712871,LU
352,2192,2544,0.8616352201257862,0.31835205992509363,0.3838383838383838,LU
378,1690,2068,0.8172147001934236,0.07386363636363637,-0.229014598540146,LU
325,2188,2513,0.8706725029844807,-0.1402116402116402,0.29467455621301775,LU
396,1756,2152,0.8159851301115242,0.21846153846153846,-0.19744058500914077,LU
446,1449,1895,0.7646437994722955,0.12626262626262627,-0.17482915717539863,LU
504,2306,2810,0.8206405693950178,0.13004484304932734,0.5914423740510697,LU
317,1859,2176,0.8543198529411765,-0.37103174603174605,-0.1938421509106678,LU
502,1989,2491,0.7984745082296266,0.583596214511041,0.06993006993006994,LU
337,2489,2826,0.8807501769285209,-0.3286852589641434,0.2513826043237808,LU
423,2330,2753,0.8463494369778424,0.2551928783382789,-0.06388107673764563,LU
310,2560,2870,0.89198606271777,-0.26713947990543735,0.09871244635193133,LU
288,1693,1981,0.8546188793538617,-0.07096774193548387,-0.338671875,LU
415,2433,2848,0.8542837078651685,0.4409722222222222,0.4370939161252215,LU
307,1600,1907,0.8390141583639223,-0.26024096385542167,-0.3423756678997123,LU
321,2362,2683,0.8803578084234066,0.04560260586319218,0.47625,LU
296,1567,1863,0.8411164787976382,-0.0778816199376947,-0.3365791701947502,LU
326,2628,2954,0.8896411645226812,0.10135135135135136,0.6770899808551372,LU
405,1395,1800,0.775,0.24233128834355827,-0.4691780821917808,LU
409,1380,1789,0.7713806595863612,0.009876543209876543,-0.010752688172043012,LU
381,2211,2592,0.8530092592592593,-0.06845965770171149,0.6021739130434782,LU
387,1487,1874,0.7934898612593383,0.015748031496062992,-0.3274536408864767,LU
349,1884,2233,0.8437080161218092,-0.09819121447028424,0.26698049764626763,LU
362,2364,2726,0.8672046955245781,0.03724928366762178,0.25477707006369427,LU
352,2192,2544,0.8616352201257862,-0.027624309392265192,-0.0727580372250423,LU
421,1531,1952,0.7843237704918032,0.19602272727272727,-0.30155109489051096,LU
325,1653,1978,0.8356926188068756,-0.22802850356294538,0.07968647942521227,LU
385,1604,1989,0.8064353946706888,0.18461538461538463,-0.029643073200241985,LU
338,2357,2695,0.874582560296846,-0.12207792207792208,0.4694513715710723,LU
305,1845,2150,0.858139534883721,-0.09763313609467456,-0.21722528638099278,LU
384,1684,2068,0.8143133462282398,0.25901639344262295,-0.08726287262872628,LU
371,2651,3022,0.8772336201191264,-0.033854166666666664,0.5742280285035629,LU
372,1941,2313,0.8391699092088197,0.0026954177897574125,-0.2678234628442097,LU
420,2788,3208,0.8690773067331671,0.12903225806451613,0.4363730036063885,LU
327,2021,2348,0.860732538330494,-0.22142857142857142,-0.2751076040172166,LU
396,1412,1808,0.7809734513274337,0.21100917431192662,-0.30133597229094505,LU
342,2311,2653,0.8710893328307576,-0.13636363636363635,0.636685552407932,LU
389,2036,2425,0.8395876288659794,0.13742690058479531,-0.11899610558199913,LU
363,2296,2659,0.86348251222264,-0.06683804627249357,0.12770137524557956,LU
406,2087,2493,0.8371440032089852,0.1184573002754821,-0.09102787456445993,LU
346,1602,1948,0.8223819301848049,-0.1477832512315271,-0.23239099185433637,LU
389,2722,3111,0.8749598199935712,0.12427745664739884,0.6991260923845194,LU
356,2422,2778,0.8718502519798416,-0.08483290488431877,-0.11021307861866275,LU
360,2129,2489,0.8553635998392929,0.011235955056179775,-0.12097440132122213,LU
308,2405,2713,0.8864725396240324,-0.14444444444444443,0.12963832785345233,LU
363,1857,2220,0.8364864864864865,0.17857142857142858,-0.22785862785862787,LU
419,1563,1982,0.7885973763874874,0.15426997245179064,-0.1583198707592892,LU
368,2397,2765,0.8669077757685353,-0.12171837708830549,0.5335892514395394,LU
360,1587,1947,0.8151001540832049,-0.021739130434782608,-0.3379224030037547,LU
380,1553,1933,0.8034143817899638,0.05555555555555555,-0.02142407057340895,LU
352,1743,2095,0.831980906921241,-0.07368421052631578,0.12234385061171925,LU
370,2828,3198,0.884302689180738,0.05113636363636364,0.6224899598393574,LU
436,2063,2499,0.8255302120848339,0.1783783783783784,-0.2705091937765205,LU
