364,1206,1570,0.7681528662420383,0,0,DE
350,1894,2244,0.8440285204991087,-0.038461538461538464,0.5704809286898839,DE
346,1324,1670,0.792814371257485,-0.011428571428571429,-0.30095036958817317,DE
330,1311,1641,0.7989031078610603,-0.046242774566473986,-0.009818731117824773,DE
315,1511,1826,0.8274917853231106,-0.045454545454545456,0.15255530129672007,DE
334,1552,1886,0.8229056203605515,0.06031746031746032,0.027134348113831898,DE
375,1429,1804,0.7921286031042128,0.12275449101796407,-0.07925257731958762,DE
458,1660,2118,0.7837582625118036,0.22133333333333333,0.16165150454863542,DE
332,1503,1835,0.8190735694822888,-0.27510917030567683,-0.09457831325301205,DE
345,1684,2029,0.8299655002464268,0.0391566265060241,0.12042581503659348,DE
356,1686,2042,0.8256611165523996,0.03188405797101449,0.0011876484560570072,DE
455,1173,1628,0.7205159705159705,0.27808988764044945,-0.304270462633452,DE
348,1668,2016,0.8273809523809523,-0.23516483516483516,0.4219948849104859,DE
352,1411,1763,0.8003403289846852,0.011494252873563218,-0.15407673860911272,DE
374,1685,2059,0.8183584264205925,0.0625,0.19418851878100638,DE
386,1583,1969,0.8039614017267649,0.03208556149732621,-0.060534124629080116,DE
338,1419,1757,0.8076266363118952,-0.12435233160621761,-0.10360075805432722,DE
680,1196,1876,0.6375266524520256,1.0118343195266273,-0.15715292459478505,DE
323,1230,1553,0.7920154539600772,-0.525,0.028428093645484948,DE
360,1173,1533,0.7651663405088063,0.11455108359133127,-0.046341463414634146,DE
384,1083,1467,0.7382413087934561,0.06666666666666667,-0.07672634271099744,DE
326,1354,1680,0.805952380952381,-0.15104166666666666,0.2502308402585411,DE
328,1813,2141,0.8468005604857544,0.006134969325153374,0.33899556868537667,DE
387,1504,1891,0.7953463775780011,0.1798780487804878,-0.1704357418643133,DE
385,1319,1704,0.7740610328638498,-0.00516795865633075,-0.12300531914893617,DE
343,1573,1916,0.8209812108559499,-0.10909090909090909,0.19257012888551933,DE
395,1096,1491,0.7350771294433266,0.15160349854227406,-0.30324221233312143,DE
363,1128,1491,0.7565392354124748,-0.0810126582278481,0.029197080291970802,DE
389,1600,1989,0.8044243338360986,0.07162534435261708,0.41843971631205673,DE
371,1311,1682,0.7794292508917955,-0.04627249357326478,-0.180625,DE
327,1787,2114,0.8453169347209082,-0.11859838274932614,0.36308161708619374,DE
390,1470,1860,0.7903225806451613,0.1926605504587156,-0.17739227756015669,DE
382,1459,1841,0.7925040738728951,-0.020512820512820513,-0.007482993197278911,DE
340,1348,1688,0.7985781990521327,-0.1099476439790576,-0.07607950651130911,DE
396,1961,2357,0.8319898175647009,0.16470588235294117,0.4547477744807122,DE
468,1530,1998,0.7657657657657657,0.18181818181818182,-0.21978582355940846,DE
378,1678,2056,0.816147859922179,-0.19230769230769232,0.09673202614379085,DE
425,2046,2471,0.8280048563334682,0.12433862433862433,0.21930870083432658,DE
479,1262,1741,0.7248707639287766,0.12705882352941175,-0.3831867057673509,DE
326,1545,1871,0.8257616247995724,-0.31941544885177453,0.22424722662440572,DE
402,2082,2484,0.8381642512077294,0.2331288343558282,0.34757281553398056,DE
360,1834,2194,0.8359161349134002,-0.1044776119402985,-0.11911623439000961,DE
362,1293,1655,0.7812688821752266,0.005555555555555556,-0.29498364231188656,DE
341,1579,1920,0.8223958333333333,-0.058011049723756904,0.2211910286156226,DE
356,1586,1942,0.8166838311019567,0.04398826979472141,0.004433185560481318,DE
365,1551,1916,0.8094989561586639,0.025280898876404494,-0.022068095838587643,DE
393,2151,2544,0.8455188679245284,0.07671232876712329,0.38684719535783363,DE
313,1426,1739,0.8200115008625647,-0.2035623409669211,-0.33705253370525334,DE
340,1508,1848,0.816017316017316,0.08626198083067092,0.05750350631136045,DE
352,1332,1684,0.7909738717339667,0.03529411764705882,-0.11671087533156499,DE
514,1292,1806,0.7153931339977851,0.4602272727272727,-0.03003003003003003,DE
341,1675,2016,0.8308531746031746,-0.33657587548638135,0.2964396284829721,DE
354,1754,2108,0.8320683111954459,0.03812316715542522,0.047164179104477615,DE
351,1745,2096,0.8325381679389313,-0.00847457627118644,-0.005131128848346636,DE
384,1528,1912,0.799163179916318,0.09401709401709402,-0.12435530085959885,DE
368,1312,1680,0.780952380952381,-0.041666666666666664,-0.14136125654450263,DE
433,1971,2404,0.819883527454243,0.1766304347826087,0.5022865853658537,DE
451,1488,1939,0.7674058793192368,0.04157043879907621,-0.2450532724505327,DE
335,1568,1903,0.8239621650026274,-0.2572062084257206,0.053763440860215055,DE
328,1344,1672,0.8038277511961722,-0.020895522388059702,-0.14285714285714285,DE
418,1692,2110,0.8018957345971564,0.27439024390243905,0.25892857142857145,DE
338,1753,2091,0.8383548541367767,-0.19138755980861244,0.03605200945626478,DE
339,1837,2176,0.8442095588235294,0.0029585798816568047,0.04791785510553337,DE
320,1382,1702,0.8119858989424207,-0.05604719764011799,-0.2476864452912357,DE
375,1258,1633,0.7703612982241274,0.171875,-0.08972503617945007,DE
336,1987,2323,0.8553594489883771,-0.104,0.5794912559618441,DE
326,1294,1620,0.7987654320987654,-0.02976190476190476,-0.34876698540513335,DE
318,1459,1777,0.8210467079347215,-0.024539877300613498,0.1275115919629057,DE
333,2979,3312,0.8994565217391305,0.04716981132075472,1.041809458533242,DE
370,1371,1741,0.7874784606547961,0.1111111111111111,-0.5397784491440081,DE
488,1968,2456,0.8013029315960912,0.31891891891891894,0.43544857768052514,DE
314,1451,1765,0.8220963172804533,-0.35655737704918034,-0.2627032520325203,DE
366,1287,1653,0.778584392014519,0.16560509554140126,-0.11302549965541006,DE
372,1876,2248,0.8345195729537367,0.01639344262295082,0.45765345765345766,DE
368,1951,2319,0.8413109098749461,-0.010752688172043012,0.03997867803837953,DE
490,1219,1709,0.7132826214160327,0.33152173913043476,-0.3751922091235264,DE
368,2053,2421,0.8479966955803387,-0.24897959183673468,0.6841673502871206,DE
308,2720,3028,0.8982826948480845,-0.16304347826086957,0.32489040428641014,DE
391,1524,1915,0.795822454308094,0.2694805194805195,-0.43970588235294117,DE
361,1756,2117,0.8294756731223429,-0.07672634271099744,0.15223097112860892,DE
387,1202,1589,0.7564505978602895,0.07202216066481995,-0.31548974943052394,DE
315,1350,1665,0.8108108108108109,-0.18604651162790697,0.12312811980033278,DE
427,1399,1826,0.7661555312157722,0.35555555555555557,0.0362962962962963,DE
357,2558,2915,0.8775300171526587,-0.16393442622950818,0.8284488920657612,DE
396,1639,2035,0.8054054054054054,0.1092436974789916,-0.3592650508209539,DE
372,1479,1851,0.7990275526742301,-0.06060606060606061,-0.09762050030506407,DE
391,1956,2347,0.8334043459735833,0.051075268817204304,0.3225152129817444,DE
355,1761,2116,0.8322306238185255,-0.09207161125319693,-0.09969325153374232,DE
323,1012,1335,0.7580524344569288,-0.09014084507042254,-0.4253265190232822,DE
381,1528,1909,0.8004190675746464,0.17956656346749225,0.5098814229249012,DE
383,2026,2409,0.8410128684101287,0.005249343832020997,0.32591623036649214,DE
439,1334,1773,0.7523970671178793,0.1462140992167102,-0.3415597235932873,DE
356,1755,2111,0.8313595452392231,-0.18906605922551253,0.315592203898051,DE
444,1654,2098,0.7883698760724499,0.24719101123595505,-0.05754985754985755,DE
431,1751,2182,0.8024747937671861,-0.02927927927927928,0.058645707376058044,DE
366,1636,2002,0.8171828171828172,-0.15081206496519722,-0.06567675613934894,DE
387,1412,1799,0.7848804891606448,0.05737704918032787,-0.13691931540342298,DE
475,1705,2180,0.7821100917431193,0.22739018087855298,0.2075070821529745,DE
355,1873,2228,0.8406642728904847,-0.25263157894736843,0.09853372434017596,DE
357,1269,1626,0.7804428044280443,0.005633802816901409,-0.3224773091297384,DE
403,1263,1666,0.7581032412965186,0.12885154061624648,-0.004728132387706856,DE
368,1454,1822,0.7980241492864983,-0.08684863523573201,0.15122723673792557,DE
413,1232,1645,0.7489361702127659,0.12228260869565218,-0.15268225584594222,DE
349,1241,1590,0.7805031446540881,-0.1549636803874092,0.007305194805194805,DE
393,1644,2037,0.8070692194403535,0.12607449856733524,0.32473811442385175,DE
381,1388,1769,0.784624081401922,-0.030534351145038167,-0.15571776155717762,DE
326,1591,1917,0.8299426186750131,-0.14435695538057744,0.14625360230547552,DE
391,1398,1789,0.781442146450531,0.19938650306748465,-0.1213073538654934,DE
389,1075,1464,0.7342896174863388,-0.005115089514066497,-0.23104434907010013,DE
366,1268,1634,0.7760097919216646,-0.05912596401028278,0.17953488372093024,DE
356,1281,1637,0.7825290164935859,-0.0273224043715847,0.01025236593059937,DE
361,1280,1641,0.7800121876904327,0.014044943820224719,-0.00078064012490242,DE
372,1902,2274,0.8364116094986808,0.030470914127423823,0.4859375,DE
372,1477,1849,0.7988101676581936,0.0,-0.2234490010515247,DE
436,1213,1649,0.7355973317161917,0.17204301075268819,-0.17874069058903183,DE
432,999,1431,0.6981132075471698,-0.009174311926605505,-0.17642209398186315,DE
447,1391,1838,0.7568008705114254,0.034722222222222224,0.3923923923923924,DE
386,1192,1578,0.7553865652724968,-0.13646532438478748,-0.1430625449317038,DE
411,1895,2306,0.8217692974848222,0.06476683937823834,0.589765100671141,DE
350,1067,1417,0.7529992942836979,-0.14841849148418493,-0.43693931398416885,DE
390,1310,1700,0.7705882352941177,0.11428571428571428,0.22774133083411435,DE
415,1469,1884,0.779723991507431,0.0641025641025641,0.12137404580152672,DE
446,1813,2259,0.8025675077467906,0.0746987951807229,0.23417290673927843,DE
399,1272,1671,0.7612208258527827,-0.10538116591928251,-0.29840044125758414,DE
372,1571,1943,0.8085434894493052,-0.06766917293233082,0.235062893081761,DE
391,1566,1957,0.8002043944813491,0.051075268817204304,-0.003182686187141948,DE
428,1088,1516,0.7176781002638523,0.09462915601023018,-0.3052362707535121,DE
369,959,1328,0.7221385542168675,-0.1378504672897196,-0.11856617647058823,DE
356,1499,1855,0.8080862533692722,-0.03523035230352303,0.5630865484880083,DE
367,1439,1806,0.7967884828349945,0.03089887640449438,-0.0400266844563042,DE
423,1395,1818,0.7673267326732673,0.15258855585831063,-0.030576789437109102,DE
377,1233,1610,0.7658385093167702,-0.10874704491725769,-0.11612903225806452,DE
406,1042,1448,0.7196132596685083,0.07692307692307693,-0.1549067315490673,DE
432,2378,2810,0.8462633451957295,0.06403940886699508,1.2821497120921306,DE
379,1645,2024,0.8127470355731226,-0.12268518518518519,-0.308242220353238,DE
391,1402,1793,0.7819297267150028,0.0316622691292876,-0.14772036474164132,DE
367,1570,1937,0.8105317501290655,-0.061381074168797956,0.11982881597717546,DE
396,1476,1872,0.7884615384615384,0.07901907356948229,-0.05987261146496815,DE
413,1294,1707,0.7580550673696543,0.04292929292929293,-0.12330623306233063,DE
407,1552,1959,0.7922409392547218,-0.014527845036319613,0.19938176197836166,DE
426,1397,1823,0.7663192539769611,0.04668304668304668,-0.09987113402061856,DE
400,1346,1746,0.7709049255441008,-0.06103286384976526,-0.03650680028632784,DE
386,1684,2070,0.8135265700483092,-0.035,0.2511144130757801,DE
425,1081,1506,0.7177954847277557,0.10103626943005181,-0.3580760095011877,DE
432,1455,1887,0.7710651828298887,0.01647058823529412,0.3459759481961147,DE
433,1057,1490,0.7093959731543624,0.0023148148148148147,-0.27353951890034367,DE
356,1441,1797,0.80189204229271,-0.17782909930715934,0.3632923368022706,DE
422,1336,1758,0.7599544937428896,0.1853932584269663,-0.07286606523247745,DE
442,1516,1958,0.7742594484167518,0.04739336492890995,0.1347305389221557,DE
478,1528,2006,0.7617148554336989,0.08144796380090498,0.0079155672823219,DE
396,1233,1629,0.7569060773480663,-0.17154811715481172,-0.19306282722513088,DE
391,1813,2204,0.8225952813067151,-0.012626262626262626,0.47039740470397406,DE
410,1083,1493,0.725385130609511,0.04859335038363171,-0.40264754550468834,DE
493,1145,1638,0.699023199023199,0.20243902439024392,0.057248384118190214,DE
391,1712,2103,0.814075130765573,-0.20689655172413793,0.49519650655021835,DE
364,1292,1656,0.7801932367149759,-0.06905370843989769,-0.24532710280373832,DE
413,1478,1891,0.7815970386039133,0.1346153846153846,0.14396284829721362,DE
427,1585,2012,0.7877733598409543,0.03389830508474576,0.07239512855209743,DE
438,1333,1771,0.7526821005081875,0.02576112412177986,-0.1589905362776025,DE
350,1797,2147,0.8369818351187703,-0.2009132420091324,0.3480870217554389,DE
349,1276,1625,0.7852307692307692,-0.002857142857142857,-0.2899276572064552,DE
472,1580,2052,0.7699805068226121,0.3524355300859599,0.23824451410658307,DE
362,1749,2111,0.8285172903837044,-0.2330508474576271,0.1069620253164557,DE
345,1591,1936,0.8217975206611571,-0.04696132596685083,-0.0903373356203545,DE
443,1080,1523,0.7091267235718975,0.28405797101449276,-0.3211816467630421,DE
407,4302,4709,0.9135697600339775,-0.08126410835214447,2.9833333333333334,DE
358,1590,1948,0.8162217659137577,-0.12039312039312039,-0.6304044630404463,DE
334,1845,2179,0.8467186782927949,-0.0670391061452514,0.16037735849056603,DE
403,1135,1538,0.7379713914174252,0.20658682634730538,-0.38482384823848237,DE
368,1738,2106,0.8252611585944919,-0.08684863523573201,0.5312775330396475,DE
370,1411,1781,0.7922515440763616,0.005434782608695652,-0.18814729574223246,DE
433,1426,1859,0.7670790747713825,0.17027027027027028,0.010630758327427357,DE
422,1631,2053,0.7944471505114467,-0.025404157043879907,0.14375876577840113,DE
363,1251,1614,0.775092936802974,-0.13981042654028436,-0.23298589822194973,DE
329,2711,3040,0.8917763157894737,-0.09366391184573003,1.167066346922462,DE
367,1275,1642,0.7764920828258222,0.11550151975683891,-0.5296938399114718,DE
390,1220,1610,0.7577639751552795,0.06267029972752043,-0.043137254901960784,DE
358,1503,1861,0.8076303062869425,-0.08205128205128205,0.2319672131147541,DE
379,1565,1944,0.8050411522633745,0.05865921787709497,0.04125083166999335,DE
345,1273,1618,0.7867737948084055,-0.08970976253298153,-0.1865814696485623,DE
539,1446,1985,0.728463476070529,0.5623188405797102,0.1358994501178319,DE
387,1198,1585,0.7558359621451104,-0.2820037105751391,-0.1715076071922545,DE
362,1577,1939,0.8133058277462609,-0.06459948320413436,0.31636060100166946,DE
400,4046,4446,0.9100314889788574,0.10497237569060773,1.5656309448319594,DE
375,1396,1771,0.7882552230378317,-0.0625,-0.6549678695007415,DE
353,1331,1684,0.7903800475059383,-0.058666666666666666,-0.04656160458452722,DE
397,1549,1946,0.7959917780061665,0.12464589235127478,0.16378662659654394,DE
358,1431,1789,0.7998882057015092,-0.0982367758186398,-0.07617817947062622,DE
357,1716,2073,0.8277858176555717,-0.002793296089385475,0.19916142557651992,DE
394,1608,2002,0.8031968031968032,0.10364145658263306,-0.06293706293706294,DE
361,1132,1493,0.7582049564634963,-0.08375634517766498,-0.2960199004975124,DE
362,1690,2052,0.8235867446393762,0.002770083102493075,0.4929328621908127,DE
369,1027,1396,0.7356733524355301,0.019337016574585635,-0.3923076923076923,DE
445,1191,1636,0.7279951100244498,0.20596205962059622,0.1596884128529698,DE
342,1812,2154,0.841225626740947,-0.23146067415730337,0.5214105793450882,DE
387,1880,2267,0.8292898103220114,0.13157894736842105,0.037527593818984545,DE
421,1211,1632,0.7420343137254902,0.08785529715762273,-0.3558510638297872,DE
394,1609,2003,0.8032950574138792,-0.06413301662707839,0.32865400495458297,DE
369,1123,1492,0.7526809651474531,-0.06345177664974619,-0.30205096333126163,DE
385,1324,1709,0.7747220596840257,0.04336043360433604,0.17898486197684774,DE
368,1232,1600,0.77,-0.04415584415584416,-0.06948640483383686,DE
491,1476,1967,0.7503812913065582,0.3342391304347826,0.19805194805194806,DE
357,1712,2069,0.8274528757854036,-0.2729124236252546,0.15989159891598917,DE
382,1602,1984,0.8074596774193549,0.0700280112044818,-0.06425233644859812,DE
352,1472,1824,0.8070175438596491,-0.07853403141361257,-0.08114856429463171,DE
350,1051,1401,0.7501784439685939,-0.005681818181818182,-0.2860054347826087,DE
310,1413,1723,0.820081253627394,-0.11428571428571428,0.34443387250237867,DE
370,953,1323,0.7203325774754347,0.1935483870967742,-0.32554847841472045,DE
364,1373,1737,0.7904432930339667,-0.016216216216216217,0.440713536201469,DE
399,1401,1800,0.7783333333333333,0.09615384615384616,0.02039329934450109,DE
378,1344,1722,0.7804878048780488,-0.05263157894736842,-0.04068522483940043,DE
384,1293,1677,0.7710196779964222,0.015873015873015872,-0.03794642857142857,DE
372,1627,1999,0.8139069534767384,-0.03125,0.25831399845320957,DE
390,993,1383,0.7180043383947939,0.04838709677419355,-0.3896742470805163,DE
351,1735,2086,0.8317353787152445,-0.1,0.7472306143001007,DE
395,1603,1998,0.8023023023023023,0.12535612535612536,-0.0760806916426513,DE
434,1788,2222,0.8046804680468047,0.09873417721518987,0.11540860885839052,DE
376,1427,1803,0.7914586799778147,-0.1336405529953917,-0.20190156599552572,DE
376,1194,1570,0.7605095541401274,0.0,-0.16327960756832516,DE
380,1041,1421,0.7325826882477129,0.010638297872340425,-0.12814070351758794,DE
385,1380,1765,0.7818696883852692,0.013157894736842105,0.3256484149855908,DE
460,1084,1544,0.7020725388601037,0.19480519480519481,-0.2144927536231884,DE
375,1932,2307,0.8374512353706112,-0.18478260869565216,0.7822878228782287,DE
382,1449,1831,0.7913708356089568,0.018666666666666668,-0.25,DE
429,1365,1794,0.7608695652173914,0.12303664921465969,-0.057971014492753624,DE
429,1651,2080,0.79375,0.0,0.20952380952380953,DE
401,1588,1989,0.7983911513323279,-0.06526806526806526,-0.03815869170199879,DE
390,1606,1996,0.8046092184368737,-0.02743142144638404,0.011335012594458438,DE
337,1280,1617,0.7915893630179345,-0.1358974358974359,-0.20298879202988793,DE
420,1461,1881,0.7767145135566188,0.24629080118694363,0.14140625,DE
407,1169,1576,0.741751269035533,-0.030952380952380953,-0.1998631074606434,DE
424,1255,1679,0.7474687313877308,0.04176904176904177,0.07356715141146279,DE
372,1267,1639,0.773032336790726,-0.12264150943396226,0.009561752988047808,DE
368,1642,2010,0.8169154228855722,-0.010752688172043012,0.2959747434885556,DE
356,3322,3678,0.9032082653616096,-0.03260869565217391,1.0231425091352009,DE
362,1293,1655,0.7812688821752266,0.016853932584269662,-0.6107766405779651,DE
387,1129,1516,0.7447229551451188,0.06906077348066299,-0.1268368136117556,DE
465,1311,1776,0.7381756756756757,0.20155038759689922,0.1612046058458813,DE
400,1485,1885,0.7877984084880637,-0.13978494623655913,0.13272311212814644,DE
406,1108,1514,0.7318361955085865,0.015,-0.25387205387205386,DE
353,1772,2125,0.8338823529411765,-0.13054187192118227,0.5992779783393501,DE
342,1106,1448,0.7638121546961326,-0.031161473087818695,-0.3758465011286682,DE
524,1673,2197,0.7614929449248976,0.5321637426900585,0.5126582278481012,DE
344,1238,1582,0.7825537294563844,-0.3435114503816794,-0.26001195457262405,DE
362,1689,2051,0.8235007313505607,0.05232558139534884,0.364297253634895,DE
358,1023,1381,0.7407675597393193,-0.011049723756906077,-0.39431616341030196,DE
394,1355,1749,0.7747284162378502,0.1005586592178771,0.32453567937438904,DE
395,1195,1590,0.7515723270440252,0.0025380710659898475,-0.11808118081180811,DE
343,1332,1675,0.7952238805970149,-0.13164556962025317,0.11464435146443515,DE
370,1735,2105,0.8242280285035629,0.07871720116618076,0.30255255255255253,DE
406,1443,1849,0.7804218496484586,0.0972972972972973,-0.16829971181556197,DE
356,1368,1724,0.7935034802784223,-0.12315270935960591,-0.05197505197505198,DE
343,1051,1394,0.7539454806312769,-0.03651685393258427,-0.23172514619883042,DE
365,1314,1679,0.782608695652174,0.0641399416909621,0.25023786869647957,DE
378,1724,2102,0.8201712654614652,0.03561643835616438,0.3120243531202435,DE
406,1234,1640,0.7524390243902439,0.07407407407407407,-0.2842227378190255,DE
387,1644,2031,0.8094534711964549,-0.046798029556650245,0.33225283630470015,DE
388,1175,1563,0.7517594369801663,0.002583979328165375,-0.28527980535279807,DE
329,1651,1980,0.8338383838383838,-0.15206185567010308,0.4051063829787234,DE
385,1496,1881,0.7953216374269005,0.1702127659574468,-0.09388249545729861,DE
400,1398,1798,0.7775305895439377,0.03896103896103896,-0.06550802139037433,DE
354,1321,1675,0.7886567164179105,-0.115,-0.05507868383404864,DE
361,972,1333,0.7291822955738935,0.01977401129943503,-0.26419379258137776,DE
369,1949,2318,0.8408110440034513,0.0221606648199446,1.0051440329218106,DE
335,1146,1481,0.7738014854827819,-0.0921409214092141,-0.4120061570035916,DE
388,1367,1755,0.7789173789173789,0.1582089552238806,0.19284467713787085,DE
369,954,1323,0.7210884353741497,-0.04896907216494845,-0.302121433796635,DE
368,1546,1914,0.8077324973876698,-0.0027100271002710027,0.6205450733752621,DE
458,1584,2042,0.7757100881488737,0.24456521739130435,0.02457956015523933,DE
413,1095,1508,0.7261273209549072,-0.0982532751091703,-0.3087121212121212,DE
380,1380,1760,0.7840909090909091,-0.07990314769975787,0.2602739726027397,DE
360,1531,1891,0.8096245372818615,-0.05263157894736842,0.10942028985507246,DE
328,1332,1660,0.8024096385542169,-0.08888888888888889,-0.12998040496407576,DE
461,1256,1717,0.7315084449621433,0.4054878048780488,-0.057057057057057055,DE
306,1739,2045,0.8503667481662591,-0.3362255965292842,0.38455414012738853,DE
363,1556,1919,0.8108389786347056,0.18627450980392157,-0.10523289246693503,DE
418,1776,2194,0.8094804010938924,0.15151515151515152,0.14138817480719795,DE
414,1082,1496,0.7232620320855615,-0.009569377990430622,-0.39076576576576577,DE
362,1688,2050,0.8234146341463414,-0.12560386473429952,0.5600739371534196,DE
452,1752,2204,0.79491833030853,0.24861878453038674,0.037914691943127965,DE
319,1975,2294,0.8609415867480383,-0.2942477876106195,0.12728310502283105,DE
388,1342,1730,0.7757225433526012,0.21630094043887146,-0.32050632911392407,DE
345,2364,2709,0.8726467331118494,-0.11082474226804123,0.7615499254843517,DE
327,1558,1885,0.826525198938992,-0.05217391304347826,-0.3409475465313029,DE
418,1152,1570,0.7337579617834394,0.2782874617737003,-0.2605905006418485,DE
348,1491,1839,0.8107667210440457,-0.1674641148325359,0.2942708333333333,DE
354,1252,1606,0.7795765877957659,0.017241379310344827,-0.1602951039570758,DE
337,1469,1806,0.8133997785160576,-0.0480225988700565,0.1733226837060703,DE
459,1528,1987,0.7689984901862104,0.3620178041543027,0.04016337644656229,DE
341,1806,2147,0.8411737307871449,-0.2570806100217865,0.18193717277486912,DE
374,1440,1814,0.7938257993384785,0.0967741935483871,-0.2026578073089701,DE
409,1633,2042,0.7997061704211558,0.09358288770053476,0.13402777777777777,DE
350,1097,1447,0.7581202487906012,-0.14425427872860636,-0.32823025107164727,DE
368,1386,1754,0.790193842645382,0.05142857142857143,0.2634457611668186,DE
375,1573,1948,0.8074948665297741,0.019021739130434784,0.1349206349206349,DE
434,1253,1687,0.7427385892116183,0.15733333333333333,-0.203432930705658,DE
424,1478,1902,0.7770767613038907,-0.02304147465437788,0.17956903431763768,DE
374,1414,1788,0.79082774049217,-0.1179245283018868,-0.04330175913396482,DE
326,1729,2055,0.8413625304136253,-0.12834224598930483,0.22277227722772278,DE
361,1735,2096,0.8277671755725191,0.10736196319018405,0.003470213996529786,DE
353,1661,2014,0.8247269116186693,-0.0221606648199446,-0.04265129682997118,DE
341,1355,1696,0.7989386792452831,-0.0339943342776204,-0.18422636965683323,DE
460,1529,1989,0.7687280040221217,0.3489736070381232,0.12841328413284134,DE
412,1392,1804,0.7716186252771619,-0.10434782608695652,-0.08960104643557881,DE
372,1642,2014,0.8152929493545183,-0.0970873786407767,0.17959770114942528,DE
372,1217,1589,0.7658904971680303,0.0,-0.25883069427527405,DE
309,1589,1898,0.8371970495258166,-0.1693548387096774,0.3056696795398521,DE
314,1341,1655,0.8102719033232628,0.016181229773462782,-0.15607300188797987,DE
406,1333,1739,0.7665324899367453,0.2929936305732484,-0.005965697240865026,DE
317,1479,1796,0.8234966592427617,-0.21921182266009853,0.10952738184546136,DE
365,1254,1619,0.7745521927115503,0.15141955835962145,-0.15212981744421908,DE
345,1457,1802,0.8085460599334073,-0.0547945205479452,0.16188197767145135,DE
362,1294,1656,0.7814009661835749,0.04927536231884058,-0.11187371310912834,DE
357,1336,1693,0.7891317188422918,-0.013812154696132596,0.03245749613601236,DE
363,1249,1612,0.7748138957816377,0.01680672268907563,-0.06511976047904192,DE
367,1402,1769,0.7925381571509327,0.011019283746556474,0.12249799839871897,DE
402,1605,2007,0.7997010463378177,0.09536784741144415,0.144793152639087,DE
369,1642,2011,0.8165091994032819,-0.08208955223880597,0.023052959501557634,DE
365,1691,2056,0.8224708171206225,-0.01084010840108401,0.02984165651644336,DE
272,1983,2255,0.8793791574279379,0,0,NL
305,2233,2538,0.8798266351457841,0.1213235294117647,0.1260716086737267,NL
294,1690,1984,0.8518145161290323,-0.036065573770491806,-0.2431706224809673,NL
278,1758,2036,0.8634577603143418,-0.05442176870748299,0.040236686390532544,NL
317,1879,2196,0.8556466302367942,0.14028776978417265,0.06882821387940842,NL
320,1822,2142,0.8506069094304388,0.00946372239747634,-0.03033528472591804,NL
331,2070,2401,0.8621407746772178,0.034375,0.13611416026344675,NL
327,1840,2167,0.84910013844024,-0.012084592145015106,-0.1111111111111111,NL
321,2318,2639,0.8783630162940508,-0.01834862385321101,0.2597826086956522,NL
324,2006,2330,0.8609442060085837,0.009345794392523364,-0.13459879206212252,NL
297,2070,2367,0.8745247148288974,-0.08333333333333333,0.031904287138584245,NL
304,2387,2691,0.8870308435525827,0.02356902356902357,0.15314009661835748,NL
281,1732,2013,0.8604073522106309,-0.0756578947368421,-0.2744030163385002,NL
315,1700,2015,0.8436724565756824,0.12099644128113879,-0.018475750577367205,NL
333,2279,2612,0.872511485451761,0.05714285714285714,0.34058823529411764,NL
329,1909,2238,0.8529937444146559,-0.012012012012012012,-0.16235190873189995,NL
293,1487,1780,0.8353932584269663,-0.1094224924012158,-0.2210581456259822,NL
320,1879,2199,0.8544793087767167,0.09215017064846416,0.2636180228648285,NL
321,1830,2151,0.8507670850767085,0.003125,-0.026077700904736562,NL
308,1282,1590,0.8062893081761007,-0.040498442367601244,-0.2994535519125683,NL
328,1403,1731,0.8105141536683997,0.06493506493506493,0.09438377535101404,NL
299,1415,1714,0.8255542590431738,-0.08841463414634146,0.008553100498930863,NL
325,2321,2646,0.8771730914588057,0.08695652173913043,0.6402826855123674,NL
296,1931,2227,0.8670857656039515,-0.08923076923076922,-0.16803102111158982,NL
299,2158,2457,0.8783068783068783,0.010135135135135136,0.11755567063697565,NL
299,2130,2429,0.876904075751338,0.0,-0.012974976830398516,NL
292,1788,2080,0.8596153846153847,-0.023411371237458192,-0.16056338028169015,NL
293,1352,1645,0.8218844984802431,0.003424657534246575,-0.24384787472035793,NL
299,2256,2555,0.8829745596868884,0.020477815699658702,0.6686390532544378,NL
281,1348,1629,0.8275015346838551,-0.06020066889632107,-0.4024822695035461,NL
295,1557,1852,0.8407127429805615,0.0498220640569395,0.15504451038575667,NL
340,1477,1817,0.8128783709411117,0.15254237288135594,-0.05138086062941554,NL
303,1576,1879,0.8387440127727515,-0.10882352941176471,0.06702775897088693,NL
339,1915,2254,0.849600709849157,0.1188118811881188,0.2151015228426396,NL
277,2107,2384,0.8838087248322147,-0.18289085545722714,0.10026109660574413,NL
300,1574,1874,0.83991462113127,0.08303249097472924,-0.25296630280018984,NL
290,2152,2442,0.8812448812448812,-0.03333333333333333,0.36721728081321475,NL
274,2132,2406,0.8861180382377389,-0.05517241379310345,-0.00929368029739777,NL
304,2093,2397,0.8731748018356279,0.10948905109489052,-0.018292682926829267,NL
281,2294,2575,0.890873786407767,-0.0756578947368421,0.09603440038222646,NL
318,2019,2337,0.8639281129653402,0.13167259786476868,-0.11987794245858761,NL
380,2310,2690,0.8587360594795539,0.1949685534591195,0.14413075780089152,NL
319,1578,1897,0.8318397469688983,-0.16052631578947368,-0.3168831168831169,NL
299,2210,2509,0.8808290155440415,-0.06269592476489028,0.4005069708491762,NL
296,1196,1492,0.8016085790884718,-0.010033444816053512,-0.4588235294117647,NL
411,3000,3411,0.8795074758135444,0.3885135135135135,1.508361204013378,NL
364,1913,2277,0.8401405357927098,-0.11435523114355231,-0.36233333333333334,NL
360,1843,2203,0.8365864729913755,-0.01098901098901099,-0.03659174072138003,NL
359,2334,2693,0.8666914222057185,-0.002777777777777778,0.26641345632121544,NL
334,1985,2319,0.8559724018973696,-0.06963788300835655,-0.149528706083976,NL
327,2070,2397,0.8635794743429287,-0.020958083832335328,0.042821158690176324,NL
339,2421,2760,0.8771739130434782,0.03669724770642202,0.16956521739130434,NL
300,3255,3555,0.9156118143459916,-0.11504424778761062,0.3444857496902107,NL
287,1739,2026,0.8583415597235933,-0.043333333333333335,-0.46574500768049154,NL
325,1150,1475,0.7796610169491526,0.13240418118466898,-0.33870040253018974,NL
331,2253,2584,0.8719040247678018,0.018461538461538463,0.9591304347826087,NL
332,1893,2225,0.8507865168539326,0.0030211480362537764,-0.15978695073235685,NL
323,2119,2442,0.8677313677313677,-0.02710843373493976,0.11938721605916534,NL
324,2086,2410,0.8655601659751038,0.0030959752321981426,-0.01557338367154318,NL
414,1728,2142,0.8067226890756303,0.2777777777777778,-0.1716203259827421,NL
287,2022,2309,0.8757037678648766,-0.30676328502415456,0.1701388888888889,NL
369,2149,2518,0.8534551231135822,0.2857142857142857,0.06280909990108803,NL
329,1988,2317,0.8580060422960725,-0.10840108401084012,-0.0749185667752443,NL
293,2267,2560,0.885546875,-0.1094224924012158,0.1403420523138833,NL
302,2003,2305,0.8689804772234273,0.030716723549488054,-0.1164534627260697,NL
332,1920,2252,0.8525754884547069,0.09933774834437085,-0.04143784323514728,NL
332,1764,2096,0.8416030534351145,0.0,-0.08125,NL
313,1775,2088,0.850095785440613,-0.0572289156626506,0.006235827664399093,NL
289,1349,1638,0.8235653235653235,-0.07667731629392971,-0.24,NL
301,1289,1590,0.8106918238993711,0.04152249134948097,-0.04447739065974796,NL
327,1973,2300,0.8578260869565217,0.08637873754152824,0.5306439100077579,NL
418,1683,2101,0.8010471204188482,0.2782874617737003,-0.1469842878864673,NL
328,2160,2488,0.8681672025723473,-0.215311004784689,0.28342245989304815,NL
306,2364,2670,0.8853932584269663,-0.06707317073170732,0.09444444444444444,NL
341,1522,1863,0.8169618894256575,0.11437908496732026,-0.35617597292724196,NL
320,2061,2381,0.8656026879462411,-0.06158357771260997,0.35413929040735875,NL
308,2066,2374,0.8702611625947767,-0.0375,0.0024260067928190197,NL
296,1814,2110,0.8597156398104265,-0.03896103896103896,-0.12197483059051308,NL
375,1767,2142,0.8249299719887955,0.2668918918918919,-0.025909592061742006,NL
307,1984,2291,0.8659973810563073,-0.18133333333333335,0.12280701754385964,NL
335,1267,1602,0.7908863920099876,0.09120521172638436,-0.36139112903225806,NL
288,1965,2253,0.8721704394141145,-0.14029850746268657,0.5509076558800315,NL
361,2358,2719,0.8672305994851048,0.2534722222222222,0.2,NL
315,1367,1682,0.8127229488703924,-0.12742382271468145,-0.42027141645462257,NL
348,1870,2218,0.8431018935978359,0.10476190476190476,0.36795903438185806,NL
378,2401,2779,0.8639798488664987,0.08620689655172414,0.2839572192513369,NL
323,1765,2088,0.8453065134099617,-0.1455026455026455,-0.2648896293211162,NL
297,2387,2684,0.889344262295082,-0.0804953560371517,0.35240793201133147,NL
353,2226,2579,0.8631252423419931,0.18855218855218855,-0.06744868035190615,NL
301,2225,2526,0.8808392715756136,-0.14730878186968838,-0.0004492362982929021,NL
324,2155,2479,0.8693021379588544,0.07641196013289037,-0.03146067415730337,NL
329,1459,1788,0.8159955257270693,0.015432098765432098,-0.322969837587007,NL
294,1472,1766,0.8335220838052095,-0.10638297872340426,0.008910212474297465,NL
383,1288,1671,0.7707959305804907,0.30272108843537415,-0.125,NL
286,2085,2371,0.8793757908055673,-0.25326370757180156,0.6187888198757764,NL
340,1769,2109,0.8387861545756282,0.1888111888111888,-0.1515587529976019,NL
381,1601,1982,0.8077699293642785,0.12058823529411765,-0.09496890898812889,NL
283,1507,1790,0.8418994413407821,-0.2572178477690289,-0.05871330418488445,NL
285,2190,2475,0.8848484848484849,0.007067137809187279,0.45321831453218314,NL
309,1549,1858,0.8336921420882669,0.08421052631578947,-0.29269406392694064,NL
332,1913,2245,0.8521158129175946,0.0744336569579288,0.23499031633311815,NL
302,2201,2503,0.8793447862564923,-0.09036144578313253,0.1505488761108207,NL
363,2086,2449,0.85177623519804,0.20198675496688742,-0.052248977737392094,NL
359,2128,2487,0.8556493767591475,-0.011019283746556474,0.020134228187919462,NL
301,1608,1909,0.8423258250392875,-0.1615598885793872,-0.24436090225563908,NL
362,2068,2430,0.8510288065843621,0.2026578073089701,0.2860696517412935,NL
341,1894,2235,0.847427293064877,-0.058011049723756904,-0.08413926499032882,NL
374,1663,2037,0.8163966617574865,0.0967741935483871,-0.12196409714889124,NL
316,1728,2044,0.8454011741682974,-0.15508021390374332,0.039085989176187615,NL
318,1446,1764,0.8197278911564626,0.006329113924050633,-0.16319444444444445,NL
332,1975,2307,0.8560901603814478,0.0440251572327044,0.36583679114799444,NL
300,2333,2633,0.8860615267755412,-0.0963855421686747,0.18126582278481013,NL
304,1467,1771,0.8283455674760023,0.013333333333333334,-0.37119588512644663,NL
309,1426,1735,0.8219020172910663,0.01644736842105263,-0.02794819359236537,NL
288,2132,2420,0.8809917355371901,-0.06796116504854369,0.4950911640953717,NL
285,1320,1605,0.822429906542056,-0.010416666666666666,-0.3808630393996248,NL
278,2745,3023,0.9080383724776712,-0.02456140350877193,1.0795454545454546,NL
379,1964,2343,0.8382415706359369,0.36330935251798563,-0.2845173041894353,NL
325,2033,2358,0.8621713316369805,-0.1424802110817942,0.03513238289205703,NL
296,1865,2161,0.8630263766774642,-0.08923076923076922,-0.08263649778652238,NL
302,2022,2324,0.8700516351118761,0.02027027027027027,0.08418230563002681,NL
288,1474,1762,0.8365493757094211,-0.046357615894039736,-0.27101879327398615,NL
302,1706,2008,0.849601593625498,0.04861111111111111,0.15739484396200815,NL
294,1908,2202,0.8664850136239782,-0.026490066225165563,0.11840562719812427,NL
327,1805,2132,0.8466228893058161,0.11224489795918367,-0.053983228511530396,NL
304,2030,2334,0.869751499571551,-0.07033639143730887,0.12465373961218837,NL
307,1484,1791,0.8285873813512005,0.009868421052631578,-0.2689655172413793,NL
322,2038,2360,0.8635593220338983,0.048859934853420196,0.37331536388140163,NL
292,2254,2546,0.8853102906520032,-0.09316770186335403,0.10598626104023552,NL
301,1811,2112,0.8574810606060606,0.030821917808219176,-0.19653948535936114,NL
355,2380,2735,0.870201096892139,0.17940199335548174,0.31419105466593045,NL
317,1733,2050,0.8453658536585366,-0.10704225352112676,-0.2718487394957983,NL
341,2069,2410,0.85850622406639,0.07570977917981073,0.19388343912290826,NL
300,1796,2096,0.8568702290076335,-0.12023460410557185,-0.1319478008699855,NL
296,1235,1531,0.806662312214239,-0.013333333333333334,-0.3123608017817372,NL
309,2043,2352,0.8686224489795918,0.04391891891891892,0.654251012145749,NL
312,1897,2209,0.8587596197374378,0.009708737864077669,-0.0714635340186001,NL
310,1367,1677,0.8151460942158617,-0.00641025641025641,-0.27938850817079597,NL
295,1893,2188,0.8651736745886655,-0.04838709677419355,0.3847841989758595,NL
307,2301,2608,0.8822852760736196,0.04067796610169491,0.21553090332805072,NL
272,2265,2537,0.8927867560110366,-0.11400651465798045,-0.01564537157757497,NL
306,1781,2087,0.853378054623862,0.125,-0.21368653421633554,NL
307,1641,1948,0.8424024640657084,0.0032679738562091504,-0.07860752386299831,NL
321,2086,2407,0.8666389696717907,0.04560260586319218,0.27117611212675197,NL
316,2295,2611,0.8789735733435465,-0.01557632398753894,0.10019175455417066,NL
269,1910,2179,0.8765488756310233,-0.14873417721518986,-0.16775599128540306,NL
300,1774,2074,0.8553519768563163,0.11524163568773234,-0.0712041884816754,NL
355,2397,2752,0.8710029069767442,0.18333333333333332,0.3511837655016911,NL
287,1927,2214,0.8703703703703703,-0.19154929577464788,-0.19607843137254902,NL
297,1300,1597,0.8140262993112085,0.03484320557491289,-0.3253762324857291,NL
325,1817,2142,0.8482726423902894,0.09427609427609428,0.3976923076923077,NL
293,1729,2022,0.8550939663699307,-0.09846153846153846,-0.048431480462300495,NL
295,1813,2108,0.860056925996205,0.006825938566552901,0.048582995951417005,NL
305,2315,2620,0.8835877862595419,0.03389830508474576,0.27688913403199117,NL
290,1343,1633,0.8224127372933252,-0.04918032786885246,-0.4198704103671706,NL
302,1644,1946,0.8448098663926003,0.041379310344827586,0.22412509307520476,NL
299,1775,2074,0.8558341369334619,-0.009933774834437087,0.07968369829683698,NL
313,1836,2149,0.8543508608655188,0.046822742474916385,0.03436619718309859,NL
299,1875,2174,0.8624655013799448,-0.04472843450479233,0.021241830065359478,NL
331,1458,1789,0.8149804359977642,0.10702341137123746,-0.2224,NL
300,2112,2412,0.8756218905472637,-0.09365558912386707,0.448559670781893,NL
277,1960,2237,0.8761734465802414,-0.07666666666666666,-0.07196969696969698,NL
285,1808,2093,0.8638318203535594,0.02888086642599278,-0.07755102040816327,NL
300,1800,2100,0.8571428571428571,0.05263157894736842,-0.004424778761061947,NL
323,1688,2011,0.8393833913475882,0.07666666666666666,-0.06222222222222222,NL
330,1757,2087,0.8418782942022042,0.021671826625386997,0.04087677725118483,NL
307,1722,2029,0.8486939379004436,-0.0696969696969697,-0.0199203187250996,NL
327,2231,2558,0.8721657544956998,0.06514657980456026,0.2955865272938444,NL
314,2292,2606,0.8795088257866462,-0.039755351681957186,0.02734199910354101,NL
265,2007,2272,0.883362676056338,-0.15605095541401273,-0.1243455497382199,NL
314,1725,2039,0.8460029426189308,0.18490566037735848,-0.14050822122571002,NL
303,1891,2194,0.8618960802187785,-0.03503184713375796,0.09623188405797102,NL
274,1684,1958,0.8600612870275791,-0.09570957095709572,-0.10946589106292967,NL
278,2536,2814,0.9012082444918266,0.014598540145985401,0.505938242280285,NL
272,2035,2307,0.88209796272215,-0.02158273381294964,-0.1975552050473186,NL
322,2524,2846,0.8868587491215741,0.18382352941176472,0.2402948402948403,NL
351,1559,1910,0.8162303664921466,0.09006211180124224,-0.3823296354992076,NL
333,1973,2306,0.8555941023417173,-0.05128205128205128,0.2655548428479795,NL
324,2144,2468,0.8687196110210696,-0.02702702702702703,0.08667004561581348,NL
306,1714,2020,0.8485148514851485,-0.05555555555555555,-0.20055970149253732,NL
363,1996,2359,0.8461212378126325,0.18627450980392157,0.1645274212368728,NL
302,1912,2214,0.8635953026196929,-0.16804407713498623,-0.04208416833667335,NL
350,2306,2656,0.8682228915662651,0.15894039735099338,0.20606694560669456,NL
329,2423,2752,0.8804505813953488,-0.06,0.05073720728534258,NL
276,2393,2669,0.8965904833270888,-0.16109422492401215,-0.012381345439537762,NL
303,1288,1591,0.809553739786298,0.09782608695652174,-0.4617634768073548,NL
350,2137,2487,0.8592681946119823,0.1551155115511551,0.6591614906832298,NL
344,1287,1631,0.789086450030656,-0.017142857142857144,-0.39775386055217593,NL
328,2482,2810,0.8832740213523131,-0.046511627906976744,0.9285159285159286,NL
365,1352,1717,0.7874199184624345,0.11280487804878049,-0.45527800161160353,NL
295,1954,2249,0.868830591373944,-0.1917808219178082,0.4452662721893491,NL
304,1606,1910,0.8408376963350785,0.030508474576271188,-0.1780962128966223,NL
291,1800,2091,0.860832137733142,-0.04276315789473684,0.12079701120797011,NL
322,1503,1825,0.8235616438356165,0.10652920962199312,-0.165,NL
301,1207,1508,0.8003978779840849,-0.06521739130434782,-0.19693945442448438,NL
335,1583,1918,0.8253388946819604,0.11295681063122924,0.3115161557580779,NL
310,1878,2188,0.8583180987202925,-0.07462686567164178,0.1863550221099179,NL
306,1504,1810,0.830939226519337,-0.012903225806451613,-0.19914802981895632,NL
317,2088,2405,0.8681912681912682,0.03594771241830065,0.3882978723404255,NL
297,2127,2424,0.8774752475247525,-0.06309148264984227,0.01867816091954023,NL
314,2072,2386,0.8683989941324393,0.05723905723905724,-0.025858015984955338,NL
301,1372,1673,0.8200836820083682,-0.041401273885350316,-0.33783783783783783,NL
301,2361,2662,0.8869271224643126,0.0,0.7208454810495627,NL
279,2292,2571,0.8914819136522754,-0.07308970099667775,-0.029224904701397714,NL
315,1567,1882,0.832624867162593,0.12903225806451613,-0.3163176265270506,NL
336,1838,2174,0.8454461821527139,0.06666666666666667,0.17294192724952137,NL
332,2223,2555,0.8700587084148728,-0.011904761904761904,0.20946681175190424,NL
294,1973,2267,0.870313189236877,-0.1144578313253012,-0.11246063877642826,NL
378,1893,2271,0.8335535006605019,0.2857142857142857,-0.04054738976178408,NL
320,2007,2327,0.8624838848302535,-0.15343915343915343,0.060221870047543584,NL
300,1585,1885,0.8408488063660478,-0.0625,-0.21026407573492775,NL
342,2003,2345,0.8541577825159915,0.14,0.2637223974763407,NL
262,2032,2294,0.8857890148212729,-0.23391812865497075,0.014478282576135796,NL
300,2189,2489,0.879469666532744,0.1450381679389313,0.07726377952755906,NL
305,1339,1644,0.8144768856447688,0.016666666666666666,-0.3883051621745089,NL
350,1664,2014,0.8262164846077458,0.14754098360655737,0.24271844660194175,NL
294,1987,2281,0.8711091626479615,-0.16,0.19411057692307693,NL
327,1633,1960,0.8331632653061225,0.11224489795918367,-0.17815802717664822,NL
328,1725,2053,0.8402338041889917,0.0030581039755351682,0.056338028169014086,NL
339,1840,2179,0.8444240477283157,0.03353658536585366,0.06666666666666667,NL
340,2121,2461,0.8618447785453068,0.0029498525073746312,0.15271739130434783,NL
346,1762,2108,0.8358633776091081,0.01764705882352941,-0.16925978312116927,NL
335,1778,2113,0.8414576431613819,-0.031791907514450865,0.009080590238365494,NL
307,1738,2045,0.8498777506112469,-0.08358208955223881,-0.02249718785151856,NL
306,1893,2199,0.8608458390177354,-0.003257328990228013,0.08918296892980437,NL
314,1977,2291,0.862941946748145,0.026143790849673203,0.044374009508716325,NL
262,2093,2355,0.8887473460721869,-0.16560509554140126,0.05867475973697522,NL
312,1807,2119,0.852760736196319,0.19083969465648856,-0.13664596273291926,NL
307,2118,2425,0.8734020618556702,-0.016025641025641024,0.17210846707249586,NL
302,1990,2292,0.868237347294939,-0.016286644951140065,-0.06043437204910293,NL
291,2136,2427,0.8800988875154512,-0.03642384105960265,0.07336683417085427,NL
360,1179,1539,0.7660818713450293,0.23711340206185566,-0.44803370786516855,NL
354,2657,3011,0.8824310860179343,-0.016666666666666666,1.2536047497879559,NL
299,1729,2028,0.8525641025641025,-0.1553672316384181,-0.34926608957470834,NL
294,1799,2093,0.8595317725752508,-0.016722408026755852,0.04048582995951417,NL
354,1815,2169,0.8367911479944675,0.20408163265306123,0.008893829905503057,NL
331,1813,2144,0.8456156716417911,-0.06497175141242938,-0.0011019283746556473,NL
338,2068,2406,0.8595178719866999,0.021148036253776436,0.14065085493656923,NL
348,1751,2099,0.8342067651262506,0.029585798816568046,-0.1532882011605416,NL
292,1600,1892,0.8456659619450317,-0.16091954022988506,-0.08623643632210165,NL
278,1954,2232,0.8754480286738351,-0.04794520547945205,0.22125,NL
320,1838,2158,0.8517145505097312,0.1510791366906475,-0.0593654042988741,NL
301,2437,2738,0.8900657414170927,-0.059375,0.3258977149075082,NL
335,1710,2045,0.8361858190709046,0.11295681063122924,-0.29831760361099713,NL
423,2405,2828,0.8504243281471005,0.2626865671641791,0.4064327485380117,NL
295,2308,2603,0.8866692278140607,-0.30260047281323876,-0.040332640332640335,NL
305,1984,2289,0.8667540410659677,0.03389830508474576,-0.14038128249566725,NL
280,2408,2688,0.8958333333333334,-0.08196721311475409,0.21370967741935484,NL
300,2630,2930,0.8976109215017065,0.07142857142857142,0.09219269102990033,NL
310,2229,2539,0.8779046868846002,0.03333333333333333,-0.15247148288973383,NL
333,1934,2267,0.8531098367887076,0.07419354838709677,-0.13234634365186182,NL
266,1905,2171,0.877475817595578,-0.2012012012012012,-0.01499482936918304,NL
316,1885,2201,0.8564288959563835,0.18796992481203006,-0.010498687664041995,NL
279,1931,2210,0.8737556561085973,-0.11708860759493671,0.02440318302387268,NL
322,1482,1804,0.8215077605321508,0.15412186379928317,-0.23252200932159503,NL
412,1440,1852,0.7775377969762419,0.2795031055900621,-0.02834008097165992,NL
314,1552,1866,0.8317256162915327,-0.23786407766990292,0.07777777777777778,NL
330,1890,2220,0.8513513513513513,0.050955414012738856,0.21778350515463918,NL
318,1669,1987,0.8399597382989431,-0.03636363636363636,-0.11693121693121693,NL
282,2184,2466,0.8856447688564477,-0.11320754716981132,0.3085680047932894,NL
264,2284,2548,0.8963893249607535,-0.06382978723404255,0.045787545787545784,NL
322,2292,2614,0.8768171384850804,0.2196969696969697,0.0035026269702276708,NL
278,1964,2242,0.8760035682426405,-0.13664596273291926,-0.1431064572425829,NL
321,2129,2450,0.8689795918367347,0.15467625899280577,0.0840122199592668,NL
343,1594,1937,0.8229220443985544,0.06853582554517133,-0.2512916862376703,NL
381,2077,2458,0.8449959316517494,0.11078717201166181,0.30301129234629864,NL
276,1884,2160,0.8722222222222222,-0.2755905511811024,-0.09292248435243139,NL
318,2278,2596,0.8775038520801233,0.15217391304347827,0.2091295116772824,NL
284,1955,2239,0.8731576596694953,-0.1069182389937107,-0.1417910447761194,NL
298,1468,1766,0.8312570781426953,0.04929577464788732,-0.24910485933503837,NL
306,1925,2231,0.8628417749887942,0.026845637583892617,0.31130790190735697,NL
368,2066,2434,0.8488085456039441,0.20261437908496732,0.07324675324675324,NL
316,2225,2541,0.8756395120031484,-0.14130434782608695,0.07696030977734754,NL
276,2309,2585,0.893230174081238,-0.12658227848101267,0.03775280898876404,NL
291,2250,2541,0.885478158205431,0.05434782608695652,-0.025552187093980078,NL
313,1402,1715,0.8174927113702624,0.07560137457044673,-0.3768888888888889,NL
296,2128,2424,0.8778877887788779,-0.054313099041533544,0.5178316690442225,NL
274,1979,2253,0.8783843763870395,-0.07432432432432433,-0.0700187969924812,NL
322,1716,2038,0.8420019627085378,0.17518248175182483,-0.1328954017180394,NL
312,1872,2184,0.8571428571428571,-0.031055900621118012,0.09090909090909091,NL
310,1941,2251,0.8622834295868503,-0.00641025641025641,0.03685897435897436,NL
277,1634,1911,0.8550497121925693,-0.1064516129032258,-0.15816589386913962,NL
307,2387,2694,0.8860430586488492,0.10830324909747292,0.46083231334149327,NL
318,2578,2896,0.8901933701657458,0.035830618892508145,0.08001675743611228,NL
314,1557,1871,0.8321753073222875,-0.012578616352201259,-0.3960434445306439,NL
306,2104,2410,0.8730290456431535,-0.025477707006369428,0.35131663455362877,NL
305,1955,2260,0.8650442477876106,-0.0032679738562091504,-0.07081749049429657,NL
361,2357,2718,0.8671817512877116,0.18360655737704917,0.20562659846547315,NL
268,1946,2214,0.8789521228545619,-0.25761772853185594,-0.17437420449724225,NL
274,2026,2300,0.8808695652173913,0.022388059701492536,0.041109969167523124,NL
310,2095,2405,0.8711018711018711,0.13138686131386862,0.03405725567620928,NL
390,2068,2458,0.8413344182262001,0.25806451612903225,-0.012887828162291169,NL
284,2453,2737,0.8962367555717939,-0.2717948717948718,0.18617021276595744,NL
324,1551,1875,0.8272,0.14084507042253522,-0.36771300448430494,NL
267,2518,2785,0.9041292639138241,-0.17592592592592593,0.6234687298517085,NL
310,1999,2309,0.8657427457773929,0.16104868913857678,-0.20611596505162827,NL
292,2223,2515,0.88389662027833,-0.05806451612903226,0.112056028014007,NL
315,1782,2097,0.8497854077253219,0.07876712328767123,-0.19838056680161945,NL
462,2227,2689,0.8281889178133135,0.4666666666666667,0.24971941638608305,NL
301,1774,2075,0.8549397590361446,-0.3484848484848485,-0.20341266277503367,NL
272,1657,1929,0.8589942975635044,-0.09634551495016612,-0.06595264937993235,NL
282,2086,2368,0.8809121621621622,0.03676470588235294,0.25890162945081474,NL
283,2042,2325,0.8782795698924731,0.0035460992907801418,-0.02109300095877277,NL
302,1921,2223,0.8641475483580747,0.06713780918727916,-0.059255631733594515,NL
335,2103,2438,0.8625922887612797,0.10927152317880795,0.09474232170744404,NL
301,1492,1793,0.8321249302844395,-0.10149253731343283,-0.29053732762719925,NL
269,1822,2091,0.8713534194165471,-0.10631229235880399,0.22117962466487937,NL
270,1333,1603,0.8315658140985652,0.0037174721189591076,-0.2683863885839737,NL
286,1924,2210,0.8705882352941177,0.05925925925925926,0.4433608402100525,NL
283,2623,2906,0.9026152787336545,-0.01048951048951049,0.3633056133056133,NL
315,2197,2512,0.8746019108280255,0.11307420494699646,-0.16240945482272207,NL
328,1620,1948,0.8316221765913757,0.04126984126984127,-0.26263086026399635,NL
294,1804,2098,0.8598665395614872,-0.10365853658536585,0.11358024691358025,NL
289,2380,2669,0.89171974522293,-0.017006802721088437,0.31929046563192903,NL
322,2376,2698,0.8806523350630097,0.11418685121107267,-0.0016806722689075631,NL
299,2168,2467,0.8788001621402514,-0.07142857142857142,-0.08754208754208755,NL
316,1827,2143,0.8525431637890807,0.056856187290969896,-0.1572878228782288,NL
294,2109,2403,0.8776529338327091,-0.06962025316455696,0.15435139573070608,NL
297,2118,2415,0.8770186335403727,0.01020408163265306,0.004267425320056899,NL
330,2464,2794,0.8818897637795275,0,0,BE
272,2287,2559,0.8937084798749512,-0.17575757575757575,-0.07183441558441558,BE
318,2105,2423,0.8687577383408998,0.16911764705882354,-0.07958023611718408,BE
296,2119,2415,0.8774327122153209,-0.06918238993710692,0.00665083135391924,BE
320,2252,2572,0.8755832037325039,0.08108108108108109,0.06276545540349221,BE
321,2333,2654,0.8790504898266767,0.003125,0.03596802841918295,BE
312,2002,2314,0.8651685393258427,-0.028037383177570093,-0.14187741105872267,BE
331,2160,2491,0.8671216378964272,0.060897435897435896,0.07892107892107893,BE
312,1967,2279,0.8630978499341817,-0.05740181268882175,-0.08935185185185185,BE
275,2205,2480,0.8891129032258065,-0.11858974358974358,0.12099644128113879,BE
313,1970,2283,0.8628996933858958,0.13818181818181818,-0.10657596371882086,BE
329,2234,2563,0.8716348029652751,0.051118210862619806,0.13401015228426397,BE
339,2045,2384,0.8578020134228188,0.030395136778115502,-0.0846016114592659,BE
411,2020,2431,0.8309337721102427,0.21238938053097345,-0.012224938875305624,BE
302,1922,2224,0.8642086330935251,-0.26520681265206814,-0.048514851485148516,BE
216,2071,2287,0.9055531263664189,-0.2847682119205298,0.07752341311134235,BE
292,1845,2137,0.8633598502573702,0.35185185185185186,-0.10912602607436021,BE
302,2391,2693,0.8878574080950613,0.03424657534246575,0.2959349593495935,BE
365,2010,2375,0.8463157894736842,0.20860927152317882,-0.15934755332496864,BE
340,1801,2141,0.8411957029425502,-0.0684931506849315,-0.10398009950248756,BE
361,2161,2522,0.8568596352101506,0.061764705882352944,0.19988895058300943,BE
309,1820,2129,0.8548614372945045,-0.1440443213296399,-0.15779731605738084,BE
308,2290,2598,0.8814472671285605,-0.003236245954692557,0.25824175824175827,BE
300,2114,2414,0.875724937862469,-0.025974025974025976,-0.07685589519650655,BE
300,2165,2465,0.8782961460446247,0.0,0.024124881740775782,BE
281,2277,2558,0.8901485535574668,-0.06333333333333334,0.051732101616628175,BE
347,1958,2305,0.8494577006507592,0.23487544483985764,-0.14009661835748793,BE
324,2062,2386,0.8642078792958927,-0.06628242074927954,0.05311542390194075,BE
302,2672,2974,0.898453261600538,-0.06790123456790123,0.29582929194956353,BE
318,2163,2481,0.871825876662636,0.052980132450331126,-0.1904940119760479,BE
297,1933,2230,0.8668161434977578,-0.0660377358490566,-0.10633379565418401,BE
308,1891,2199,0.8599363346975898,0.037037037037037035,-0.02172788411795137,BE
314,1872,2186,0.8563586459286368,0.01948051948051948,-0.010047593865679535,BE
333,2466,2799,0.8810289389067524,0.06050955414012739,0.3173076923076923,BE
356,1414,1770,0.7988700564971751,0.06906906906906907,-0.42660178426601786,BE
323,2209,2532,0.8724328593996841,-0.09269662921348315,0.5622347949080623,BE
332,2185,2517,0.8680969408025427,0.02786377708978328,-0.010864644635581712,BE
301,2196,2497,0.8794553464156989,-0.09337349397590361,0.005034324942791762,BE
295,2090,2385,0.8763102725366876,-0.019933554817275746,-0.0482695810564663,BE
355,1874,2229,0.8407357559443697,0.2033898305084746,-0.10334928229665072,BE
352,2235,2587,0.8639350599149594,-0.008450704225352112,0.1926360725720384,BE
306,2189,2495,0.8773547094188376,-0.13068181818181818,-0.02058165548098434,BE
322,2413,2735,0.8822669104204753,0.05228758169934641,0.10232983097304706,BE
313,2293,2606,0.8798925556408289,-0.027950310559006212,-0.04973062577704103,BE
307,2253,2560,0.880078125,-0.019169329073482427,-0.01744439598778892,BE
327,1885,2212,0.8521699819168174,0.06514657980456026,-0.16333777185974258,BE
315,1926,2241,0.8594377510040161,-0.03669724770642202,0.021750663129973476,BE
343,2306,2649,0.8705171762929408,0.08888888888888889,0.19730010384215993,BE
315,2096,2411,0.8693488179178764,-0.08163265306122448,-0.09106678230702515,BE
324,2002,2326,0.8607050730868444,0.02857142857142857,-0.04484732824427481,BE
308,2210,2518,0.8776806989674345,-0.04938271604938271,0.1038961038961039,BE
326,2060,2386,0.8633696563285834,0.05844155844155844,-0.06787330316742081,BE
337,2073,2410,0.8601659751037345,0.03374233128834356,0.006310679611650485,BE
292,2031,2323,0.8743004735256135,-0.13353115727002968,-0.020260492040520984,BE
320,2242,2562,0.8750975800156128,0.0958904109589041,0.10388970950270802,BE
290,2182,2472,0.8826860841423948,-0.09375,-0.026761819803746655,BE
310,2036,2346,0.8678601875532822,0.06896551724137931,-0.06691109074243813,BE
366,2068,2434,0.8496302382908792,0.18064516129032257,0.015717092337917484,BE
306,2180,2486,0.8769106999195495,-0.16393442622950818,0.05415860735009671,BE
449,2198,2647,0.8303740083112958,0.4673202614379085,0.008256880733944955,BE
294,2109,2403,0.8776529338327091,-0.34521158129175944,-0.04049135577797998,BE
293,2272,2565,0.8857699805068227,-0.003401360544217687,0.07728781412991939,BE
326,2249,2575,0.8733980582524272,0.11262798634812286,-0.010123239436619719,BE
351,1797,2148,0.8365921787709497,0.07668711656441718,-0.2009782125389062,BE
331,1718,2049,0.838457784285017,-0.05698005698005698,-0.0439621591541458,BE
319,2073,2392,0.8666387959866221,-0.03625377643504532,0.20663562281722933,BE
353,1947,2300,0.8465217391304348,0.10658307210031348,-0.060781476121562955,BE
283,1829,2112,0.8660037878787878,-0.19830028328611898,-0.06060606060606061,BE
312,1921,2233,0.8602776533811016,0.10247349823321555,0.05030071077091307,BE
356,2415,2771,0.8715265247203176,0.14102564102564102,0.2571577303487767,BE
355,2178,2533,0.8598499802605606,-0.0028089887640449437,-0.09813664596273292,BE
314,2037,2351,0.8664398128455976,-0.11549295774647887,-0.06473829201101929,BE
338,2091,2429,0.8608480856319473,0.07643312101910828,0.026509572901325478,BE
299,2016,2315,0.870842332613391,-0.11538461538461539,-0.035868005738880916,BE
301,1594,1895,0.8411609498680739,0.006688963210702341,-0.20932539682539683,BE
322,1953,2275,0.8584615384615385,0.06976744186046512,0.22521957340025095,BE
320,1968,2288,0.8601398601398601,-0.006211180124223602,0.007680491551459293,BE
289,1991,2280,0.8732456140350877,-0.096875,0.011686991869918699,BE
296,2052,2348,0.8739352640545145,0.02422145328719723,0.03063787041687594,BE
307,2210,2517,0.8780294000794596,0.037162162162162164,0.0769980506822612,BE
296,2086,2382,0.8757346767422334,-0.035830618892508145,-0.056108597285067875,BE
334,2237,2571,0.8700894593543368,0.12837837837837837,0.07238734419942473,BE
341,2183,2524,0.8648969889064976,0.020958083832335328,-0.024139472507822977,BE
370,2264,2634,0.8595292331055429,0.08504398826979472,0.03710490151168117,BE
317,2056,2373,0.8664138221660346,-0.14324324324324325,-0.09187279151943463,BE
299,2473,2772,0.8921356421356421,-0.056782334384858045,0.20282101167315175,BE
264,2355,2619,0.8991981672394044,-0.11705685618729098,-0.04771532551556813,BE
319,2366,2685,0.8811918063314711,0.20833333333333334,0.004670912951167728,BE
326,2216,2542,0.8717545239968528,0.0219435736677116,-0.06339814032121724,BE
327,2298,2625,0.8754285714285714,0.003067484662576687,0.03700361010830325,BE
300,2256,2556,0.8826291079812206,-0.08256880733944955,-0.018276762402088774,BE
295,2221,2516,0.8827503974562798,-0.016666666666666666,-0.01551418439716312,BE
321,2234,2555,0.8743639921722114,0.08813559322033898,0.00585321927059883,BE
355,1810,2165,0.836027713625866,0.1059190031152648,-0.18979409131602507,BE
328,2146,2474,0.8674211802748585,-0.07605633802816901,0.1856353591160221,BE
294,2290,2584,0.8862229102167183,-0.10365853658536585,0.06710158434296365,BE
316,2598,2914,0.8915579958819492,0.07482993197278912,0.13449781659388646,BE
317,2560,2877,0.8898157803267293,0.0031645569620253164,-0.014626635873749037,BE
326,1928,2254,0.8553682342502218,0.028391167192429023,-0.246875,BE
338,2570,2908,0.8837689133425034,0.03680981595092025,0.3329875518672199,BE
292,2302,2594,0.887432536622976,-0.13609467455621302,-0.10428015564202335,BE
287,2450,2737,0.8951406649616368,-0.017123287671232876,0.06429192006950478,BE
291,2209,2500,0.8836,0.013937282229965157,-0.09836734693877551,BE
289,2443,2732,0.8942166910688141,-0.006872852233676976,0.10593028519692169,BE
335,2106,2441,0.8627611634575993,0.15916955017301038,-0.13794514940646746,BE
307,1921,2228,0.8622082585278277,-0.08358208955223881,-0.08784425451092118,BE
280,2103,2383,0.8825010490977759,-0.08794788273615635,0.09474232170744404,BE
396,2080,2476,0.840064620355412,0.4142857142857143,-0.010936757013789824,BE
370,2090,2460,0.8495934959349594,-0.06565656565656566,0.004807692307692308,BE
335,2000,2335,0.8565310492505354,-0.0945945945945946,-0.0430622009569378,BE
341,2465,2806,0.8784746970776907,0.01791044776119403,0.2325,BE
327,2338,2665,0.8772983114446529,-0.04105571847507331,-0.05152129817444219,BE
317,2379,2696,0.8824183976261127,-0.03058103975535168,0.017536355859709155,BE
326,2167,2493,0.8692338547934216,0.028391167192429023,-0.0891130727196301,BE
340,2525,2865,0.881326352530541,0.04294478527607362,0.1652053530226119,BE
290,1518,1808,0.8396017699115044,-0.14705882352941177,-0.39881188118811883,BE
357,2191,2548,0.8598901098901099,0.23103448275862068,0.44334650856389984,BE
332,2067,2399,0.8616090037515631,-0.0700280112044818,-0.05659516202647193,BE
476,1749,2225,0.7860674157303371,0.43373493975903615,-0.15384615384615385,BE
370,2269,2639,0.8597953770367563,-0.22268907563025211,0.29731275014293884,BE
274,2474,2748,0.9002911208151383,-0.2594594594594595,0.09034817100044072,BE
271,2326,2597,0.895648825567963,-0.010948905109489052,-0.05982215036378335,BE
353,2169,2522,0.8600317208564632,0.3025830258302583,-0.06749785038693035,BE
312,2241,2553,0.8777908343125734,-0.11614730878186968,0.03319502074688797,BE
337,2210,2547,0.8676874754613271,0.08012820512820513,-0.013833110218652387,BE
355,1777,2132,0.8334896810506567,0.05341246290801187,-0.19592760180995475,BE
292,2210,2502,0.8832933653077538,-0.17746478873239438,0.24366910523353968,BE
366,2090,2456,0.8509771986970684,0.2534246575342466,-0.05429864253393665,BE
340,2609,2949,0.8847066802305866,-0.07103825136612021,0.24832535885167464,BE
336,2481,2817,0.8807241746538871,-0.011764705882352941,-0.04906094288999617,BE
357,2093,2450,0.8542857142857143,0.0625,-0.15638855300282145,BE
290,2031,2321,0.8750538560965101,-0.1876750700280112,-0.029622551361681796,BE
332,2510,2842,0.8831808585503167,0.14482758620689656,0.23584441161989167,BE
340,2529,2869,0.8814918089926804,0.024096385542168676,0.007569721115537849,BE
352,2268,2620,0.8656488549618321,0.03529411764705882,-0.10320284697508897,BE
357,2484,2841,0.8743400211193242,0.014204545454545454,0.09523809523809523,BE
370,2373,2743,0.8651111921254101,0.036414565826330535,-0.04468599033816425,BE
305,2484,2789,0.8906418070993187,-0.17567567567567569,0.04677623261694058,BE
333,2384,2717,0.8774383511225616,0.09180327868852459,-0.040257648953301126,BE
316,2308,2624,0.8795731707317073,-0.05105105105105105,-0.031879194630872486,BE
364,2171,2535,0.8564102564102564,0.1518987341772152,-0.059358752166377815,BE
305,2167,2472,0.8766181229773463,-0.1620879120879121,-0.0018424689083371719,BE
323,2238,2561,0.8738773916438891,0.05901639344262295,0.032764190124596214,BE
357,2087,2444,0.8539279869067103,0.10526315789473684,-0.06747095621090259,BE
296,2565,2861,0.8965396714435512,-0.17086834733893558,0.22903689506468616,BE
355,2239,2594,0.8631457208943716,0.19932432432432431,-0.1270955165692008,BE
358,2787,3145,0.8861685214626391,0.008450704225352112,0.2447521214828048,BE
304,2394,2698,0.8873239436619719,-0.15083798882681565,-0.14101184068891282,BE
272,2239,2511,0.8916766228594185,-0.10526315789473684,-0.06474519632414369,BE
296,2328,2624,0.8871951219512195,0.08823529411764706,0.03974988834301027,BE
310,2397,2707,0.8854820834872552,0.0472972972972973,0.029639175257731958,BE
290,2457,2747,0.8944302875864579,-0.06451612903225806,0.025031289111389236,BE
398,2501,2899,0.8627112797516385,0.3724137931034483,0.01790801790801791,BE
391,2654,3045,0.8715927750410509,-0.017587939698492462,0.06117552978808476,BE
358,2746,3104,0.8846649484536082,-0.08439897698209718,0.0346646571213263,BE
375,2556,2931,0.872057318321392,0.04748603351955307,-0.06919155134741442,BE
284,2133,2417,0.8824989656599089,-0.24266666666666667,-0.16549295774647887,BE
352,2359,2711,0.8701586130579122,0.23943661971830985,0.10595405532114392,BE
382,2764,3146,0.8785759694850604,0.08522727272727272,0.17168291649003814,BE
316,2331,2647,0.8806195693237627,-0.17277486910994763,-0.15665701881331404,BE
381,2456,2837,0.8657032076136765,0.20569620253164558,0.053625053625053626,BE
333,2730,3063,0.89128305582762,-0.12598425196850394,0.11156351791530944,BE
334,2587,2921,0.8856555973981514,0.003003003003003003,-0.05238095238095238,BE
303,2464,2767,0.8904951210697506,-0.09281437125748503,-0.047545419404715884,BE
270,2222,2492,0.891653290529695,-0.10891089108910891,-0.09821428571428571,BE
324,2513,2837,0.8857948537187169,0.2,0.13096309630963096,BE
381,2691,3072,0.8759765625,0.17592592592592593,0.0708316752884998,BE
377,2297,2674,0.8590127150336574,-0.010498687664041995,-0.14641397250092902,BE
378,2131,2509,0.8493423674770825,0.002652519893899204,-0.07226817588158467,BE
361,2490,2851,0.8733777621887057,-0.04497354497354497,0.16846550915063352,BE
446,2334,2780,0.839568345323741,0.23545706371191136,-0.06265060240963856,BE
11845,2720,14565,0.18674905595605903,25.55829596412556,0.16538131962296487,BE
337,2362,2699,0.8751389403482771,-0.9715491768678768,-0.13161764705882353,BE
343,2569,2912,0.8822115384615384,0.017804154302670624,0.08763759525825572,BE
341,2687,3028,0.8873844121532365,-0.0058309037900874635,0.045932269365511876,BE
369,2191,2560,0.855859375,0.08211143695014662,-0.18459248232229253,BE
320,2329,2649,0.879199697999245,-0.13279132791327913,0.0629849383842994,BE
368,2651,3019,0.878105332891686,0.15,0.1382567625590382,BE
345,2373,2718,0.8730684326710817,-0.0625,-0.10486608826857789,BE
349,2308,2657,0.868648852088822,0.011594202898550725,-0.027391487568478718,BE
328,1953,2281,0.8562034195528277,-0.06017191977077364,-0.15381282495667245,BE
384,2278,2662,0.8557475582268971,0.17073170731707318,0.16641065028161803,BE
333,2663,2996,0.8888518024032043,-0.1328125,0.16900790166812993,BE
306,1928,2234,0.8630259623992838,-0.08108108108108109,-0.2760045061960195,BE
312,2256,2568,0.8785046728971962,0.0196078431372549,0.17012448132780084,BE
313,1964,2277,0.862538427755819,0.003205128205128205,-0.12943262411347517,BE
316,2424,2740,0.8846715328467153,0.009584664536741214,0.23421588594704684,BE
337,2102,2439,0.8618286182861828,0.06645569620253164,-0.13283828382838284,BE
427,2331,2758,0.8451776649746193,0.26706231454005935,0.10894386298763083,BE
273,2718,2991,0.9087261785356068,-0.36065573770491804,0.16602316602316602,BE
318,2552,2870,0.889198606271777,0.16483516483516483,-0.061074319352465045,BE
284,2484,2768,0.8973988439306358,-0.1069182389937107,-0.02664576802507837,BE
349,2548,2897,0.8795305488436314,0.22887323943661972,0.02576489533011272,BE
373,2732,3105,0.8798711755233495,0.06876790830945559,0.07221350078492936,BE
345,2236,2581,0.8663308795040682,-0.07506702412868632,-0.1815519765739385,BE
270,2107,2377,0.8864114429953723,-0.21739130434782608,-0.057692307692307696,BE
266,2480,2746,0.9031318281136198,-0.014814814814814815,0.17702895111532985,BE
279,2298,2577,0.8917345750873108,0.04887218045112782,-0.07338709677419354,BE
303,2583,2886,0.895010395010395,0.08602150537634409,0.12402088772845953,BE
315,2144,2459,0.8718991459943066,0.039603960396039604,-0.16995741385985288,BE
307,2270,2577,0.8808692277842453,-0.025396825396825397,0.058768656716417914,BE
301,2173,2474,0.8783346806790623,-0.019543973941368076,-0.042731277533039645,BE
310,2326,2636,0.8823975720789075,0.029900332225913623,0.0704095720202485,BE
275,2330,2605,0.8944337811900192,-0.11290322580645161,0.0017196904557179708,BE
312,1867,2179,0.8568150527765029,0.13454545454545455,-0.19871244635193133,BE
346,2301,2647,0.8692859841329807,0.10897435897435898,0.23245848955543652,BE
272,2628,2900,0.9062068965517242,-0.2138728323699422,0.1421121251629726,BE
289,2209,2498,0.8843074459567654,0.0625,-0.15943683409436835,BE
299,2491,2790,0.892831541218638,0.03460207612456748,0.1276595744680851,BE
319,2756,3075,0.896260162601626,0.06688963210702341,0.10638297872340426,BE
305,2045,2350,0.8702127659574468,-0.0438871473354232,-0.25798258345428154,BE
309,2357,2666,0.8840960240060015,0.013114754098360656,0.15256723716381418,BE
354,2283,2637,0.8657565415244596,0.14563106796116504,-0.031395842172252865,BE
355,2295,2650,0.8660377358490566,0.002824858757062147,0.005256241787122208,BE
302,2155,2457,0.877085877085877,-0.14929577464788732,-0.06100217864923747,BE
279,2336,2615,0.8933078393881453,-0.076158940397351,0.0839907192575406,BE
492,2332,2824,0.8257790368271954,0.7634408602150538,-0.0017123287671232876,BE
358,2335,2693,0.8670627552914965,-0.27235772357723576,0.001286449399656947,BE
307,2430,2737,0.8878333942272562,-0.1424581005586592,0.04068522483940043,BE
311,2045,2356,0.8679966044142614,0.013029315960912053,-0.15843621399176955,BE
311,1987,2298,0.8646649260226283,0.0,-0.028361858190709046,BE
299,2434,2733,0.8905964141968533,-0.03858520900321544,0.22496225465525918,BE
319,2546,2865,0.8886561954624782,0.06688963210702341,0.04601479046836483,BE
307,2294,2601,0.8819684736639753,-0.03761755485893417,-0.09897879025923016,BE
299,2395,2694,0.8890126206384559,-0.026058631921824105,0.044027898866608545,BE
306,1984,2290,0.8663755458515284,0.023411371237458192,-0.17160751565762003,BE
310,2374,2684,0.8845007451564829,0.013071895424836602,0.19657258064516128,BE
282,2626,2908,0.9030261348005502,-0.09032258064516129,0.10614995787700084,BE
353,2370,2723,0.8703635695923614,0.25177304964539005,-0.09748667174409749,BE
295,2021,2316,0.8726252158894646,-0.1643059490084986,-0.14725738396624471,BE
340,2014,2354,0.8555649957519117,0.15254237288135594,-0.0034636318654131617,BE
281,2533,2814,0.9001421464108031,-0.17352941176470588,0.2576961271102284,BE
306,1996,2302,0.8670721112076455,0.08896797153024912,-0.212001579155152,BE
310,2181,2491,0.8755519871537535,0.013071895424836602,0.09268537074148296,BE
274,2126,2400,0.8858333333333334,-0.11612903225806452,-0.02521779000458505,BE
289,1511,1800,0.8394444444444444,0.05474452554744526,-0.28927563499529635,BE
279,2333,2612,0.8931852986217458,-0.03460207612456748,0.5440105890138981,BE
299,2020,2319,0.8710651142733937,0.07168458781362007,-0.13416202314616374,BE
344,2370,2714,0.8732498157700811,0.1505016722408027,0.17326732673267325,BE
312,2465,2777,0.8876485415916456,-0.09302325581395349,0.04008438818565401,BE
309,2402,2711,0.8860199188491331,-0.009615384615384616,-0.025557809330628803,BE
310,2427,2737,0.886737303617099,0.003236245954692557,0.010407993338884263,BE
314,2096,2410,0.8697095435684647,0.012903225806451613,-0.13638236505974455,BE
322,2147,2469,0.8695828270554881,0.025477707006369428,0.02433206106870229,BE
291,2263,2554,0.8860610806577917,-0.09627329192546584,0.05402887750349324,BE
309,2012,2321,0.8668677294269711,0.061855670103092786,-0.11091471498011489,BE
323,2394,2717,0.8811188811188811,0.045307443365695796,0.18986083499005965,BE
335,2037,2372,0.8587689713322091,0.03715170278637771,-0.14912280701754385,BE
295,1993,2288,0.8710664335664335,-0.11940298507462686,-0.021600392734413353,BE
325,2321,2646,0.8771730914588057,0.1016949152542373,0.16457601605619668,BE
323,2254,2577,0.8746604578967792,-0.006153846153846154,-0.02886686772942697,BE
305,1981,2286,0.8665791776027997,-0.05572755417956656,-0.12111801242236025,BE
311,2137,2448,0.8729575163398693,0.019672131147540985,0.07874810701665826,BE
283,2247,2530,0.8881422924901186,-0.09003215434083602,0.05147402901263454,BE
370,2159,2529,0.8536971134835903,0.30742049469964666,-0.039163328882955054,BE
301,2329,2630,0.8855513307984791,-0.1864864864864865,0.07874015748031496,BE
283,1954,2237,0.8734912829682611,-0.059800664451827246,-0.16101331043366252,BE
380,2091,2471,0.8462161068393363,0.34275618374558303,0.07011258955987718,BE
298,2228,2526,0.8820269200316706,-0.21578947368421053,0.06551889048302248,BE
374,2426,2800,0.8664285714285714,0.2550335570469799,0.08886894075403949,BE
400,1980,2380,0.8319327731092437,0.06951871657754011,-0.1838417147568013,BE
325,2458,2783,0.8832195472511678,-0.1875,0.24141414141414141,BE
329,2288,2617,0.8742835307604127,0.012307692307692308,-0.0691619202603743,BE
320,2130,2450,0.8693877551020408,-0.02735562310030395,-0.06905594405594405,BE
377,2304,2681,0.8593808280492353,0.178125,0.08169014084507042,BE
338,2243,2581,0.8690430065865944,-0.10344827586206896,-0.026475694444444444,BE
378,2023,2401,0.8425655976676385,0.11834319526627218,-0.09808292465448061,BE
410,2295,2705,0.8484288354898336,0.08465608465608465,0.13445378151260504,BE
426,2523,2949,0.8555442522889115,0.03902439024390244,0.09934640522875816,BE
352,2049,2401,0.8533944189920867,-0.17370892018779344,-0.187871581450654,BE
353,2213,2566,0.8624318004676539,0.002840909090909091,0.08003904343582235,BE
312,1993,2305,0.8646420824295011,-0.11614730878186968,-0.09941256213285134,BE
348,2062,2410,0.8556016597510373,0.11538461538461539,0.03462117410938284,BE
309,2339,2648,0.8833081570996979,-0.11206896551724138,0.13433559650824442,BE
417,2286,2703,0.8457269700332963,0.34951456310679613,-0.022659256092347157,BE
348,2348,2696,0.870919881305638,-0.16546762589928057,0.02712160979877515,BE
371,2375,2746,0.8648943918426802,0.06609195402298851,0.011499148211243612,BE
374,2306,2680,0.8604477611940299,0.008086253369272238,-0.029052631578947368,BE
336,2024,2360,0.8576271186440678,-0.10160427807486631,-0.1222896790980052,BE
348,1893,2241,0.8447121820615796,0.03571428571428571,-0.06472332015810277,BE
354,2129,2483,0.8574305275875956,0.017241379310344827,0.12466983623877444,BE
455,1867,2322,0.8040482342807924,0.2853107344632768,-0.1230624706434946,BE
410,1909,2319,0.8231996550237172,-0.0989010989010989,0.022495982860203535,BE
346,1986,2332,0.8516295025728988,-0.15609756097560976,0.04033525405971713,BE
237,2070,2307,0.8972691807542262,-0.315028901734104,0.04229607250755287,BE
399,1823,2222,0.8204320432043204,0.6835443037974683,-0.11932367149758454,BE
341,2012,2353,0.8550786230344242,-0.14536340852130325,0.10367526055951728,BE
308,2357,2665,0.8844277673545966,-0.0967741935483871,0.17147117296222664,BE
362,2236,2598,0.8606620477290223,0.17532467532467533,-0.051336444633008065,BE
335,1935,2270,0.8524229074889867,-0.07458563535911603,-0.1346153846153846,BE
365,2319,2684,0.8640089418777943,0.08955223880597014,0.19844961240310077,BE
354,2242,2596,0.8636363636363636,-0.030136986301369864,-0.03320396722725313,BE
371,2089,2460,0.8491869918699188,0.0480225988700565,-0.06824264049955397,BE
342,2274,2616,0.8692660550458715,-0.07816711590296496,0.08855911919578746,BE
274,1844,2118,0.8706326723323891,-0.19883040935672514,-0.18909410729991205,BE
359,2130,2489,0.8557653676175171,0.3102189781021898,0.15509761388286333,BE
322,2149,2471,0.8696883852691218,-0.10306406685236769,0.00892018779342723,BE
325,2066,2391,0.8640736093684651,0.009316770186335404,-0.03862261516984644,BE
312,2198,2510,0.8756972111553785,-0.04,0.06389157792836399,BE
327,2208,2535,0.8710059171597633,0.04807692307692308,0.004549590536851683,BE
341,2028,2369,0.8560574081891094,0.04281345565749235,-0.08152173913043478,BE
324,2228,2552,0.8730407523510971,-0.04985337243401759,0.09861932938856016,BE
301,2362,2663,0.8869695831768682,-0.07098765432098765,0.06014362657091562,BE
311,2014,2325,0.8662365591397849,0.03322259136212625,-0.14733276883996613,BE
352,1968,2320,0.8482758620689655,0.13183279742765272,-0.022840119165839126,BE
329,1971,2300,0.8569565217391304,-0.06534090909090909,0.001524390243902439,BE
385,2058,2443,0.8424068767908309,0.1702127659574468,0.0441400304414003,BE
318,2027,2345,0.8643923240938166,-0.17402597402597403,-0.015063168124392614,BE
293,2159,2452,0.8805057096247961,-0.07861635220125786,0.0651208682782437,BE
306,2183,2489,0.8770590598633989,0.04436860068259386,0.0111162575266327,BE
296,2062,2358,0.8744698897370653,-0.032679738562091505,-0.0554283096655978,BE
335,2109,2444,0.8629296235679215,0.13175675675675674,0.02279340446168768,BE
405,2059,2464,0.8356331168831169,0.208955223880597,-0.02370791844476055,BE
340,1898,2238,0.8480786416443253,-0.16049382716049382,-0.07819329771733852,BE
328,1793,2121,0.8453559641678453,-0.03529411764705882,-0.05532139093782929,BE
354,2148,2502,0.8585131894484412,0.07926829268292683,0.19799219185722253,BE
320,1778,2098,0.8474737845567207,-0.096045197740113,-0.17225325884543763,BE
341,1871,2212,0.8458408679927667,0.065625,0.05230596175478065,BE
380,2008,2388,0.8408710217755444,0.11436950146627566,0.07322287546766434,BE
379,1370,1749,0.7833047455688965,0,0,LU
337,1924,2261,0.8509509066784608,-0.11081794195250659,0.4043795620437956,LU
366,1301,1667,0.7804439112177565,0.08605341246290801,-0.3238045738045738,LU
351,1393,1744,0.7987385321100917,-0.040983606557377046,0.07071483474250577,LU
336,1470,1806,0.813953488372093,-0.042735042735042736,0.05527638190954774,LU
320,1559,1879,0.8296966471527408,-0.047619047619047616,0.06054421768707483,LU
298,2952,3250,0.9083076923076923,-0.06875,0.8935214881334188,LU
302,3323,3625,0.9166896551724137,0.013422818791946308,0.12567750677506775,LU
324,1138,1462,0.7783857729138167,0.0728476821192053,-0.6575383689437255,LU
329,1416,1745,0.811461318051576,0.015432098765432098,0.24428822495606328,LU
356,1486,1842,0.8067318132464713,0.08206686930091185,0.04943502824858757,LU
322,1560,1882,0.8289054197662061,-0.09550561797752809,0.04979811574697174,LU
355,1903,2258,0.8427812223206377,0.10248447204968944,0.21987179487179487,LU
328,1647,1975,0.8339240506329114,-0.07605633802816901,-0.13452443510246978,LU
309,1638,1947,0.8412942989214176,-0.057926829268292686,-0.00546448087431694,LU
346,1650,1996,0.8266533066132264,0.11974110032362459,0.007326007326007326,LU
314,1665,1979,0.84133400707428,-0.09248554913294797,0.00909090909090909,LU
328,1238,1566,0.7905491698595147,0.044585987261146494,-0.2564564564564565,LU
316,1540,1856,0.8297413793103449,-0.036585365853658534,0.24394184168012925,LU
313,1632,1945,0.8390745501285347,-0.00949367088607595,0.05974025974025974,LU
310,1548,1858,0.8331539289558665,-0.009584664536741214,-0.051470588235294115,LU
313,1280,1593,0.8035153797865662,0.00967741935483871,-0.1731266149870801,LU
307,3487,3794,0.919082762256194,-0.019169329073482427,1.72421875,LU
303,1513,1816,0.8331497797356828,-0.013029315960912053,-0.5661026670490393,LU
416,3325,3741,0.8887997861534349,0.37293729372937295,1.1976206212822207,LU
297,1832,2129,0.8604978863316111,-0.2860576923076923,-0.44902255639097743,LU
368,1377,1745,0.7891117478510029,0.23905723905723905,-0.24836244541484717,LU
293,3460,3753,0.9219291233679723,-0.20380434782608695,1.5127087872185911,LU
314,3350,3664,0.9143013100436681,0.07167235494880546,-0.031791907514450865,LU
342,1530,1872,0.8173076923076923,0.08917197452229299,-0.5432835820895522,LU
346,1257,1603,0.784154709918902,0.011695906432748537,-0.1784313725490196,LU
322,1432,1754,0.8164196123147093,-0.06936416184971098,0.13922036595067622,LU
368,3542,3910,0.9058823529411765,0.14285714285714285,1.473463687150838,LU
323,1263,1586,0.7963430012610341,-0.12228260869565218,-0.6434217955957087,LU
288,1520,1808,0.8407079646017699,-0.10835913312693499,0.2034837688044339,LU
299,3547,3846,0.922256890275611,0.03819444444444445,1.3335526315789474,LU
358,1451,1809,0.8021006080707573,0.19732441471571907,-0.5909219058359176,LU
321,1272,1593,0.7984934086629002,-0.10335195530726257,-0.1233631977946244,LU
334,3643,3977,0.9160170983153131,0.040498442367601244,1.8639937106918238,LU
317,3315,3632,0.9127202643171806,-0.05089820359281437,-0.09003568487510294,LU
333,1045,1378,0.7583454281567489,0.050473186119873815,-0.6847662141779789,LU
383,1636,2019,0.8103021297672115,0.15015015015015015,0.5655502392344498,LU
336,3459,3795,0.9114624505928853,-0.1227154046997389,1.1143031784841075,LU
299,1587,1886,0.8414634146341463,-0.11011904761904762,-0.5411968777103209,LU
350,1256,1606,0.7820672478206725,0.1705685618729097,-0.2085696282293636,LU
377,1902,2279,0.8345765686704695,0.07714285714285714,0.5143312101910829,LU
274,1495,1769,0.8451102317693612,-0.27320954907161804,-0.21398527865404837,LU
339,1421,1760,0.8073863636363636,0.23722627737226276,-0.049498327759197325,LU
356,1407,1763,0.7980714690867838,0.05014749262536873,-0.009852216748768473,LU
309,1546,1855,0.8334231805929919,-0.13202247191011235,0.09879175550817342,LU
354,1293,1647,0.785063752276867,0.14563106796116504,-0.16364812419146182,LU
376,1222,1598,0.7647058823529411,0.062146892655367235,-0.05491105955143078,LU
318,1428,1746,0.8178694158075601,-0.15425531914893617,0.1685761047463175,LU
312,1565,1877,0.8337773042088439,-0.018867924528301886,0.09593837535014006,LU
317,3483,3800,0.916578947368421,0.016025641025641024,1.22555910543131,LU
273,3364,3637,0.9249381358262304,-0.138801261829653,-0.034165948894631065,LU
312,1686,1998,0.8438438438438438,0.14285714285714285,-0.49881093935790727,LU
298,1230,1528,0.8049738219895288,-0.04487179487179487,-0.2704626334519573,LU
352,1662,2014,0.8252234359483615,0.18120805369127516,0.35121951219512193,LU
307,3557,3864,0.9205486542443064,-0.1278409090909091,1.1401925391095067,LU
376,3306,3682,0.8978815860945139,0.2247557003257329,-0.07056508293505763,LU
315,3597,3912,0.9194785276073619,-0.1622340425531915,0.08802177858439202,LU
288,3703,3991,0.9278376346780256,-0.08571428571428572,0.029469001946066165,LU
327,3413,3740,0.9125668449197861,0.13541666666666666,-0.07831487982716716,LU
323,3357,3680,0.9122282608695652,-0.012232415902140673,-0.016407852329329037,LU
331,3320,3651,0.9093399068748288,0.02476780185758514,-0.011021745606196008,LU
387,3288,3675,0.8946938775510204,0.1691842900302115,-0.00963855421686747,LU
363,2128,2491,0.8542753914090727,-0.06201550387596899,-0.35279805352798055,LU
300,3560,3860,0.9222797927461139,-0.17355371900826447,0.6729323308270677,LU
293,3298,3591,0.9184071289334447,-0.023333333333333334,-0.07359550561797752,LU
347,3316,3663,0.9052689052689052,0.18430034129692832,0.005457853244390539,LU
298,1495,1793,0.833798103736754,-0.14121037463976946,-0.5491556091676719,LU
311,3465,3776,0.9176377118644068,0.0436241610738255,1.3177257525083612,LU
310,3353,3663,0.9153699153699154,-0.003215434083601286,-0.03232323232323232,LU
385,3267,3652,0.8945783132530121,0.24193548387096775,-0.025648672830301224,LU
420,3307,3727,0.8873088274751811,0.09090909090909091,0.012243648607284972,LU
330,3483,3813,0.9134539732494099,-0.21428571428571427,0.05322044148775325,LU
361,3575,3936,0.9082825203252033,0.09393939393939393,0.02641401091013494,LU
331,3766,4097,0.9192091774469123,-0.08310249307479224,0.05342657342657343,LU
323,3075,3398,0.9049440847557386,-0.02416918429003021,-0.18348380244291024,LU
350,1230,1580,0.7784810126582279,0.08359133126934984,-0.6,LU
348,1455,1803,0.8069883527454242,-0.005714285714285714,0.18292682926829268,LU
294,1541,1835,0.8397820163487738,-0.15517241379310345,0.05910652920962199,LU
328,1198,1526,0.7850589777195282,0.11564625850340136,-0.2225827384815055,LU
319,1427,1746,0.8172966781214204,-0.027439024390243903,0.1911519198664441,LU
312,1662,1974,0.8419452887537994,-0.0219435736677116,0.1646811492641906,LU
319,1170,1489,0.7857622565480188,0.022435897435897436,-0.296028880866426,LU
390,1409,1799,0.783212896053363,0.2225705329153605,0.20427350427350427,LU
334,1353,1687,0.8020154119739182,-0.14358974358974358,-0.0397444996451384,LU
336,1686,2022,0.8338278931750742,0.005988023952095809,0.24611973392461198,LU
337,1680,2017,0.8329201784828953,0.002976190476190476,-0.0035587188612099642,LU
294,1330,1624,0.8189655172413793,-0.12759643916913946,-0.20833333333333334,LU
310,1477,1787,0.8265249020705092,0.05442176870748299,0.11052631578947368,LU
331,3721,4052,0.9183119447186574,0.06774193548387097,1.5192958700067705,LU
310,3617,3927,0.9210593328240387,-0.0634441087613293,-0.027949475947325986,LU
341,1650,1991,0.8287292817679558,0.1,-0.5438208460049765,LU
357,1810,2167,0.8352561144439317,0.0469208211143695,0.09696969696969697,LU
296,1390,1686,0.8244365361803084,-0.17086834733893558,-0.23204419889502761,LU
384,3613,3997,0.9039279459594696,0.2972972972972973,1.5992805755395683,LU
318,3344,3662,0.9131622064445658,-0.171875,-0.07445336285635207,LU
290,3574,3864,0.9249482401656315,-0.0880503144654088,0.0687799043062201,LU
302,1536,1838,0.8356909684439608,0.041379310344827586,-0.570229434806939,LU
302,1354,1656,0.8176328502415459,0.0,-0.11848958333333333,LU
306,1550,1856,0.8351293103448276,0.013245033112582781,0.1447562776957164,LU
292,1489,1781,0.8360471645143178,-0.0457516339869281,-0.03935483870967742,LU
347,1770,2117,0.8360888049126122,0.18835616438356165,0.18871725990597715,LU
309,1999,2308,0.8661178509532063,-0.10951008645533142,0.12937853107344632,LU
331,1555,1886,0.8244962884411453,0.07119741100323625,-0.2221110555277639,LU
282,1602,1884,0.8503184713375797,-0.14803625377643503,0.03022508038585209,LU
334,1531,1865,0.820911528150134,0.18439716312056736,-0.04431960049937578,LU
290,1734,2024,0.8567193675889329,-0.1317365269461078,0.1325930764206401,LU
315,2000,2315,0.8639308855291576,0.08620689655172414,0.15340253748558247,LU
282,1878,2160,0.8694444444444445,-0.10476190476190476,-0.061,LU
298,1748,2046,0.8543499511241447,0.05673758865248227,-0.06922257720979766,LU
462,1156,1618,0.7144622991347342,0.5503355704697986,-0.33867276887871856,LU
303,1383,1686,0.8202846975088968,-0.34415584415584416,0.19636678200692043,LU
325,1549,1874,0.8265741728922091,0.07260726072607261,0.12002892263195951,LU
307,1400,1707,0.8201523140011716,-0.055384615384615386,-0.0961910910264687,LU
299,1486,1785,0.8324929971988796,-0.026058631921824105,0.06142857142857143,LU
338,1398,1736,0.8052995391705069,0.13043478260869565,-0.059219380888290714,LU
283,1882,2165,0.869284064665127,-0.16272189349112426,0.34620886981402005,LU
296,1289,1585,0.8132492113564669,0.045936395759717315,-0.3150903294367694,LU
316,1945,2261,0.8602388323750553,0.06756756756756757,0.5089216446858029,LU
304,1811,2115,0.8562647754137116,-0.0379746835443038,-0.06889460154241646,LU
469,1429,1898,0.7528977871443625,0.5427631578947368,-0.2109331860850359,LU
295,1543,1838,0.8394994559303591,-0.37100213219616207,0.07977606717984605,LU
303,1471,1774,0.8291995490417137,0.02711864406779661,-0.046662346079066754,LU
333,1433,1766,0.8114382785956965,0.09900990099009901,-0.02583276682528892,LU
333,1643,1976,0.8314777327935222,0.0,0.1465457083042568,LU
412,1443,1855,0.7778975741239892,0.23723723723723725,-0.12172854534388314,LU
390,1624,2014,0.8063555114200596,-0.05339805825242718,0.12543312543312543,LU
346,1732,2078,0.8334937439846006,-0.11282051282051282,0.0665024630541872,LU
296,1732,2028,0.854043392504931,-0.14450867052023122,0.0,LU
343,1776,2119,0.8381311939594148,0.15878378378378377,0.025404157043879907,LU
324,1365,1689,0.8081705150976909,-0.05539358600583091,-0.23141891891891891,LU
344,1471,1815,0.8104683195592286,0.06172839506172839,0.07765567765567766,LU
304,1466,1770,0.8282485875706215,-0.11627906976744186,-0.003399048266485384,LU
305,1859,2164,0.8590573012939002,0.003289473684210526,0.2680763983628922,LU
299,1568,1867,0.839850026780932,-0.019672131147540985,-0.1565357719203873,LU
320,1401,1721,0.8140615920976176,0.07023411371237458,-0.10650510204081633,LU
396,3573,3969,0.9002267573696145,0.2375,1.5503211991434689,LU
325,1481,1806,0.8200442967884828,-0.17929292929292928,-0.5855023789532605,LU
301,1569,1870,0.8390374331550802,-0.07384615384615385,0.05941931127616475,LU
358,1425,1783,0.7992148065058889,0.1893687707641196,-0.09177820267686425,LU
320,1609,1929,0.8341109383100052,-0.10614525139664804,0.12912280701754386,LU
307,1456,1763,0.8258650028360749,-0.040625,-0.09509011808576756,LU
366,1689,2055,0.8218978102189781,0.19218241042345277,0.16002747252747251,LU
328,1954,2282,0.8562664329535495,-0.10382513661202186,0.15689757252812314,LU
396,1429,1825,0.783013698630137,0.2073170731707317,-0.2686796315250768,LU
270,1725,1995,0.8646616541353384,-0.3181818181818182,0.20713785864240727,LU
457,1607,2064,0.7785852713178295,0.6925925925925925,-0.06840579710144927,LU
348,1674,2022,0.827893175074184,-0.23851203501094093,0.04169259489732421,LU
382,1783,2165,0.8235565819861432,0.09770114942528736,0.06511350059737156,LU
371,1947,2318,0.8399482312338222,-0.028795811518324606,0.09197980931015143,LU
324,1554,1878,0.8274760383386581,-0.12668463611859837,-0.20184899845916796,LU
357,1585,1942,0.8161688980432544,0.10185185185185185,0.019948519948519948,LU
313,1576,1889,0.8343038644785601,-0.12324929971988796,-0.0056782334384858045,LU
328,1481,1809,0.8186843559977889,0.04792332268370607,-0.060279187817258884,LU
309,1752,2061,0.8500727802037845,-0.057926829268292686,0.18298446995273465,LU
326,1279,1605,0.7968847352024923,0.05501618122977346,-0.2699771689497717,LU
307,3714,4021,0.9236508331260881,-0.05828220858895705,1.903831118060985,LU
323,1536,1859,0.8262506724045185,0.05211726384364821,-0.5864297253634895,LU
397,1357,1754,0.7736602052451539,0.22910216718266255,-0.11653645833333333,LU
328,1347,1675,0.804179104477612,-0.17380352644836272,-0.007369196757553427,LU
352,1789,2141,0.8355908453993461,0.07317073170731707,0.3281365998515219,LU
340,1797,2137,0.8408984557791296,-0.03409090909090909,0.004471771939631079,LU
319,2160,2479,0.8713190802743042,-0.061764705882352944,0.2020033388981636,LU
311,1768,2079,0.8504088504088504,-0.025078369905956112,-0.1814814814814815,LU
377,3605,3982,0.9053239578101456,0.21221864951768488,1.039027149321267,LU
337,1758,2095,0.8391408114558473,-0.10610079575596817,-0.5123439667128987,LU
258,1562,1820,0.8582417582417582,-0.2344213649851632,-0.11149032992036405,LU
308,1685,1993,0.8454591068740592,0.1937984496124031,0.07874519846350832,LU
286,1713,1999,0.8569284642321161,-0.07142857142857142,0.01661721068249258,LU
320,1743,2063,0.8448860882210373,0.11888111888111888,0.017513134851138354,LU
308,1787,2095,0.8529832935560859,-0.0375,0.025243832472748137,LU
382,1487,1869,0.7956126270733013,0.24025974025974026,-0.16787912702853947,LU
440,1822,2262,0.8054818744473917,0.1518324607329843,0.22528581035642234,LU
342,2031,2373,0.8558786346396966,-0.22272727272727272,0.11470911086717893,LU
326,1687,2013,0.8380526577247889,-0.04678362573099415,-0.16937469226981783,LU
313,1278,1591,0.8032683846637335,-0.03987730061349693,-0.24244220509780676,LU
310,1821,2131,0.8545283904270295,-0.009584664536741214,0.42488262910798125,LU
289,1864,2153,0.8657686948444031,-0.06774193548387097,0.023613399231191653,LU
319,1703,2022,0.8422354104846687,0.10380622837370242,-0.08637339055793991,LU
298,1853,2151,0.8614597861459786,-0.06583072100313479,0.08807985907222549,LU
288,1427,1715,0.8320699708454811,-0.03355704697986577,-0.229897463572585,LU
326,1688,2014,0.8381330685203575,0.13194444444444445,0.1829011913104415,LU
311,1582,1893,0.8357105124141574,-0.046012269938650305,-0.06279620853080568,LU
402,1883,2285,0.8240700218818381,0.29260450160771706,0.1902654867256637,LU
400,1762,2162,0.8149861239592969,-0.004975124378109453,-0.064259160913436,LU
376,1591,1967,0.8088459583121504,-0.06,-0.09704880817253121,LU
357,2006,2363,0.8489208633093526,-0.05053191489361702,0.2608422375864236,LU
392,1734,2126,0.8156161806208843,0.09803921568627451,-0.13559322033898305,LU
372,1707,2079,0.8210678210678211,-0.05102040816326531,-0.015570934256055362,LU
301,1781,2082,0.8554274735830932,-0.19086021505376344,0.043350908025776215,LU
351,1749,2100,0.8328571428571429,0.16611295681063123,-0.017967434025828188,LU
355,1936,2291,0.8450458315146224,0.011396011396011397,0.1069182389937107,LU
296,1705,2001,0.8520739630184908,-0.16619718309859155,-0.11931818181818182,LU
347,1775,2122,0.8364750235626767,0.17229729729729729,0.04105571847507331,LU
360,1510,1870,0.8074866310160428,0.037463976945244955,-0.14929577464788732,LU
285,1691,1976,0.8557692307692307,-0.20833333333333334,0.11986754966887417,LU
327,1519,1846,0.8228602383531961,0.14736842105263157,-0.1017149615612064,LU
319,1715,2034,0.8431661750245821,-0.024464831804281346,0.12903225806451613,LU
364,1745,2109,0.8274063537221432,0.14106583072100312,0.01749271137026239,LU
341,1348,1689,0.798105387803434,-0.06318681318681318,-0.22750716332378224,LU
324,1766,2090,0.8449760765550239,-0.04985337243401759,0.31008902077151335,LU
281,1609,1890,0.8513227513227514,-0.13271604938271606,-0.08890147225368063,LU
269,1668,1937,0.8611254517294786,-0.042704626334519574,0.036668738346799255,LU
396,1425,1821,0.7825370675453048,0.4721189591078067,-0.14568345323741008,LU
297,1622,1919,0.8452318916102136,-0.25,0.13824561403508773,LU
365,1586,1951,0.8129164531009738,0.22895622895622897,-0.02219482120838471,LU
324,1889,2213,0.8535924084952553,-0.11232876712328767,0.19104665825977302,LU
346,1438,1784,0.8060538116591929,0.06790123456790123,-0.23875066172578083,LU
339,3643,3982,0.9148669010547463,-0.02023121387283237,1.5333796940194715,LU
331,3630,3961,0.9164352436253471,-0.02359882005899705,-0.003568487510293714,LU
336,1256,1592,0.7889447236180904,0.015105740181268883,-0.6539944903581267,LU
338,3642,3980,0.9150753768844221,0.005952380952380952,1.8996815286624205,LU
383,3763,4146,0.907621804148577,0.13313609467455623,0.03322350356946733,LU
304,1506,1810,0.8320441988950277,-0.206266318537859,-0.5997874036672868,LU
433,1725,2158,0.79935125115848,0.4243421052631579,0.1454183266932271,LU
294,1776,2070,0.8579710144927536,-0.3210161662817552,0.029565217391304348,LU
305,3427,3732,0.9182743837084673,0.03741496598639456,0.9296171171171171,LU
298,3761,4059,0.9265829021926583,-0.022950819672131147,0.09746133644587103,LU
307,1842,2149,0.8571428571428571,0.030201342281879196,-0.5102366391917044,LU
293,1341,1634,0.8206854345165239,-0.04560260586319218,-0.2719869706840391,LU
352,1713,2065,0.8295399515738499,0.20136518771331058,0.27740492170022374,LU
390,1756,2146,0.8182665424044734,0.10795454545454546,0.025102159953298307,LU
355,1504,1859,0.8090371167294245,-0.08974358974358974,-0.14350797266514806,LU
319,1471,1790,0.8217877094972067,-0.10140845070422536,-0.021941489361702128,LU
317,1511,1828,0.8265864332603938,-0.006269592476489028,0.027192386131883073,LU
325,1505,1830,0.8224043715846995,0.025236593059936908,-0.003970880211780278,LU
312,1341,1653,0.8112522686025408,-0.04,-0.10897009966777409,LU
334,1728,2062,0.8380213385063046,0.07051282051282051,0.28859060402684567,LU
345,2082,2427,0.857849196538937,0.03293413173652695,0.2048611111111111,LU
308,1309,1617,0.8095238095238095,-0.1072463768115942,-0.3712776176753122,LU
305,1565,1870,0.8368983957219251,-0.00974025974025974,0.19556913674560733,LU
318,1663,1981,0.839475012619889,0.04262295081967213,0.06261980830670927,LU
372,1459,1831,0.7968323320589842,0.16981132075471697,-0.12266987372218882,LU
360,1597,1957,0.8160449667858968,-0.03225806451612903,0.09458533241946539,LU
320,1642,1962,0.836901121304791,-0.1111111111111111,0.028177833437695678,LU
290,1393,1683,0.827688651218063,-0.09375,-0.15164433617539586,LU
280,1571,1851,0.848730415991356,-0.034482758620689655,0.12778176597272076,LU
331,1407,1738,0.8095512082853855,0.18214285714285713,-0.10439210693825589,LU
307,1732,2039,0.8494359980382541,-0.07250755287009064,0.23098791755508175,LU
330,1688,2018,0.8364717542120912,0.0749185667752443,-0.025404157043879907,LU
292,1653,1945,0.8498714652956298,-0.11515151515151516,-0.020734597156398103,LU
279,1503,1782,0.8434343434343434,-0.04452054794520548,-0.09074410163339383,LU
278,1193,1471,0.8110129163834127,-0.0035842293906810036,-0.20625415834996674,LU
315,1250,1565,0.7987220447284346,0.13309352517985612,0.04777870913663034,LU
279,1664,1943,0.8564076170869789,-0.11428571428571428,0.3312,LU
294,1283,1577,0.813570069752695,0.053763440860215055,-0.22896634615384615,LU
357,1238,1595,0.7761755485893417,0.21428571428571427,-0.03507404520654715,LU
325,1386,1711,0.8100526008182349,-0.0896358543417367,0.11954765751211632,LU
324,1628,1952,0.8340163934426229,-0.003076923076923077,0.1746031746031746,LU
339,1434,1773,0.8087986463620981,0.046296296296296294,-0.11916461916461916,LU
310,1675,1985,0.8438287153652393,-0.0855457227138643,0.16806136680613668,LU
288,1816,2104,0.8631178707224335,-0.07096774193548387,0.08417910447761194,LU
302,1338,1640,0.8158536585365853,0.04861111111111111,-0.263215859030837,LU
335,1439,1774,0.8111612175873731,0.10927152317880795,0.07548579970104634,LU
379,1629,2008,0.8112549800796812,0.13134328358208955,0.1320361362056984,LU
320,1386,1706,0.8124267291910903,-0.15567282321899736,-0.14917127071823205,LU
323,1407,1730,0.8132947976878613,0.009375,0.015151515151515152,LU
329,1822,2151,0.8470478847047884,0.018575851393188854,0.294953802416489,LU
364,1584,1948,0.813141683778234,0.10638297872340426,-0.13062568605927552,LU
326,1422,1748,0.8135011441647597,-0.1043956043956044,-0.10227272727272728,LU
315,1640,1955,0.8388746803069054,-0.03374233128834356,0.15330520393811534,LU
279,1464,1743,0.8399311531841652,-0.11428571428571428,-0.1073170731707317,LU
273,1670,1943,0.8594956253216676,-0.021505376344086023,0.1407103825136612,LU
350,1370,1720,0.7965116279069767,0.28205128205128205,-0.17964071856287425,LU
273,1183,1456,0.8125,-0.22,-0.1364963503649635,LU
320,1447,1767,0.8189020939445387,0.17216117216117216,0.2231614539306847,LU
303,1483,1786,0.8303471444568868,-0.053125,0.0248790601243953,LU
298,1532,1830,0.8371584699453551,-0.0165016501650165,0.033041132838840186,LU
331,1407,1738,0.8095512082853855,0.11073825503355705,-0.08159268929503917,LU
291,1729,2020,0.8559405940594059,-0.12084592145015106,0.22885572139303484,LU
322,1595,1917,0.8320292123109024,0.10652920962199312,-0.07750144592249855,LU
321,1689,2010,0.8402985074626865,-0.003105590062111801,0.05893416927899686,LU
334,1765,2099,0.8408766079085279,0.040498442367601244,0.044997039668442866,LU
310,1466,1776,0.8254504504504504,-0.0718562874251497,-0.16940509915014165,LU
348,1723,2071,0.8319652341863834,0.12258064516129032,0.1753069577080491,LU
308,1414,1722,0.8211382113821138,-0.11494252873563218,-0.17933836331979106,LU
339,1343,1682,0.7984542211652794,0.10064935064935066,-0.05021216407355021,LU
316,1623,1939,0.8370293965961836,-0.06784660766961652,0.20848845867460908,LU
304,1627,1931,0.8425686172967375,-0.0379746835443038,0.0024645717806531116,LU
391,1479,1870,0.7909090909090909,0.28618421052631576,-0.09096496619545175,LU
346,1539,1885,0.8164456233421751,-0.11508951406649616,0.04056795131845842,LU
374,1525,1899,0.8030542390731964,0.08092485549132948,-0.009096816114359974,LU
413,1615,2028,0.7963510848126233,0.10427807486631016,0.05901639344262295,LU
368,1520,1888,0.8050847457627118,-0.1089588377723971,-0.058823529411764705,LU
339,1609,1948,0.8259753593429158,-0.07880434782608696,0.05855263157894737,LU
410,1492,1902,0.7844374342797056,0.20943952802359883,-0.07271597265382225,LU
395,1429,1824,0.7834429824561403,-0.036585365853658534,-0.04222520107238606,LU
372,1513,1885,0.8026525198938992,-0.05822784810126582,0.05878236529041288,LU
392,1631,2023,0.8062283737024222,0.053763440860215055,0.07799074686054197,LU
351,1507,1858,0.8110871905274488,-0.10459183673469388,-0.07602697731453097,LU
360,1501,1861,0.8065556152606126,0.02564102564102564,-0.003981420039814201,LU
343,1258,1601,0.7857589006870705,-0.04722222222222222,-0.16189207195203198,LU
351,1335,1686,0.791814946619217,0.023323615160349854,0.06120826709062003,LU
412,1674,2086,0.8024928092042186,0.1737891737891738,0.2539325842696629,LU
403,1713,2116,0.8095463137996219,-0.021844660194174758,0.023297491039426525,LU
355,1748,2103,0.8311935330480267,-0.11910669975186104,0.020431990659661413,LU
343,1205,1548,0.7784237726098191,-0.03380281690140845,-0.31064073226544625,LU
318,1437,1755,0.8188034188034188,-0.0728862973760933,0.19253112033195022,LU
287,1301,1588,0.8192695214105793,-0.09748427672955975,-0.09464161447459986,LU
400,1420,1820,0.7802197802197802,0.39372822299651566,0.09146810146041506,LU
308,1207,1515,0.7966996699669967,-0.23,-0.15,LU
336,1372,1708,0.8032786885245902,0.09090909090909091,0.13670256835128416,LU
317,1486,1803,0.8241819190238492,-0.05654761904761905,0.08309037900874636,LU
327,1480,1807,0.8190370780298838,0.031545741324921134,-0.004037685060565276,LU
309,1232,1541,0.799480856586632,-0.05504587155963303,-0.16756756756756758,LU
301,1381,1682,0.8210463733650416,-0.025889967637540454,0.12094155844155845,LU
287,1855,2142,0.8660130718954249,-0.046511627906976744,0.3432295438088342,LU
303,3216,3519,0.9138959931798807,0.05574912891986063,0.7336927223719677,LU
343,3614,3957,0.9133181703310589,0.132013201320132,0.12375621890547264,LU
424,3559,3983,0.8935475772031133,0.23615160349854228,-0.015218594355285003,LU
417,1803,2220,0.8121621621621622,-0.01650943396226415,-0.4933970216352908,LU
393,1342,1735,0.7734870317002882,-0.05755395683453238,-0.25568496949528563,LU
307,1479,1786,0.828107502799552,-0.21882951653944022,0.10208643815201192,LU
406,3517,3923,0.8965077746622483,0.32247557003257327,1.3779580797836375,LU
362,3467,3829,0.9054583442151998,-0.10837438423645321,-0.014216661927779357,LU
