995,1160,2155,0.5382830626450116,0,0,GR
1038,1425,2463,0.5785627283800243,0.04321608040201005,0.22844827586206898,GR
766,1336,2102,0.6355851569933397,-0.26204238921001927,-0.062456140350877196,GR
949,930,1879,0.494944119212347,0.23890339425587467,-0.30389221556886226,GR
1034,1161,2195,0.5289293849658314,0.08956796628029505,0.24838709677419354,GR
976,1160,2136,0.5430711610486891,-0.05609284332688588,-0.0008613264427217916,GR
1205,1010,2215,0.45598194130925507,0.2346311475409836,-0.12931034482758622,GR
952,1166,2118,0.550519357884797,-0.2099585062240664,0.15445544554455445,GR
1030,1104,2134,0.5173383317713215,0.0819327731092437,-0.05317324185248713,GR
1075,1093,2168,0.5041512915129152,0.043689320388349516,-0.009963768115942028,GR
989,999,1988,0.5025150905432596,-0.08,-0.08600182982616651,GR
1070,1020,2090,0.4880382775119617,0.08190091001011122,0.021021021021021023,GR
900,1055,1955,0.5396419437340153,-0.1588785046728972,0.03431372549019608,GR
969,1472,2441,0.6030315444489963,0.07666666666666666,0.395260663507109,GR
1283,1157,2440,0.47418032786885245,0.3240454076367389,-0.2139945652173913,GR
1065,1047,2112,0.49573863636363635,-0.16991426344505067,-0.09507346585998272,GR
1017,1206,2223,0.5425101214574899,-0.04507042253521127,0.1518624641833811,GR
1012,1417,2429,0.5833676410045286,-0.004916420845624385,0.17495854063018243,GR
987,1131,2118,0.5339943342776204,-0.024703557312252964,-0.2018348623853211,GR
1283,1157,2440,0.47418032786885245,0.2998986828774063,0.022988505747126436,GR
923,1325,2248,0.5894128113879004,-0.2805923616523772,0.14520311149524634,GR
909,1100,2009,0.547536087605774,-0.015167930660888408,-0.16981132075471697,GR
969,1097,2066,0.5309777347531461,0.066006600660066,-0.0027272727272727275,GR
991,1206,2197,0.5489303595812471,0.022703818369453045,0.09936189608021878,GR
956,1001,1957,0.5114971895758814,-0.035317860746720484,-0.16998341625207297,GR
930,1365,2295,0.5947712418300654,-0.027196652719665274,0.36363636363636365,GR
1074,1082,2156,0.5018552875695733,0.15483870967741936,-0.20732600732600734,GR
1297,1006,2303,0.4368215371254885,0.20763500931098697,-0.07024029574861368,GR
1050,1043,2093,0.4983277591973244,-0.19043947571318426,0.036779324055666,GR
1215,1247,2462,0.5064987814784728,0.15714285714285714,0.1955896452540748,GR
998,1287,2285,0.563238512035011,-0.17860082304526748,0.03207698476343224,GR
1020,1451,2471,0.5872116552003237,0.022044088176352707,0.12742812742812742,GR
1026,1092,2118,0.5155807365439093,0.0058823529411764705,-0.2474155754651964,GR
944,1198,2142,0.5592903828197946,-0.07992202729044834,0.09706959706959707,GR
998,1287,2285,0.563238512035011,0.057203389830508475,0.07429048414023372,GR
1215,1247,2462,0.5064987814784728,0.21743486973947895,-0.03108003108003108,GR
961,1050,2011,0.522128294380905,-0.20905349794238684,-0.15797914995990378,GR
1032,1134,2166,0.5235457063711911,0.07388137356919876,0.08,GR
1021,1322,2343,0.5642338881775502,-0.01065891472868217,0.1657848324514991,GR
1080,1270,2350,0.5404255319148936,0.05778648383937316,-0.039334341906202726,GR
1078,1233,2311,0.5335352661185634,-0.001851851851851852,-0.029133858267716535,GR
983,1345,2328,0.5777491408934707,-0.08812615955473098,0.0908353609083536,GR
1006,1016,2022,0.5024727992087042,0.023397761953204477,-0.24460966542750928,GR
1007,1187,2194,0.54102096627165,0.0009940357852882703,0.16830708661417323,GR
1016,715,1731,0.41305603697284804,0.00893743793445879,-0.3976411120471778,GR
1040,708,1748,0.40503432494279173,0.023622047244094488,-0.009790209790209791,GR
1079,707,1786,0.39585666293393057,0.0375,-0.0014124293785310734,GR
1037,619,1656,0.37379227053140096,-0.03892493049119555,-0.12446958981612447,GR
985,601,1586,0.37894073139974777,-0.05014464802314368,-0.029079159935379646,GR
1071,597,1668,0.3579136690647482,0.08730964467005076,-0.0066555740432612314,GR
1250,654,1904,0.3434873949579832,0.16713352007469653,0.09547738693467336,GR
1074,1174,2248,0.5222419928825622,-0.1408,0.7951070336391437,GR
1022,1213,2235,0.5427293064876958,-0.048417132216014895,0.03321976149914821,GR
951,1113,2064,0.5392441860465116,-0.06947162426614481,-0.08244023083264633,GR
1127,1207,2334,0.5171379605826907,0.18506834910620398,0.08445642407906559,GR
1019,1000,2019,0.4952947003467063,-0.09582963620230701,-0.17149958574979288,GR
919,1491,2410,0.6186721991701245,-0.09813542688910697,0.491,GR
1108,1297,2405,0.5392931392931393,0.20565832426550598,-0.1301140174379611,GR
1021,1410,2431,0.5800082270670506,-0.07851985559566788,0.08712413261372398,GR
1037,979,2016,0.48561507936507936,0.015670910871694418,-0.3056737588652482,GR
1010,1041,2051,0.507557289127255,-0.026036644165863067,0.06332992849846783,GR
1014,1144,2158,0.5301204819277109,0.0039603960396039604,0.0989433237271854,GR
931,1477,2408,0.6133720930232558,-0.08185404339250493,0.2910839160839161,GR
958,1225,2183,0.5611543747136968,0.02900107411385607,-0.17061611374407584,GR
947,1257,2204,0.5703266787658802,-0.011482254697286013,0.026122448979591838,GR
972,1175,2147,0.5472752678155566,0.026399155227032733,-0.06523468575974542,GR
979,1116,2095,0.5326968973747017,0.00720164609053498,-0.05021276595744681,GR
867,993,1860,0.5338709677419354,-0.11440245148110317,-0.11021505376344086,GR
938,1159,2097,0.5526943252265141,0.08189158016147635,0.16717019133937563,GR
968,1172,2140,0.5476635514018692,0.031982942430703626,0.011216566005176877,GR
1274,1534,2808,0.5462962962962963,0.31611570247933884,0.30887372013651876,GR
1304,1215,2519,0.48233425962683607,0.023547880690737835,-0.20795306388526727,GR
1119,1136,2255,0.503769401330377,-0.1418711656441718,-0.06502057613168724,GR
1042,1263,2305,0.547939262472885,-0.06881143878462913,0.11179577464788733,GR
1072,946,2018,0.46878097125867196,0.028790786948176585,-0.2509897070467142,GR
965,1370,2335,0.5867237687366167,-0.09981343283582089,0.44820295983086683,GR
925,1303,2228,0.5848294434470377,-0.04145077720207254,-0.04890510948905109,GR
953,1016,1969,0.515997968511935,0.03027027027027027,-0.2202609363008442,GR
1060,1086,2146,0.5060577819198508,0.11227701993704092,0.0688976377952756,GR
965,1019,1984,0.5136088709677419,-0.08962264150943396,-0.061694290976058934,GR
1018,1286,2304,0.5581597222222222,0.054922279792746116,0.2620215897939156,GR
1158,1403,2561,0.5478328777821163,0.137524557956778,0.09097978227060653,GR
925,1303,2228,0.5848294434470377,-0.20120898100172713,-0.07127583749109052,GR
1007,1076,2083,0.5165626500240038,0.08864864864864865,-0.17421335379892555,GR
937,1258,2195,0.5731207289293849,-0.06951340615690169,0.1691449814126394,GR
909,1062,1971,0.5388127853881278,-0.029882604055496264,-0.15580286168521462,GR
1079,1002,2081,0.4814992791926958,0.18701870187018702,-0.05649717514124294,GR
971,1335,2306,0.5789245446660884,-0.10009267840593142,0.3323353293413174,GR
976,1266,2242,0.5646743978590544,0.005149330587023687,-0.051685393258426963,GR
1048,1136,2184,0.5201465201465202,0.07377049180327869,-0.10268562401263823,GR
992,1030,2022,0.5093966369930761,-0.05343511450381679,-0.09330985915492958,GR
973,1409,2382,0.59151973131822,-0.019153225806451613,0.3679611650485437,GR
1011,1518,2529,0.6002372479240806,0.03905447070914697,0.0773598296664301,GR
960,1076,2036,0.5284872298624754,-0.050445103857566766,-0.29117259552042163,GR
957,1213,2170,0.5589861751152074,-0.003125,0.12732342007434944,GR
1033,1228,2261,0.5431225121627599,0.0794148380355277,0.01236603462489695,GR
945,1070,2015,0.5310173697270472,-0.08518877057115198,-0.12866449511400652,GR
1039,1164,2203,0.5283704039945529,0.09947089947089947,0.08785046728971962,GR
1056,1481,2537,0.5837603468663776,0.016361886429258902,0.27233676975945015,GR
945,1070,2015,0.5310173697270472,-0.10511363636363637,-0.2775151924375422,GR
1037,1129,2166,0.5212373037857803,0.09735449735449736,0.05514018691588785,GR
1214,1479,2693,0.5492016338655774,0.17068466730954676,0.3100088573959256,GR
977,1016,1993,0.5097842448569995,-0.19522240527182866,-0.31304935767410413,GR
995,1352,2347,0.576054537707712,0.01842374616171955,0.33070866141732286,GR
977,1256,2233,0.5624720107478728,-0.018090452261306532,-0.07100591715976332,GR
964,1291,2255,0.5725055432372506,-0.01330603889457523,0.02786624203821656,GR
1177,1082,2259,0.47897299690128375,0.22095435684647302,-0.16189000774593337,GR
1139,1267,2406,0.5266001662510391,-0.03228547153780799,0.1709796672828096,GR
1070,1180,2250,0.5244444444444445,-0.06057945566286216,-0.06866614048934491,GR
1028,1256,2284,0.5499124343257443,-0.03925233644859813,0.06440677966101695,GR
978,1165,2143,0.5436304246383574,-0.048638132295719845,-0.07245222929936306,GR
1046,1257,2303,0.5458098132870169,0.06952965235173825,0.07896995708154507,GR
1007,1050,2057,0.5104521147301896,-0.0372848948374761,-0.16467780429594273,GR
1026,1111,2137,0.5198876930276088,0.018867924528301886,0.058095238095238096,GR
1036,1202,2238,0.5370866845397676,0.009746588693957114,0.0819081908190819,GR
1043,1125,2168,0.5189114391143912,0.006756756756756757,-0.06405990016638935,GR
848,1082,1930,0.5606217616580311,-0.186960690316395,-0.03822222222222222,GR
1083,1435,2518,0.5698967434471803,0.27712264150943394,0.32624768946395566,GR
955,1192,2147,0.5551932929669307,-0.11819021237303785,-0.16933797909407666,GR
933,1173,2106,0.5569800569800569,-0.023036649214659685,-0.015939597315436243,GR
1037,1115,2152,0.5181226765799256,0.11146838156484459,-0.0494458653026428,GR
1010,1171,2181,0.5369096744612563,-0.026036644165863067,0.05022421524663677,GR
1069,909,1978,0.4595551061678463,0.05841584158415842,-0.2237403928266439,GR
959,740,1699,0.4355503237198352,-0.1028999064546305,-0.1859185918591859,GR
925,1090,2015,0.5409429280397022,-0.035453597497393116,0.47297297297297297,GR
1041,1191,2232,0.5336021505376344,0.1254054054054054,0.0926605504587156,GR
1009,1432,2441,0.5866448176976649,-0.03073967339097022,0.20235096557514692,GR
928,1456,2384,0.610738255033557,-0.0802775024777007,0.01675977653631285,GR
987,1186,2173,0.5457892314772205,0.06357758620689655,-0.18543956043956045,GR
1119,1303,2422,0.5379851362510322,0.1337386018237082,0.09865092748735245,GR
928,1261,2189,0.5760621288259479,-0.17068811438784628,-0.03223330775134305,GR
1016,973,1989,0.4891905480140774,0.09482758620689655,-0.22839016653449642,GR
1106,1073,2179,0.4924277191372189,0.08858267716535433,0.10277492291880781,GR
979,1409,2388,0.5900335008375209,-0.11482820976491863,0.3131407269338304,GR
1027,1058,2085,0.5074340527577937,0.049029622063329927,-0.24911284599006386,GR
1057,1148,2205,0.5206349206349207,0.029211295034079845,0.08506616257088846,GR
1046,1496,2542,0.5885129819040126,-0.010406811731315043,0.30313588850174217,GR
1250,1227,2477,0.49535728704077514,0.1950286806883365,-0.17981283422459893,GR
977,1027,2004,0.5124750499001997,-0.2184,-0.16299918500407498,GR
984,1330,2314,0.57476231633535,0.007164790174002047,0.29503407984420643,GR
960,1103,2063,0.534658264663112,-0.024390243902439025,-0.17067669172932332,GR
1180,1188,2368,0.5016891891891891,0.22916666666666666,0.0770625566636446,GR
1119,1147,2266,0.5061782877316858,-0.051694915254237285,-0.034511784511784514,GR
1079,1159,2238,0.5178731009830205,-0.035746201966041107,0.010462074978204011,GR
1031,1314,2345,0.5603411513859275,-0.04448563484708063,0.13373597929249353,GR
1010,1241,2251,0.5513105286539316,-0.020368574199806012,-0.05555555555555555,GR
1000,1056,2056,0.5136186770428015,-0.009900990099009901,-0.14907332796132153,GR
1307,1220,2527,0.482785912148793,0.307,0.1553030303030303,GR
1003,1537,2540,0.6051181102362204,-0.2325937260902831,0.2598360655737705,GR
1243,1239,2482,0.4991941982272361,0.23928215353938184,-0.19388418998048146,GR
951,1273,2224,0.5723920863309353,-0.23491552695092519,0.02744148506860371,GR
994,1240,2234,0.5550581915846016,0.0452155625657203,-0.025923016496465043,GR
1031,1314,2345,0.5603411513859275,0.03722334004024145,0.05967741935483871,GR
980,1201,2181,0.5506648326455754,-0.049466537342386034,-0.08599695585996955,GR
892,1179,2071,0.5692901979719942,-0.08979591836734693,-0.018318068276436304,GR
1063,1276,2339,0.5455322787516033,0.19170403587443946,0.08227311280746395,GR
1060,1183,2243,0.5274186357556844,-0.0028222013170272815,-0.07288401253918496,GR
944,1151,2095,0.5494033412887828,-0.10943396226415095,-0.027049873203719356,GR
950,1250,2200,0.5681818181818182,0.006355932203389831,0.08601216333622937,GR
975,1038,2013,0.5156482861400894,0.02631578947368421,-0.1696,GR
1010,1129,2139,0.5278167367928939,0.035897435897435895,0.08766859344894026,GR
986,1482,2468,0.600486223662885,-0.023762376237623763,0.312666076173605,GR
999,1166,2165,0.538568129330254,0.013184584178498986,-0.21322537112010798,GR
938,1338,2276,0.5878734622144113,-0.06106106106106106,0.14751286449399656,GR
989,1147,2136,0.5369850187265918,0.054371002132196165,-0.14275037369207771,GR
1079,1078,2157,0.4997681965693092,0.0910010111223458,-0.06015693112467306,GR
934,1220,2154,0.5663881151346333,-0.13438368860055608,0.13172541743970315,GR
1386,1423,2809,0.5065859736561054,0.48394004282655245,0.16639344262295083,GR
1081,1344,2425,0.5542268041237114,-0.22005772005772006,-0.05551651440618412,GR
907,1475,2382,0.6192275398824517,-0.16096207215541167,0.0974702380952381,GR
1016,1104,2120,0.5207547169811321,0.12017640573318633,-0.25152542372881354,GR
993,1250,2243,0.5572893446277307,-0.022637795275590553,0.1322463768115942,GR
1012,1496,2508,0.5964912280701754,0.019133937562940583,0.1968,GR
964,1311,2275,0.5762637362637363,-0.04743083003952569,-0.12366310160427807,GR
996,1312,2308,0.5684575389948007,0.03319502074688797,0.0007627765064836003,GR
978,1158,2136,0.5421348314606742,-0.018072289156626505,-0.1173780487804878,GR
989,1290,2279,0.5660377358490566,0.011247443762781187,0.11398963730569948,GR
928,1168,2096,0.5572519083969466,-0.06167846309403438,-0.09457364341085271,GR
1011,1167,2178,0.5358126721763086,0.0894396551724138,-0.0008561643835616438,GR
1261,1015,2276,0.44595782073813706,0.24727992087042533,-0.13024850042844902,GR
1065,699,1764,0.39625850340136054,-0.15543219666931007,-0.31133004926108376,GR
1047,672,1719,0.39092495636998253,-0.016901408450704224,-0.03862660944206009,GR
1109,977,2086,0.46836049856184087,0.05921680993314231,0.4538690476190476,GR
1025,649,1674,0.3876941457586619,-0.0757439134355275,-0.33572159672466734,GR
987,768,1755,0.4376068376068376,-0.037073170731707315,0.18335901386748846,GR
1034,1078,2112,0.5104166666666666,0.047619047619047616,0.4036458333333333,GR
947,881,1828,0.48194748358862144,-0.08413926499032882,-0.18274582560296845,GR
981,1480,2461,0.6013815522145469,0.03590285110876452,0.6799091940976163,GR
1003,1192,2195,0.5430523917995445,0.022426095820591234,-0.1945945945945946,GR
1078,1169,2247,0.5202492211838006,0.07477567298105683,-0.01929530201342282,GR
979,1140,2119,0.5379896177442189,-0.09183673469387756,-0.02480752780153978,GR
949,1332,2281,0.5839544059622972,-0.030643513789581207,0.16842105263157894,GR
1044,686,1730,0.3965317919075145,0.10010537407797682,-0.484984984984985,GR
1133,751,1884,0.398619957537155,0.08524904214559387,0.09475218658892129,GR
1088,1274,2362,0.5393734123624048,-0.03971756398940865,0.6964047936085219,GR
1145,825,1970,0.41878172588832485,0.05238970588235294,-0.35243328100470955,GR
1118,1222,2340,0.5222222222222223,-0.023580786026200874,0.4812121212121212,GR
1043,1018,2061,0.49393498301795247,-0.06708407871198568,-0.16693944353518822,GR
980,1355,2335,0.5802997858672377,-0.06040268456375839,0.33104125736738704,GR
943,7153,8096,0.8835227272727273,-0.03775510204081633,4.278966789667897,GR
1288,1253,2541,0.4931129476584022,0.36585365853658536,-0.8248287431846778,GR
1049,850,1899,0.4476040021063718,-0.18555900621118013,-0.3216280925778133,GR
1250,676,1926,0.3509865005192108,0.19161105815061963,-0.20470588235294118,GR
1049,850,1899,0.4476040021063718,-0.1608,0.257396449704142,GR
944,853,1797,0.4746800222593211,-0.10009532888465204,0.0035294117647058825,GR
978,1062,2040,0.5205882352941177,0.036016949152542374,0.24501758499413834,GR
1129,1276,2405,0.5305613305613306,0.15439672801635992,0.2015065913370998,GR
978,1359,2337,0.5815147625160462,-0.1337466784765279,0.06504702194357367,GR
1012,1107,2119,0.5224162340726758,0.034764826175869123,-0.18543046357615894,GR
1042,1179,2221,0.5308419630796938,0.029644268774703556,0.06504065040650407,GR
1161,1158,2319,0.49935316946959896,0.11420345489443379,-0.017811704834605598,GR
1007,1111,2118,0.5245514636449481,-0.1326442721791559,-0.04058721934369603,GR
969,1286,2255,0.5702882483370288,-0.03773584905660377,0.15751575157515751,GR
1047,1207,2254,0.5354924578527063,0.0804953560371517,-0.061430793157076204,GR
1050,1342,2392,0.5610367892976589,0.0028653295128939827,0.11184755592377796,GR
1206,1137,2343,0.4852752880921895,0.14857142857142858,-0.1527570789865872,GR
975,1228,2203,0.5574216976849751,-0.19154228855721392,0.08003518029903255,GR
1044,1257,2301,0.546284224250326,0.07076923076923076,0.023615635179153095,GR
1115,1497,2612,0.5731240428790199,0.06800766283524905,0.1909307875894988,GR
990,1253,2243,0.5586268390548372,-0.11210762331838565,-0.1629926519706079,GR
1069,825,1894,0.4355860612460401,0.0797979797979798,-0.3415802075019952,GR
1042,801,1843,0.4346174715138361,-0.025257249766136577,-0.02909090909090909,GR
1057,1245,2302,0.5408340573414422,0.014395393474088292,0.5543071161048689,GR
969,1068,2037,0.524300441826215,-0.08325449385052035,-0.14216867469879518,GR
989,1264,2253,0.5610297381269419,0.02063983488132095,0.18352059925093633,GR
1006,1234,2240,0.5508928571428572,0.017189079878665317,-0.023734177215189875,GR
1046,702,1748,0.40160183066361554,0.039761431411530816,-0.43111831442463533,GR
1038,1374,2412,0.5696517412935324,-0.0076481835564053535,0.9572649572649573,GR
1038,1304,2342,0.5567890691716482,0.0,-0.050946142649199416,GR
998,1156,2154,0.5366759517177344,-0.038535645472061654,-0.11349693251533742,GR
1024,1442,2466,0.5847526358475263,0.026052104208416832,0.24740484429065743,GR
1034,1065,2099,0.5073844687946641,0.009765625,-0.26144244105409153,GR
1109,784,1893,0.41415742208135237,0.0725338491295938,-0.26384976525821596,GR
1101,1220,2321,0.5256355019388195,-0.007213706041478809,0.5561224489795918,GR
1058,1247,2305,0.540997830802603,-0.03905540417801998,0.022131147540983605,GR
1142,1260,2402,0.5245628642797668,0.07939508506616257,0.010425020048115477,GR
1185,795,1980,0.4015151515151515,0.03765323992994746,-0.36904761904761907,GR
1064,1278,2342,0.5456874466268147,-0.1021097046413502,0.6075471698113207,GR
1046,1265,2311,0.547382085677196,-0.016917293233082706,-0.010172143974960876,GR
1051,1162,2213,0.5250790781744239,0.004780114722753346,-0.08142292490118577,GR
1061,708,1769,0.40022611644997175,0.009514747859181731,-0.39070567986230637,GR
975,779,1754,0.44412770809578106,-0.08105560791705937,0.10028248587570622,GR
1239,1037,2276,0.45562390158172233,0.27076923076923076,0.33119383825417203,GR
1119,1280,2399,0.5335556481867445,-0.09685230024213075,0.2343297974927676,GR
1039,849,1888,0.4496822033898305,-0.07149240393208221,-0.33671875,GR
1074,1069,2143,0.49883341110592627,0.03368623676612127,0.2591283863368669,GR
1071,838,1909,0.4389732844421163,-0.002793296089385475,-0.21608980355472404,GR
1028,1435,2463,0.5826228177019894,-0.040149393090569564,0.7124105011933174,GR
1000,1103,2103,0.524488825487399,-0.027237354085603113,-0.2313588850174216,GR
1058,1217,2275,0.534945054945055,0.058,0.10335448776065277,GR
1268,4313,5581,0.7728005733739474,0.19848771266540643,2.543960558751027,GR
1140,1040,2180,0.47706422018348627,-0.10094637223974763,-0.7588685369812196,GR
1040,1006,2046,0.4916911045943304,-0.08771929824561403,-0.032692307692307694,GR
1134,1496,2630,0.5688212927756654,0.09038461538461538,0.4870775347912525,GR
965,819,1784,0.45908071748878926,-0.1490299823633157,-0.45254010695187163,GR
1017,1107,2124,0.5211864406779662,0.0538860103626943,0.3516483516483517,GR
1078,796,1874,0.4247598719316969,0.0599803343166175,-0.2809394760614273,GR
1040,988,2028,0.48717948717948717,-0.03525046382189239,0.24120603015075376,GR
1038,1005,2043,0.4919236417033774,-0.0019230769230769232,0.01720647773279352,GR
1021,1387,2408,0.5759966777408638,-0.016377649325626204,0.3800995024875622,GR
1237,1137,2374,0.47893850042123,0.21155729676787463,-0.1802451333813987,GR
1029,1155,2184,0.5288461538461539,-0.16814874696847212,0.0158311345646438,GR
980,1041,2021,0.5150915388421573,-0.047619047619047616,-0.0987012987012987,GR
1014,1254,2268,0.5529100529100529,0.03469387755102041,0.20461095100864554,GR
1048,1245,2293,0.5429568251199303,0.03353057199211045,-0.007177033492822967,GR
1056,1096,2152,0.5092936802973977,0.007633587786259542,-0.11967871485943775,GR
950,1298,2248,0.5774021352313167,-0.10037878787878787,0.1843065693430657,GR
1046,7073,8119,0.8711663998029314,0.10105263157894737,4.4491525423728815,GR
980,1355,2335,0.5802997858672377,-0.06309751434034416,-0.8084264102926623,GR
1048,1419,2467,0.5751925415484394,0.06938775510204082,0.047232472324723246,GR
1023,1074,2097,0.5121602288984263,-0.02385496183206107,-0.24312896405919662,GR
994,1044,2038,0.5122669283611384,-0.028347996089931573,-0.027932960893854747,GR
991,1075,2066,0.5203291384317522,-0.0030181086519114686,0.029693486590038315,GR
966,1393,2359,0.5905044510385756,-0.025227043390514632,0.2958139534883721,GR
1010,1097,2107,0.5206454674893213,0.045548654244306416,-0.21249102656137833,GR
1014,1293,2307,0.5604681404421327,0.0039603960396039604,0.17866909753874202,GR
1028,1281,2309,0.5547856214811607,0.013806706114398421,-0.009280742459396751,GR
956,1280,2236,0.5724508050089445,-0.07003891050583658,-0.00078064012490242,GR
1031,1220,2251,0.541981341625944,0.07845188284518828,-0.046875,GR
1010,1097,2107,0.5206454674893213,-0.020368574199806012,-0.10081967213114754,GR
1137,1153,2290,0.5034934497816594,0,0,DE
1264,1228,2492,0.492776886035313,0.11169744942832015,0.06504770164787511,DE
1148,1072,2220,0.4828828828828829,-0.09177215189873418,-0.1270358306188925,DE
1128,1121,2249,0.49844375277901287,-0.017421602787456445,0.0457089552238806,DE
1393,1011,2404,0.42054908485856907,0.2349290780141844,-0.09812667261373774,DE
1198,1068,2266,0.471315092674316,-0.1399856424982053,0.05637982195845697,DE
1176,1081,2257,0.4789543642002658,-0.018363939899833055,0.012172284644194757,DE
1148,1907,3055,0.6242225859247136,-0.023809523809523808,0.7641073080481036,DE
1118,1566,2684,0.5834575260804769,-0.02613240418118467,-0.17881489250131097,DE
1347,1845,3192,0.5780075187969925,0.20483005366726298,0.1781609195402299,DE
1445,1734,3179,0.5454545454545454,0.07275426874536006,-0.06016260162601626,DE
1271,860,2131,0.40356640075082123,-0.12041522491349481,-0.5040369088811996,DE
1310,1127,2437,0.4624538366844481,0.03068450039339103,0.31046511627906975,DE
1368,834,2202,0.3787465940054496,0.044274809160305344,-0.25998225377107365,DE
1347,1845,3192,0.5780075187969925,-0.015350877192982455,1.2122302158273381,DE
1111,995,2106,0.4724596391263058,-0.17520415738678544,-0.46070460704607047,DE
1278,1056,2334,0.4524421593830334,0.15031503150315031,0.061306532663316586,DE
1297,1161,2458,0.4723352318958503,0.01486697965571205,0.09943181818181818,DE
1249,1762,3011,0.5851876453005646,-0.03700848111025443,0.5176571920757967,DE
1271,1408,2679,0.5255692422545726,0.017614091273018415,-0.20090805902383654,DE
1331,1841,3172,0.580390920554855,0.04720692368214005,0.3075284090909091,DE
1273,1732,3005,0.5763727121464226,-0.04357625845229151,-0.059206952743074415,DE
1249,1762,3011,0.5851876453005646,-0.018853102906520033,0.017321016166281754,DE
1072,1795,2867,0.6260899895361004,-0.14171337069655723,0.01872871736662883,DE
1164,1327,2491,0.5327177840224809,0.08582089552238806,-0.2607242339832869,DE
1211,1983,3194,0.6208515967438948,0.040378006872852236,0.49434815373021856,DE
1272,1674,2946,0.5682281059063137,0.05037159372419488,-0.15582450832072617,DE
1239,1914,3153,0.6070409134157945,-0.025943396226415096,0.14336917562724014,DE
1317,1637,2954,0.55416384563304,0.06295399515738499,-0.14472309299895506,DE
1409,1980,3389,0.5842431395691945,0.06985573272589218,0.209529627367135,DE
1274,2074,3348,0.6194743130227002,-0.09581263307310149,0.047474747474747475,DE
1272,1674,2946,0.5682281059063137,-0.0015698587127158557,-0.19286403085824494,DE
1338,1729,3067,0.563743071405282,0.05188679245283019,0.032855436081242535,DE
1340,1382,2722,0.5077149155033064,0.0014947683109118087,-0.20069404279930594,DE
1312,1311,2623,0.49980937857415175,-0.020895522388059702,-0.05137481910274964,DE
1203,2067,3270,0.6321100917431193,-0.08307926829268293,0.5766590389016019,DE
1244,2049,3293,0.6222289705435773,0.03408146300914381,-0.008708272859216255,DE
1152,1997,3149,0.6341695776436964,-0.07395498392282958,-0.02537823328452904,DE
1166,1497,2663,0.5621479534359745,0.012152777777777778,-0.25037556334501754,DE
1144,2151,3295,0.6528072837632777,-0.018867924528301886,0.43687374749499,DE
1334,1674,3008,0.5565159574468085,0.1660839160839161,-0.2217573221757322,DE
1165,1765,2930,0.6023890784982935,-0.12668665667166418,0.05436081242532855,DE
1285,1885,3170,0.5946372239747634,0.10300429184549356,0.0679886685552408,DE
1218,1815,3033,0.5984174085064293,-0.052140077821011675,-0.03713527851458886,DE
1334,1674,3008,0.5565159574468085,0.09523809523809523,-0.07768595041322314,DE
1314,1588,2902,0.5472088215024121,-0.014992503748125937,-0.05137395459976105,DE
1153,1442,2595,0.5556840077071291,-0.12252663622526636,-0.09193954659949623,DE
1135,974,2109,0.4618302513039355,-0.015611448395490026,-0.3245492371705964,DE
1145,1320,2465,0.5354969574036511,0.00881057268722467,0.35523613963039014,DE
1207,1773,2980,0.5949664429530201,0.05414847161572053,0.3431818181818182,DE
1239,1731,2970,0.5828282828282828,0.026512013256006627,-0.023688663282571912,DE
1314,1361,2675,0.508785046728972,0.06053268765133172,-0.21374927787406123,DE
1099,1642,2741,0.5990514410798978,-0.16362252663622526,0.2064658339456282,DE
1314,1588,2902,0.5472088215024121,0.19563239308462238,-0.03288672350791717,DE
1430,976,2406,0.4056525353283458,0.0882800608828006,-0.3853904282115869,DE
1184,1163,2347,0.49552620366425226,-0.17202797202797201,0.1915983606557377,DE
1425,1114,2539,0.43875541551792047,0.20354729729729729,-0.04213241616509028,DE
1369,953,2322,0.41042204995693365,-0.03929824561403509,-0.144524236983842,DE
1363,1138,2501,0.45501799280287886,-0.004382761139517896,0.19412381951731375,DE
1029,1111,2140,0.5191588785046729,-0.2450476889214967,-0.023725834797891036,DE
1103,1167,2270,0.5140969162995594,0.07191448007774538,0.050405040504050404,DE
1227,1502,2729,0.5503847563209967,0.11242067089755213,0.2870608397600686,DE
1148,1088,2236,0.4865831842576029,-0.06438467807660962,-0.2756324900133156,DE
1208,1879,3087,0.6086815678652413,0.05226480836236934,0.7270220588235294,DE
873,1884,2757,0.6833514689880305,-0.277317880794702,0.0026609898882384245,DE
1304,1246,2550,0.4886274509803922,0.4936998854524628,-0.3386411889596603,DE
1254,1804,3058,0.5899280575539568,-0.03834355828220859,0.4478330658105939,DE
1123,1003,2126,0.4717779868297272,-0.10446570972886762,-0.44401330376940135,DE
1320,1441,2761,0.5219123505976095,0.17542297417631345,0.43668993020937186,DE
1099,1374,2473,0.5556004852405985,-0.16742424242424242,-0.046495489243580844,DE
1131,989,2120,0.46650943396226413,0.029117379435850774,-0.2802037845705968,DE
1290,1456,2746,0.5302257829570284,0.14058355437665782,0.47219413549039435,DE
1328,1904,3232,0.5891089108910891,0.02945736434108527,0.3076923076923077,DE
1554,1201,2755,0.435934664246824,0.17018072289156627,-0.3692226890756303,DE
1279,2025,3304,0.6128934624697336,-0.17696267696267695,0.6860949208992506,DE
1148,1872,3020,0.6198675496688741,-0.10242376856919469,-0.07555555555555556,DE
1173,1744,2917,0.5978745286253,0.02177700348432056,-0.06837606837606838,DE
1282,1520,2802,0.5424696645253391,0.09292412617220801,-0.12844036697247707,DE
1209,906,2115,0.42836879432624114,-0.05694227769110764,-0.4039473684210526,DE
1298,1685,2983,0.5648675829701643,0.07361455748552523,0.8598233995584988,DE
1181,1852,3033,0.6106165512693703,-0.0901386748844376,0.09910979228486647,DE
1250,2058,3308,0.6221281741233373,0.05842506350550381,0.11123110151187905,DE
1448,1844,3292,0.560145808019441,0.1584,-0.10398445092322643,DE
1298,1287,2585,0.4978723404255319,-0.10359116022099447,-0.302060737527115,DE
1254,1872,3126,0.5988483685220729,-0.03389830508474576,0.45454545454545453,DE
1157,1603,2760,0.5807971014492753,-0.0773524720893142,-0.14369658119658119,DE
1244,1489,2733,0.5448225393340651,0.07519446845289542,-0.07111665626949469,DE
1242,2029,3271,0.620299602568022,-0.001607717041800643,0.36265950302216254,DE
1201,1661,2862,0.5803633822501747,-0.033011272141706925,-0.18137013307047806,DE
1173,1487,2660,0.5590225563909774,-0.02331390507910075,-0.10475617098133655,DE
1306,1940,3246,0.5976586568083796,0.113384484228474,0.304640215198386,DE
1249,1760,3009,0.5849119308740446,-0.043644716692189896,-0.09278350515463918,DE
1264,1450,2714,0.5342667649226235,0.01200960768614892,-0.17613636363636365,DE
1109,1366,2475,0.5519191919191919,-0.12262658227848101,-0.057931034482758624,DE
1180,1107,2287,0.48404022737210317,0.06402164111812443,-0.18960468521229867,DE
1332,1149,2481,0.46311970979443773,0.1288135593220339,0.037940379403794036,DE
1287,1426,2713,0.525617397714707,-0.033783783783783786,0.2410791993037424,DE
1043,1418,2461,0.576188541243397,-0.1895881895881896,-0.005610098176718092,DE
1174,1071,2245,0.47706013363028954,0.12559923298178333,-0.2447108603667137,DE
1083,1118,2201,0.5079509313948205,-0.07751277683134583,0.04388422035480859,DE
1160,1033,2193,0.47104423164614684,0.07109879963065559,-0.07602862254025045,DE
1126,876,2002,0.43756243756243757,-0.029310344827586206,-0.15198451113262343,DE
1257,899,2156,0.41697588126159557,0.11634103019538189,0.026255707762557076,DE
1360,989,2349,0.4210302256279268,0.08194112967382657,0.10011123470522804,DE
1375,1850,3225,0.5736434108527132,0.011029411764705883,0.8705763397371082,DE
1153,2152,3305,0.6511346444780636,-0.16145454545454546,0.16324324324324324,DE
1500,2756,4256,0.6475563909774437,0.30095403295750217,0.28066914498141265,DE
1199,1853,3052,0.6071428571428571,-0.20066666666666666,-0.3276487663280116,DE
1083,1118,2201,0.5079509313948205,-0.09674728940783987,-0.3966540744738262,DE
1162,1878,3040,0.6177631578947368,0.0729455216989843,0.6797853309481217,DE
1222,1999,3221,0.6206147159267308,0.05163511187607573,0.06443024494142705,DE
1226,1655,2881,0.5744533148212426,0.0032733224222585926,-0.17208604302151076,DE
1249,1587,2836,0.5595909732016925,0.018760195758564437,-0.04108761329305136,DE
1601,1634,3235,0.5051004636785162,0.28182546036829464,0.029615626969124134,DE
1195,1776,2971,0.5977785257489061,-0.2535915053091818,0.08690330477356181,DE
1187,1697,2884,0.5884188626907073,-0.0066945606694560665,-0.04448198198198198,DE
1154,1318,2472,0.5331715210355987,-0.02780117944397641,-0.22333529758397172,DE
1306,1944,3250,0.5981538461538461,0.1317157712305026,0.47496206373292865,DE
1210,1614,2824,0.5715297450424929,-0.07350689127105667,-0.1697530864197531,DE
1299,1992,3291,0.6052871467639015,0.07355371900826446,0.2342007434944238,DE
1252,1696,2948,0.5753052917232022,-0.036181678214010776,-0.14859437751004015,DE
1230,1474,2704,0.5451183431952663,-0.01757188498402556,-0.13089622641509435,DE
1080,1489,2569,0.5796029583495523,-0.12195121951219512,0.0101763907734057,DE
1223,1558,2781,0.560230133045667,0.13240740740740742,0.04633982538616521,DE
1072,1463,2535,0.5771203155818541,-0.12346688470973018,-0.06097560975609756,DE
1305,1862,3167,0.5879381117777076,0.21735074626865672,0.2727272727272727,DE
1245,1601,2846,0.5625439212930429,-0.04597701149425287,-0.140171858216971,DE
1129,1471,2600,0.5657692307692308,-0.09317269076305221,-0.08119925046845722,DE
1252,1696,2948,0.5753052917232022,0.10894596988485385,0.15295717199184228,DE
1246,1609,2855,0.5635726795096322,-0.004792332268370607,-0.05129716981132076,DE
1198,1792,2990,0.5993311036789297,-0.038523274478330656,0.11373523927905531,DE
1047,1557,2604,0.597926267281106,-0.12604340567612687,-0.13113839285714285,DE
1227,1917,3144,0.6097328244274809,0.17191977077363896,0.23121387283236994,DE
1122,1701,2823,0.6025504782146652,-0.08557457212713937,-0.11267605633802817,DE
1261,1411,2672,0.5280688622754491,0.12388591800356506,-0.17048794826572605,DE
1275,1048,2323,0.4511407662505381,0.011102299762093577,-0.25726435152374205,DE
1132,1054,2186,0.48215919487648673,-0.11215686274509803,0.0057251908396946565,DE
1098,1121,2219,0.5051825146462371,-0.030035335689045935,0.0635673624288425,DE
1201,986,2187,0.4508459076360311,0.09380692167577413,-0.12042818911685994,DE
1169,1079,2248,0.47998220640569395,-0.026644462947543714,0.09432048681541583,DE
1294,1115,2409,0.46284765462847655,0.10692899914456801,0.033364226135310475,DE
1192,916,2108,0.43453510436432635,-0.07882534775888717,-0.17847533632286997,DE
1402,1078,2480,0.4346774193548387,0.1761744966442953,0.17685589519650655,DE
1228,959,2187,0.43850022862368543,-0.12410841654778887,-0.11038961038961038,DE
1363,935,2298,0.40687554395126196,0.10993485342019543,-0.02502606882168926,DE
1299,994,2293,0.4334932402965547,-0.04695524578136464,0.06310160427807486,DE
1014,976,1990,0.4904522613065327,-0.21939953810623555,-0.018108651911468814,DE
1162,1262,2424,0.5206270627062707,0.14595660749506903,0.2930327868852459,DE
1098,1039,2137,0.486195601310248,-0.055077452667814115,-0.17670364500792393,DE
1214,1475,2689,0.5485310524358498,0.10564663023679417,0.4196342637151107,DE
1242,1960,3202,0.6121174266083698,0.023064250411861616,0.3288135593220339,DE
987,1785,2772,0.6439393939393939,-0.20531400966183574,-0.08928571428571429,DE
1135,1080,2215,0.48758465011286684,0.14994934143870314,-0.3949579831932773,DE
1049,1042,2091,0.4983261597321856,-0.07577092511013216,-0.03518518518518519,DE
1059,872,1931,0.4515794924909373,0.009532888465204958,-0.16314779270633398,DE
1242,1960,3202,0.6121174266083698,0.17280453257790368,1.2477064220183487,DE
1344,1094,2438,0.44872846595570137,0.0821256038647343,-0.4418367346938776,DE
1105,941,2046,0.45992179863147603,-0.17782738095238096,-0.13985374771480805,DE
1150,1246,2396,0.5200333889816361,0.04072398190045249,0.3241232731137088,DE
1198,1089,2287,0.47616965456930477,0.04173913043478261,-0.1260032102728732,DE
1073,991,2064,0.4801356589147287,-0.10434056761268781,-0.08999081726354453,DE
1249,1086,2335,0.4650963597430407,0.16402609506057783,0.0958627648839556,DE
1157,1277,2434,0.5246507806080526,-0.07365892714171338,0.17587476979742173,DE
1101,1155,2256,0.511968085106383,-0.04840103716508211,-0.09553641346906813,DE
1248,1814,3062,0.5924232527759634,0.1335149863760218,0.5705627705627706,DE
1067,1937,3004,0.6448069241011984,-0.1450320512820513,0.06780595369349504,DE
1199,903,2102,0.4295908658420552,0.12371134020618557,-0.5338151781104801,DE
1266,1144,2410,0.4746887966804979,0.05587989991659716,0.26688815060908083,DE
1186,827,2013,0.410829607550919,-0.0631911532385466,-0.2770979020979021,DE
1283,1011,2294,0.44071490845684397,0.081787521079258,0.22249093107617895,DE
1248,1814,3062,0.5924232527759634,-0.027279812938425563,0.7942631058358062,DE
1100,1257,2357,0.5333050487908358,-0.11858974358974358,-0.30705622932745313,DE
1488,1031,2519,0.4092894005557761,0.3527272727272727,-0.17979315831344472,DE
1121,1696,2817,0.6020589279375221,-0.24663978494623656,0.6450048496605237,DE
1469,1808,3277,0.5517241379310345,0.31043710972346117,0.0660377358490566,DE
1253,1110,2363,0.46974185357596276,-0.14703880190605853,-0.3860619469026549,DE
1206,1146,2352,0.4872448979591837,-0.03750997605746209,0.032432432432432434,DE
1189,1110,2299,0.4828186167899087,-0.014096185737976783,-0.031413612565445025,DE
1121,1696,2817,0.6020589279375221,-0.057190916736753576,0.527927927927928,DE
1186,1093,2279,0.47959631417288284,0.05798394290811775,-0.3555424528301887,DE
1243,1106,2349,0.4708386547467007,0.048060708263069137,0.011893870082342177,DE
1098,1021,2119,0.4818310523831996,-0.1166532582461786,-0.07685352622061482,DE
1157,1089,2246,0.4848619768477293,0.05373406193078324,0.06660137120470128,DE
1118,1181,2299,0.5137016093953893,-0.033707865168539325,0.0844811753902663,DE
1430,967,2397,0.4034209428452232,0.27906976744186046,-0.18120237087214225,DE
1318,1225,2543,0.48171451042076285,-0.07832167832167833,0.26680455015511895,DE
1281,1001,2282,0.4386503067484663,-0.028072837632776935,-0.18285714285714286,DE
1179,1012,2191,0.461889548151529,-0.07962529274004684,0.01098901098901099,DE
1061,1101,2162,0.5092506938020351,-0.10008481764206956,0.08794466403162056,DE
1198,1015,2213,0.4586534116583823,0.1291234684260132,-0.07811080835603997,DE
1218,1145,2363,0.4845535336436733,0.01669449081803005,0.12807881773399016,DE
1345,1086,2431,0.4467297408473879,0.10426929392446634,-0.05152838427947598,DE
1149,1702,2851,0.5969835145562961,-0.14572490706319702,0.567219152854512,DE
1152,1101,2253,0.48868175765645805,0.0026109660574412533,-0.35311398354876616,DE
1145,1162,2307,0.5036844386649328,-0.006076388888888889,0.055404178019981834,DE
801,1695,2496,0.6790865384615384,-0.30043668122270745,0.45869191049913943,DE
1318,1718,3036,0.5658761528326746,0.6454431960049938,0.013569321533923304,DE
1285,1519,2804,0.5417261055634808,-0.02503793626707132,-0.11583236321303841,DE
1255,1352,2607,0.5186037591100883,-0.023346303501945526,-0.10994075049374588,DE
1167,1268,2435,0.5207392197125257,-0.0701195219123506,-0.0621301775147929,DE
1141,1927,3068,0.628096479791395,-0.022279348757497857,0.5197160883280757,DE
1042,1746,2788,0.6262553802008608,-0.08676599474145487,-0.09392838609237156,DE
1318,1718,3036,0.5658761528326746,0.2648752399232246,-0.016036655211912942,DE
1219,1454,2673,0.543958099513655,-0.07511380880121396,-0.15366705471478465,DE
1384,1648,3032,0.5435356200527705,0.13535684987694832,0.13342503438789546,DE
1250,1465,2715,0.5395948434622467,-0.0968208092485549,-0.11104368932038836,DE
1146,1412,2558,0.5519937451133698,-0.0832,-0.03617747440273038,DE
1398,1696,3094,0.5481577246283129,0.2198952879581152,0.20113314447592068,DE
2807,1371,4178,0.32814743896601245,1.007868383404864,-0.19162735849056603,DE
1251,1566,2817,0.5559105431309904,-0.5543284645529034,0.1422319474835886,DE
1461,1687,3148,0.5358958068614994,0.16786570743405277,0.0772669220945083,DE
1208,1791,2999,0.5971990663554518,-0.1731690622861054,0.06164789567279194,DE
1395,1411,2806,0.5028510334996437,0.15480132450331127,-0.21217197096594081,DE
1133,1393,2526,0.551464766429137,-0.1878136200716846,-0.012756909992912827,DE
1147,2014,3161,0.6371401455235685,0.01235657546337158,0.4458004307250538,DE
1094,1940,3034,0.6394199077125906,-0.046207497820401046,-0.036742800397219465,DE
1321,1329,2650,0.5015094339622641,0.20749542961608775,-0.3149484536082474,DE
1050,1547,2597,0.5956873315363881,-0.20514761544284632,0.16403310759969902,DE
1220,1625,2845,0.5711775043936731,0.1619047619047619,0.05042016806722689,DE
1196,1589,2785,0.570556552962298,-0.019672131147540985,-0.022153846153846152,DE
1203,2011,3214,0.6257000622277535,0.005852842809364548,0.26557583385777217,DE
1190,1811,3001,0.6034655114961679,-0.010806317539484621,-0.09945300845350571,DE
1291,1451,2742,0.5291757840991976,0.08487394957983194,-0.19878520154610713,DE
1257,2194,3451,0.6357577513764127,-0.026336173508907823,0.5120606478290833,DE
1187,2040,3227,0.6321660985435389,-0.05568814638027048,-0.07019143117593436,DE
1162,1733,2895,0.5986183074265976,-0.02106149957877001,-0.15049019607843137,DE
1182,1655,2837,0.5833627070849489,0.01721170395869191,-0.04500865551067513,DE
1314,1863,3177,0.5864022662889519,0.1116751269035533,0.1256797583081571,DE
1272,1669,2941,0.5674940496429786,-0.0319634703196347,-0.10413311862587225,DE
1296,1457,2753,0.5292408281874319,0.018867924528301886,-0.12702216896345117,DE
1149,1458,2607,0.5592635212888377,-0.11342592592592593,0.0006863417982155113,DE
1265,1858,3123,0.5949407620877362,0.10095735422106179,0.27434842249657065,DE
1099,1782,2881,0.6185352308226311,-0.13122529644268774,-0.04090419806243272,DE
1236,1409,2645,0.532703213610586,0.12465878070973613,-0.20931537598204264,DE
1250,1897,3147,0.6027963139497935,0.011326860841423949,0.34634492547906315,DE
1325,1848,3173,0.5824141191301607,0.06,-0.025830258302583026,DE
1136,1777,2913,0.6100240302094061,-0.14264150943396225,-0.038419913419913417,DE
1180,2063,3243,0.6361393771199506,0.03873239436619718,0.16094541361845807,DE
1215,1380,2595,0.5317919075144508,0.029661016949152543,-0.33107125545322347,DE
1164,1289,2453,0.5254790052996331,-0.04197530864197531,-0.06594202898550725,DE
1157,1441,2598,0.554657428791378,-0.006013745704467354,0.11792086889061287,DE
1126,1162,2288,0.5078671328671329,-0.02679343128781331,-0.19361554476058293,DE
1143,1010,2153,0.4691128657686948,0.015097690941385435,-0.13080895008605853,DE
1196,1622,2818,0.5755855216465579,0.04636920384951881,0.6059405940594059,DE
1185,1083,2268,0.4775132275132275,-0.00919732441471572,-0.3323057953144266,DE
1273,1647,2920,0.564041095890411,0.07426160337552742,0.5207756232686981,DE
1220,1654,2874,0.5755045233124565,-0.041633935585231735,0.004250151791135397,DE
1164,1398,2562,0.5456674473067916,-0.04590163934426229,-0.154776299879081,DE
1569,1779,3348,0.5313620071684588,0.3479381443298969,0.27253218884120173,DE
1130,1913,3043,0.6286559316464015,-0.27979604843849587,0.07532321528948847,DE
1386,1081,2467,0.43818402918524524,0.22654867256637168,-0.4349189754312598,DE
1062,1246,2308,0.5398613518197574,-0.23376623376623376,0.15263644773358,DE
1232,1771,3003,0.5897435897435898,0.160075329566855,0.42134831460674155,DE
1096,1672,2768,0.6040462427745664,-0.11038961038961038,-0.055900621118012424,DE
1235,1861,3096,0.6010981912144703,0.12682481751824817,0.11303827751196172,DE
1313,1589,2902,0.5475534114403859,0.06315789473684211,-0.1461579795808705,DE
1163,1447,2610,0.5544061302681992,-0.11424219345011424,-0.0893643801132788,DE
1138,1938,3076,0.6300390117035111,-0.021496130696474634,0.33932273669661367,DE
1081,1560,2641,0.5906853464596744,-0.05008787346221441,-0.19504643962848298,DE
1205,1799,3004,0.5988681757656458,0.1147086031452359,0.15320512820512822,DE
1355,1843,3198,0.5762976860537836,0.12448132780082988,0.024458032240133407,DE
1401,2071,3472,0.5964861751152074,0.03394833948339483,0.12371134020618557,DE
1237,2026,3263,0.6209010113392583,-0.11705924339757316,-0.021728633510381457,DE
1117,2002,3119,0.6418723949983969,-0.09700889248181083,-0.011846001974333662,DE
1267,1496,2763,0.5414404632645675,0.13428827215756492,-0.25274725274725274,DE
1531,1457,2988,0.48761713520749667,0.20836621941594316,-0.02606951871657754,DE
1187,1731,2918,0.5932145305003427,-0.22468974526453298,0.1880576527110501,DE
1085,1992,3077,0.6473838154046149,-0.08593091828138164,0.15077989601386482,DE
1126,1866,2992,0.6236631016042781,0.03778801843317972,-0.06325301204819277,DE
1195,1062,2257,0.4705361098803722,0.06127886323268206,-0.43086816720257237,DE
1191,1003,2194,0.45715587967183224,-0.0033472803347280333,-0.05555555555555555,DE
1103,1430,2533,0.5645479668377418,-0.07388748950461797,0.42572283150548357,DE
1227,1855,3082,0.6018818948734588,0.11242067089755213,0.2972027972027972,DE
1301,1433,2734,0.5241404535479152,0.06030969845150774,-0.22749326145552562,DE
1047,1559,2606,0.5982348426707598,-0.19523443504996157,0.08792742498255408,DE
1205,1111,2316,0.479706390328152,0.15090735434574976,-0.2873636946760744,DE
1326,1920,3246,0.5914972273567468,0.1004149377593361,0.7281728172817282,DE
983,1963,2946,0.6663272233537,-0.25867269984917046,0.022395833333333334,DE
1222,1548,2770,0.5588447653429602,0.24313326551373346,-0.21141110545084055,DE
1098,1387,2485,0.5581488933601609,-0.10147299509001637,-0.10400516795865633,DE
2195,3444,5639,0.6107465862741621,0,0,DK
2086,2046,4132,0.4951597289448209,-0.04965831435079727,-0.4059233449477352,DK
2166,2413,4579,0.5269709543568465,0.038350910834132314,0.1793743890518084,DK
2214,2823,5037,0.5604526503871352,0.0221606648199446,0.16991297140489017,DK
2110,3417,5527,0.6182377419938484,-0.04697380307136405,0.2104144527098831,DK
2073,2682,4755,0.5640378548895899,-0.017535545023696683,-0.2151009657594381,DK
2086,2046,4132,0.4951597289448209,0.006271104679208876,-0.2371364653243848,DK
2258,2888,5146,0.5612125923047027,0.08245445829338446,0.4115347018572825,DK
2166,2413,4579,0.5269709543568465,-0.04074402125775022,-0.16447368421052633,DK
2273,3320,5593,0.5935991417843733,0.04939981532779317,0.37588064649813513,DK
2158,2605,4763,0.5469242074322905,-0.050593928728552576,-0.21536144578313254,DK
2150,23339,25489,0.9156498881870611,-0.0037071362372567192,7.959309021113244,DK
2193,2726,4919,0.5541776783899166,0.02,-0.8831997943356613,DK
2269,3008,5277,0.570020845177184,0.034655722754217966,0.10344827586206896,DK
2076,2264,4340,0.5216589861751152,-0.08505949757602468,-0.2473404255319149,DK
2224,2612,4836,0.5401157981803143,0.07129094412331406,0.15371024734982333,DK
2158,2605,4763,0.5469242074322905,-0.029676258992805755,-0.002679938744257274,DK
2457,2886,5343,0.5401459854014599,0.13855421686746988,0.10786948176583493,DK
2493,2126,4619,0.4602727863173847,0.014652014652014652,-0.26334026334026334,DK
2179,2925,5104,0.5730799373040752,-0.12595266746891295,0.37582314205079964,DK
2449,3046,5495,0.554322111010009,0.12391005048187242,0.041367521367521365,DK
2170,2529,4699,0.5381996169397745,-0.11392405063291139,-0.16973079448456993,DK
2255,3344,5599,0.5972495088408645,0.03917050691244239,0.3222617635429023,DK
2493,2126,4619,0.4602727863173847,0.10554323725055433,-0.3642344497607656,DK
2086,2046,4132,0.4951597289448209,-0.1632571199358203,-0.03762935089369708,DK
2392,3047,5439,0.5602132744989888,0.14669223394055608,0.489247311827957,DK
2227,2768,4995,0.5541541541541541,-0.06897993311036789,-0.09156547423695438,DK
2086,2046,4132,0.4951597289448209,-0.06331387516838796,-0.26083815028901736,DK
2216,2177,4393,0.49556111996357843,0.062320230105465,0.06402737047898338,DK
2216,2177,4393,0.49556111996357843,0.0,0.0,DK
2475,68816,71291,0.9652831353186236,0.11687725631768953,30.610473128158016,DK
2355,2285,4640,0.49245689655172414,-0.048484848484848485,-0.9667955126714718,DK
2208,2845,5053,0.5630318622600435,-0.062420382165605096,0.24507658643326038,DK
2475,68816,71291,0.9652831353186236,0.12092391304347826,23.188400702987696,DK
2175,3167,5342,0.5928491201797079,-0.12121212121212122,-0.9539787258777028,DK
2499,3081,5580,0.5521505376344086,0.1489655172413793,-0.02715503631196716,DK
2325,2501,4826,0.5182345627849151,-0.06962785114045618,-0.18825056799740345,DK
2475,68816,71291,0.9652831353186236,0.06451612903225806,26.515393842463016,DK
2162,67265,69427,0.9688593774756219,-0.12646464646464647,-0.022538363171355498,DK
2178,2897,5075,0.5708374384236453,0.0074005550416281225,-0.9569315394335836,DK
2258,2849,5107,0.5578617583708635,0.03673094582185491,-0.016568864342423197,DK
2102,3171,5273,0.6013654466148303,-0.06908768821966342,0.11302211302211303,DK
2228,67768,69996,0.9681696096919824,0.05994291151284491,20.37117628508357,DK
2306,3013,5319,0.5664598608761046,0.03500897666068223,-0.9555394876637942,DK
2228,67768,69996,0.9681696096919824,-0.033824804856895055,21.491868569532027,DK
2152,2114,4266,0.4955461790904829,-0.03411131059245961,-0.9688053358517295,DK
2376,3367,5743,0.5862789482848685,0.10408921933085502,0.5927152317880795,DK
2152,2114,4266,0.4955461790904829,-0.09427609427609428,-0.37214137214137216,DK
2165,2383,4548,0.5239665787159191,0.0060408921933085506,0.12724692526017028,DK
2086,2528,4614,0.5478977026441265,-0.03648960739030023,0.060847671002937476,DK
2975,3080,6055,0.5086705202312138,0.4261744966442953,0.21835443037974683,DK
2119,2770,4889,0.5665780323174473,-0.2877310924369748,-0.10064935064935066,DK
2294,2649,4943,0.5359093667813069,0.08258612553091081,-0.04368231046931408,DK
2284,2850,5134,0.5551227113361901,-0.004359197907585004,0.07587768969422423,DK
2049,67924,69973,0.9707172766638561,-0.10288966725043783,22.83298245614035,DK
2152,3121,5273,0.5918831784562868,0.050268423621278674,-0.9540515870678994,DK
2049,67924,69973,0.9707172766638561,-0.047862453531598514,20.76353732777956,DK
2403,3639,6042,0.6022840119165839,0.17276720351390923,-0.9464254166421294,DK
2049,67924,69973,0.9707172766638561,-0.14731585518102372,17.665567463588896,DK
2153,2092,4245,0.4928150765606596,0.05075646656905808,-0.9692008715623344,DK
3062,2697,5759,0.4683104705678069,0.4222015791918254,0.2891969407265774,DK
2332,3398,5730,0.5930191972076789,-0.23840627041149576,0.25991842788283276,DK
2489,2207,4696,0.46997444633730834,0.06732418524871354,-0.3505002942907593,DK
2198,2607,4805,0.5425598335067637,-0.11691442346323824,0.18124150430448574,DK
2153,2092,4245,0.4928150765606596,-0.020473157415832575,-0.19754507096279247,DK
2403,3639,6042,0.6022840119165839,0.1161170459823502,0.7394837476099426,DK
2182,2523,4705,0.5362380446333688,-0.09196837286724927,-0.30667765869744434,DK
2364,2446,4810,0.5085239085239085,0.08340971585701192,-0.030519223147047168,DK
2274,2558,4832,0.5293874172185431,-0.03807106598984772,0.04578904333605887,DK
2182,2799,4981,0.5619353543465168,-0.040457343887423045,0.09421422986708367,DK
2153,2092,4245,0.4928150765606596,-0.013290559120073327,-0.2525902107895677,DK
2192,2935,5127,0.5724595279890774,0.018114259173246633,0.40296367112810705,DK
2178,3045,5223,0.5829982768523837,-0.006386861313868613,0.03747870528109029,DK
2099,1808,3907,0.46275915024315334,-0.03627180899908173,-0.40623973727422,DK
2364,2446,4810,0.5085239085239085,0.126250595521677,0.3528761061946903,DK
2046,2048,4094,0.5002442598925256,-0.13451776649746192,-0.16271463614063778,DK
2249,1889,4138,0.4565007249879169,0.0992179863147605,-0.07763671875,DK
2160,3430,5590,0.6135957066189625,-0.039573143619386394,0.8157755426151403,DK
2217,3487,5704,0.6113253856942497,0.02638888888888889,0.01661807580174927,DK
2489,2207,4696,0.46997444633730834,0.12268831754623365,-0.36707771723544597,DK
2096,3853,5949,0.6476718776264918,-0.15789473684210525,0.7458087902129588,DK
2046,2048,4094,0.5002442598925256,-0.02385496183206107,-0.4684661302880872,DK
2230,2597,4827,0.5380153304329811,0.08993157380254155,0.26806640625,DK
2221,2568,4789,0.536228857799123,-0.004035874439461884,-0.011166730843280709,DK
2078,2909,4987,0.5833166232203729,-0.06438541197658712,0.13278816199376947,DK
2299,67471,69770,0.9670488748745879,0.10635226179018287,22.193881058783088,DK
2594,2646,5240,0.5049618320610687,0.12831665941713788,-0.9607831512798091,DK
2386,2766,5152,0.5368788819875776,-0.08018504240555127,0.045351473922902494,DK
1910,2124,4034,0.526524541398116,-0.1994970662196144,-0.23210412147505424,DK
2594,2646,5240,0.5049618320610687,0.3581151832460733,0.2457627118644068,DK
1994,2037,4031,0.5053336641032002,-0.2313030069390902,-0.23015873015873015,DK
2009,1607,3616,0.4444137168141593,0.007522567703109328,-0.2110947471772214,DK
2015,2281,4296,0.5309590316573557,0.0029865604778496766,0.4194150591163659,DK
1959,1767,3726,0.4742351046698873,-0.027791563275434243,-0.2253397632617273,DK
2004,3331,5335,0.6243673851921274,0.022970903522205207,0.8851160158460668,DK
2088,2035,4123,0.4935726412806209,0.041916167664670656,-0.3890723506454518,DK
2122,66764,68886,0.969195482391197,0.016283524904214558,31.80786240786241,DK
2396,66612,69008,0.9652793878970554,0.1291234684260132,-0.0022766760529626747,DK
2200,2166,4366,0.4961062757672927,-0.08180300500834725,-0.9674833363357953,DK
2087,2415,4502,0.5364282541092847,-0.05136363636363636,0.1149584487534626,DK
2179,2527,4706,0.5369740756481088,0.04408241494968855,0.0463768115942029,DK
2065,2609,4674,0.5581942661531879,-0.05231757687012391,0.032449544914918874,DK
2088,2035,4123,0.4935726412806209,0.011138014527845037,-0.22000766577232655,DK
2200,2166,4366,0.4961062757672927,0.05363984674329502,0.06437346437346438,DK
2027,2963,4990,0.5937875751503006,-0.07863636363636364,0.36795937211449675,DK
2038,2886,4924,0.5861088545897645,0.005426739023186976,-0.025987175160310495,DK
1968,3329,5297,0.6284689446856712,-0.03434739941118744,0.1534996534996535,DK
2200,2166,4366,0.4961062757672927,0.11788617886178862,-0.34935416040853107,DK
2265,3143,5408,0.5811760355029586,0.029545454545454545,0.45106186518928904,DK
1872,2728,4600,0.5930434782608696,-0.17350993377483442,-0.13203945275214762,DK
2120,2639,4759,0.5545282622399664,0.13247863247863248,-0.03262463343108504,DK
2038,2944,4982,0.5909273384183059,-0.038679245283018866,0.11557408109132247,DK
2119,2951,5070,0.5820512820512821,0.03974484789008832,0.002377717391304348,DK
1872,2728,4600,0.5930434782608696,-0.1165644171779141,-0.07556760420196544,DK
2020,68921,70941,0.9715256339775307,0.07905982905982906,24.264296187683286,DK
1897,3349,5246,0.6383911551658407,-0.06089108910891089,-0.951408133950465,DK
1788,2282,4070,0.5606879606879607,-0.05745914602003163,-0.3186025679307256,DK
2011,2706,4717,0.5736697053211787,0.12472035794183445,0.18580192813321647,DK
2070,2643,4713,0.5607893061744113,0.029338637493784188,-0.02328159645232816,DK
2184,3425,5609,0.6106257799964343,0.05507246376811594,0.2958758986000757,DK
2172,2999,5171,0.5799651904853993,-0.005494505494505495,-0.12437956204379562,DK
2113,2867,4980,0.5757028112449799,-0.02716390423572744,-0.044014671557185726,DK
2192,1930,4122,0.4682193110140708,0.03738760056791292,-0.32682246250436,DK
2124,2487,4611,0.5393623942745608,-0.03102189781021898,0.28860103626943007,DK
2372,3141,5513,0.5697442408851805,0.1167608286252354,0.2629674306393245,DK
2113,2867,4980,0.5757028112449799,-0.10919055649241147,-0.08723336517032793,DK
2171,1988,4159,0.4779995191151719,0.02744912446758164,-0.30659225671433554,DK
1990,3485,5475,0.6365296803652968,-0.08337171810225702,0.7530181086519114,DK
302,3257,3559,0.9151447035684181,-0.8482412060301507,-0.0654232424677188,DK
1984,2542,4526,0.5616438356164384,5.569536423841059,-0.2195271722443967,DK
1988,3240,5228,0.6197398622800306,0.0020161290322580645,0.2745869394177813,DK
2171,1988,4159,0.4779995191151719,0.0920523138832998,-0.38641975308641974,DK
332,3477,3809,0.9128380152270937,-0.8470750806080147,0.7489939637826962,DK
2327,2687,5014,0.5358994814519346,6.009036144578313,-0.2272073626689675,DK
2056,2886,4942,0.5839740995548361,-0.11645896003437903,0.07406029028656494,DK
1905,3085,4990,0.6182364729458918,-0.07344357976653697,0.06895356895356895,DK
1959,2487,4446,0.5593792172739541,0.028346456692913385,-0.19384116693679093,DK
2145,2543,4688,0.5424488054607508,0.09494640122511486,0.02251708886208283,DK
2086,3248,5334,0.6089238845144357,-0.027505827505827505,0.277231616201337,DK
2040,2557,4597,0.556232325429628,-0.02205177372962608,-0.21274630541871922,DK
2036,3391,5427,0.6248387691173761,-0.00196078431372549,0.3261634728197106,DK
1934,2646,4580,0.5777292576419214,-0.05009823182711198,-0.21969920377469773,DK
1989,3594,5583,0.6437399247716281,0.02843846949327818,0.35827664399092973,DK
1869,2008,3877,0.5179262316223885,-0.06033182503770739,-0.44129104062326097,DK
1927,2564,4491,0.5709196170118014,0.03103263777421081,0.27689243027888444,DK
2125,3501,5626,0.6222893707785283,0.10275038920601973,0.3654446177847114,DK
2081,2991,5072,0.5897082018927445,-0.020705882352941178,-0.1456726649528706,DK
1913,3680,5593,0.6579653137850885,-0.08073041806823643,0.23035773988632563,DK
2168,2922,5090,0.5740667976424362,0.13329848405645583,-0.20597826086956522,DK
2093,3707,5800,0.6391379310344828,-0.03459409594095941,0.26865160848733743,DK
2390,2453,4843,0.5065042329134833,0.14190157668418538,-0.33827893175074186,DK
2044,2885,4929,0.5853114221951714,-0.14476987447698744,0.176110884631064,DK
2057,3405,5462,0.6233980227023068,0.006360078277886497,0.18024263431542462,DK
2019,3166,5185,0.6106075216972034,-0.018473505104521146,-0.07019089574155653,DK
1929,1926,3855,0.49961089494163424,-0.04457652303120357,-0.39166140240050534,DK
2076,2631,4707,0.5589547482472913,0.07620528771384137,0.3660436137071651,DK
2003,2203,4206,0.5237755587256301,-0.03516377649325626,-0.16267578867350818,DK
347,2873,3220,0.8922360248447205,-0.8267598602096855,0.3041307308216069,DK
2004,1884,3888,0.4845679012345679,4.77521613832853,-0.3442394709363035,DK
271,3474,3745,0.9276368491321763,-0.8647704590818364,0.8439490445859873,DK
2026,3391,5417,0.6259922466309765,6.476014760147602,-0.023891767415083476,DK
2046,2048,4094,0.5002442598925256,0.009871668311944718,-0.3960483633146564,DK
2018,2193,4211,0.5207789123723581,-0.013685239491691105,0.07080078125,DK
2074,2603,4677,0.5565533461620698,0.027750247770069375,0.18695850433196534,DK
2100,3118,5218,0.5975469528555002,0.01253616200578592,0.1978486361890127,DK
2003,2203,4206,0.5237755587256301,-0.04619047619047619,-0.2934573444515715,DK
2107,2454,4561,0.5380399035299277,0.05192211682476285,0.11393554244212438,DK
2064,3289,5353,0.6144218195404446,-0.02040816326530612,0.3402607986960065,DK
2018,2193,4211,0.5207789123723581,-0.022286821705426358,-0.33323198540589843,DK
477,4156,4633,0.8970429527304122,-0.763627353815659,0.8951208390332878,DK
2273,1924,4197,0.45842268286871574,3.7651991614255764,-0.5370548604427334,DK
2105,3499,5604,0.6243754461099215,-0.07391113066432028,0.8186070686070686,DK
1966,3435,5401,0.6359933345676727,-0.0660332541567696,-0.018290940268648186,DK
2093,3157,5250,0.6013333333333334,0.06459816887080366,-0.0809315866084425,DK
1994,2641,4635,0.5697950377562028,-0.04730052556139513,-0.1634463097877732,DK
2194,2968,5162,0.5749709414955444,0.10030090270812438,0.12381673608481636,DK
2099,3221,5320,0.6054511278195489,-0.043299908842297175,0.08524258760107817,DK
2038,3789,5827,0.6502488415994508,-0.02906145783706527,0.17634275069854083,DK
252,3248,3500,0.928,-0.8763493621197253,-0.14278173660596463,DK
1920,3876,5796,0.6687370600414079,6.619047619047619,0.1933497536945813,DK
284,1989,2273,0.875054993400792,-0.8520833333333333,-0.4868421052631579,DK
2051,3044,5095,0.5974484789008833,6.221830985915493,0.5304172951231775,DK
2066,2445,4511,0.5420084238528042,0.007313505607020965,-0.19678055190538765,DK
268,2861,3129,0.9143496324704379,-0.8702807357212003,0.1701431492842536,DK
1959,1888,3847,0.49077203015336623,6.309701492537314,-0.34009087731562393,DK
2109,3602,5711,0.6307126597793732,0.07656967840735068,0.9078389830508474,DK
2031,1721,3752,0.4586886993603412,-0.03698435277382646,-0.5222098833981121,DK
1991,2984,4975,0.5997989949748743,-0.019694731659281144,0.7338756536897153,DK
2967,1860,4827,0.3853325046612803,0.49020592667001506,-0.37667560321715815,DK
2064,2648,4712,0.5619694397283531,-0.30434782608695654,0.4236559139784946,DK
2172,2350,4522,0.5196815568332597,0.05232558139534884,-0.11253776435045318,DK
2074,3256,5330,0.6108818011257036,-0.04511970534069982,0.38553191489361704,DK
2178,2515,4693,0.5359045386746217,0.05014464802314368,-0.22757985257985258,DK
2082,2061,4143,0.49746560463432293,-0.0440771349862259,-0.1805168986083499,DK
2128,2493,4621,0.5394936161004111,0.022094140249759846,0.2096069868995633,DK
2077,3119,5196,0.6002694380292533,-0.023966165413533833,0.251103088648215,DK
1846,2217,4063,0.5456559192714743,-0.111218103033221,-0.28919525488938763,DK
2028,3035,5063,0.5994469682006716,0.09859154929577464,0.36896707262065853,DK
1939,3045,4984,0.6109550561797753,-0.04388560157790927,0.0032948929159802307,DK
2034,2127,4161,0.5111751982696467,0.04899432697266632,-0.30147783251231525,DK
2011,2206,4217,0.5231207019207967,-0.011307767944936086,0.03714151386929948,DK
1742,2445,4187,0.5839503224265584,-0.1337642963699652,0.10834088848594742,DK
1946,2848,4794,0.5940759282436379,0.11710677382319173,0.16482617586912066,DK
1937,3456,5393,0.6408307064713518,-0.0046248715313463515,0.21348314606741572,DK
1969,2886,4855,0.5944387229660144,0.016520392359318535,-0.16493055555555555,DK
1979,2114,4093,0.5164915709748351,0.005078720162519045,-0.2674982674982675,DK
2011,2206,4217,0.5231207019207967,0.01616978271854472,0.043519394512771994,DK
2041,2686,4727,0.5682250899090332,0.014917951268025857,0.21758839528558477,DK
2022,3365,5387,0.624651939855207,-0.009309162175404213,0.2527922561429635,DK
2065,2716,4781,0.568081991215227,0.02126607319485658,-0.19286775631500744,DK
2034,2127,4161,0.5111751982696467,-0.015012106537530266,-0.21686303387334316,DK
1925,3526,5451,0.6468537882957256,-0.0535889872173058,0.6577338975082275,DK
1938,2766,4704,0.5880102040816326,0.006753246753246753,-0.21554169030062392,DK
2011,2768,4779,0.5792006695961498,0.037667698658410735,0.0007230657989877079,DK
2057,2748,4805,0.5719042663891779,0.022874191944306316,-0.0072254335260115606,DK
1979,2114,4093,0.5164915709748351,-0.037919299951385516,-0.23071324599708878,DK
2072,1532,3604,0.42508324084350724,0.04699343102577059,-0.2753074739829707,DK
2034,2726,4760,0.5726890756302521,-0.01833976833976834,0.779373368146214,DK
1986,2729,4715,0.5787910922587487,-0.02359882005899705,0.0011005135730007337,DK
1917,2770,4687,0.5909963729464476,-0.03474320241691843,0.015023818248442653,DK
2050,3206,5256,0.6099695585996956,0.0693792383933229,0.15740072202166064,DK
2012,3327,5339,0.6231504026971343,-0.018536585365853658,0.03774173424828447,DK
2097,1912,4009,0.47692691444250435,0.04224652087475149,-0.42530808536218817,DK
2141,3133,5274,0.5940462646947289,0.020982355746304245,0.6385983263598326,DK
2228,2603,4831,0.5388118401987166,0.0406352171882298,-0.16916693265240984,DK
2151,2405,4556,0.5278753292361721,-0.034560143626570915,-0.07606607760276604,DK
1925,2093,4018,0.5209059233449478,-0.10506741050674105,-0.12972972972972974,DK
2096,2252,4348,0.5179392824287029,0.08883116883116883,0.07596751075011944,DK
2051,2931,4982,0.588317944600562,-0.021469465648854963,0.30150976909413857,DK
2294,2649,4943,0.5359093667813069,0.11847879083373963,-0.09621289662231321,DK
2005,2406,4411,0.5454545454545454,-0.12598081952920662,-0.09173272933182333,DK
1876,2089,3965,0.526860025220681,-0.06433915211970075,-0.1317539484621779,DK
2123,2170,4293,0.5054740274866061,0.13166311300639658,0.038774533269506944,DK
1995,1887,3882,0.4860896445131376,-0.06029203956665097,-0.1304147465437788,DK
2141,2199,4340,0.5066820276497696,0.07318295739348371,0.16534181240063592,DK
2370,2508,4878,0.5141451414514145,0.10695936478281177,0.14051841746248295,DK
2474,1849,4323,0.42771223687254223,0.04388185654008439,-0.26275917065390747,DK
1956,2327,4283,0.5433107634835396,-0.20937752627324172,0.2585181179015684,DK
2427,2524,4951,0.5097960008079175,0.24079754601226994,0.08465835840137516,DK
2061,2709,4770,0.5679245283018868,-0.1508034610630408,0.07329635499207607,DK
1952,2884,4836,0.5963606286186931,-0.052886948083454635,0.06459948320413436,DK
2141,2199,4340,0.5066820276497696,0.09682377049180328,-0.23751733703190014,DK
2065,26290,28355,0.9271733380356199,-0.03549743110695937,10.955434288312869,DK
1830,1801,3631,0.4960066097493803,-0.11380145278450363,-0.9314948649676683,DK
1994,2887,4881,0.5914771563204262,0.08961748633879782,0.6029983342587452,DK
2175,3247,5422,0.5988565105127259,0.09077231695085256,0.12469691721510218,DK
2331,1569,3900,0.4023076923076923,0.07172413793103448,-0.5167847243609486,DK
2208,3102,5310,0.584180790960452,-0.05276705276705277,0.9770554493307839,DK
2092,2161,4253,0.5081119209969434,-0.05253623188405797,-0.3033526756931012,DK
2092,2161,4253,0.5081119209969434,0.0,0.0,DK
2018,3204,5222,0.6135580237456913,-0.03537284894837476,0.4826469227209625,DK
2097,2287,4384,0.5216697080291971,0.03914767096134787,-0.2862047440699126,DK
2294,2766,5060,0.5466403162055335,0.09394372913686218,0.2094446873633581,DK
1810,1789,3599,0.4970825229230342,-0.2109851787271142,-0.3532176428054953,DK
2107,2212,4319,0.5121555915721232,0.16408839779005524,0.2364449413079933,DK
2092,2161,4253,0.5081119209969434,-0.007119126720455624,-0.02305605786618445,DK
2053,2518,4571,0.5508641435134544,-0.01864244741873805,0.16520129569643682,DK
1956,2912,4868,0.5981922760887428,-0.0472479298587433,0.15647339158061954,DK
2097,2287,4384,0.5216697080291971,0.07208588957055215,-0.21462912087912087,DK
2470,3368,5838,0.5769099006509079,0.17787315212207916,0.47267162221250547,DK
2047,2318,4365,0.5310423825887743,-0.17125506072874494,-0.31175771971496435,DK
2038,3536,5574,0.6343738787226408,-0.004396678065461651,0.5254529767040552,DK
2107,2212,4319,0.5121555915721232,0.033856722276741906,-0.3744343891402715,DK
2053,2518,4571,0.5508641435134544,-0.025628856193640248,0.1383363471971067,DK
2047,2318,4365,0.5310423825887743,-0.0029225523623964927,-0.07942811755361398,DK
2020,2645,4665,0.5669882100750268,-0.013190034196384953,0.14106988783433994,DK
2083,2871,4954,0.5795316915623738,0.031188118811881188,0.08544423440453686,DK
2047,2318,4365,0.5310423825887743,-0.01728276524243879,-0.19261581330546848,DK
1963,3447,5410,0.6371534195933457,-0.04103566194430874,0.4870578084555651,DK
2096,2352,4448,0.52877698,0.06775343861436577,-0.31766753698868583,DK
2006,2052,4058,0.50566782,-0.042938931297709926,-0.12755102040816327,DK
2036,2154,4190,0.51408115,0.014955134596211365,0.049707602339181284,DK
2052,2322,4372,0.53110704,0.007858546168958742,0.07799442896935933,DK
2021,2312,4333,0.53357951,-0.015107212475633527,-0.004306632213608958,DK
1945,2059,4004,0.51423576,-0.0376051459673429,-0.10942906574394463,DK
1899,2252,4151,0.54251987,-0.02365038560411311,0.09373482272948033,DK
2106,2002,4108,0.48734177,0.10900473933649289,-0.11101243339253997,DK
2006,2052,4058,0.50566782,-0.04748338081671415,0.024975024975024976,DK
2196,2292,4488,0.51069519,0.09471585244267199,0.11695906432748537,DK
2036,2302,4338,0.53065929,-0.07285974499089254,0.004363001745200698,DK
