368,837,1205,0.6946058091286307,0,0,GR1
333,652,985,0.6619289340101523,-0.09510869565217392,-0.22102747909199522,GR1
175,850,1025,0.8292682926829268,-0.4744744744744745,0.30368098159509205,GR1
174,1163,1337,0.8698578908002992,-0.005714285714285714,0.36823529411764705,GR1
259,961,1220,0.7877049180327869,0.4885057471264368,-0.17368873602751506,GR1
344,626,970,0.6453608247422681,0.3281853281853282,-0.3485952133194589,GR1
275,777,1052,0.7385931558935361,-0.2005813953488372,0.24121405750798722,GR1
364,577,941,0.6131774707757705,0.3236363636363636,-0.2574002574002574,GR1
315,987,1302,0.7580645161290323,-0.1346153846153846,0.7105719237435009,GR1
313,995,1308,0.7607033639143731,-0.006349206349206349,0.008105369807497468,GR1
335,1381,1716,0.8047785547785548,0.07028753993610223,0.3879396984924623,GR1
235,874,1109,0.78809738503156,-0.29850746268656714,-0.36712527154236063,GR1
498,1238,1736,0.7131336405529954,1.1191489361702127,0.41647597254004576,GR1
180,1017,1197,0.849624060150376,-0.6385542168674698,-0.17851373182552505,GR1
276,1052,1328,0.7921686746987951,0.5333333333333333,0.0344149459193707,GR1
211,896,1107,0.8093947606142728,-0.23550724637681159,-0.1482889733840304,GR1
225,880,1105,0.7963800904977375,0.06635071090047394,-0.017857142857142856,GR1
245,1093,1338,0.8168908819133034,0.08888888888888889,0.24204545454545454,GR1
227,631,858,0.7354312354312355,-0.07346938775510205,-0.42268984446477587,GR1
202,831,1033,0.8044530493707648,-0.11013215859030837,0.31695721077654515,GR1
288,835,1123,0.7435440783615316,0.42574257425742573,0.0048134777376654635,GR1
369,620,989,0.6268958543983822,0.28125,-0.25748502994011974,GR1
340,1038,1378,0.7532656023222061,-0.07859078590785908,0.6741935483870968,GR1
319,1091,1410,0.7737588652482269,-0.061764705882352944,0.051059730250481696,GR1
345,1506,1851,0.813614262560778,0.08150470219435736,0.38038496791934007,GR1
247,935,1182,0.7910321489001692,-0.28405797101449276,-0.3791500664010624,GR1
233,922,1155,0.7982683982683982,-0.05668016194331984,-0.013903743315508022,GR1
249,1021,1270,0.8039370078740158,0.06866952789699571,0.10737527114967461,GR1
242,990,1232,0.8035714285714286,-0.028112449799196786,-0.030362389813907934,GR1
342,876,1218,0.7192118226600985,0.4132231404958678,-0.11515151515151516,GR1
287,925,1212,0.7632013201320133,-0.1608187134502924,0.05593607305936073,GR1
320,702,1022,0.6868884540117417,0.11498257839721254,-0.2410810810810811,GR1
182,762,944,0.8072033898305084,-0.43125,0.08547008547008547,GR1
206,817,1023,0.7986314760508308,0.13186813186813187,0.07217847769028872,GR1
277,861,1138,0.7565905096660809,0.3446601941747573,0.05385556915544676,GR1
250,663,913,0.7261774370208105,-0.09747292418772563,-0.22996515679442509,GR1
281,1012,1293,0.782675947409126,0.124,0.526395173453997,GR1
219,884,1103,0.8014505893019039,-0.2206405693950178,-0.12648221343873517,GR1
180,1520,1700,0.8941176470588236,-0.1780821917808219,0.7194570135746606,GR1
218,1028,1246,0.8250401284109149,0.2111111111111111,-0.3236842105263158,GR1
178,921,1099,0.83803457688808,-0.1834862385321101,-0.10408560311284047,GR1
366,1304,1670,0.7808383233532934,1.0561797752808988,0.4158523344191097,GR1
206,915,1121,0.8162355040142729,-0.4371584699453552,-0.2983128834355828,GR1
237,932,1169,0.7972626176218991,0.15048543689320387,0.018579234972677595,GR1
192,669,861,0.7770034843205574,-0.189873417721519,-0.2821888412017167,GR1
399,886,1285,0.6894941634241245,1.078125,0.3243647234678625,GR1
230,1075,1305,0.8237547892720306,-0.42355889724310775,0.21331828442437922,GR1
345,670,1015,0.6600985221674877,0.5,-0.3767441860465116,GR1
224,963,1187,0.8112889637742208,-0.3507246376811594,0.4373134328358209,GR1
251,977,1228,0.7956026058631922,0.12053571428571429,0.014537902388369679,GR1
279,1004,1283,0.7825409197194076,0.11155378486055777,0.027635619242579325,GR1
284,707,991,0.7134207870837538,0.017921146953405017,-0.2958167330677291,GR1
353,695,1048,0.6631679389312977,0.24295774647887325,-0.016973125884016973,GR1
280,831,1111,0.7479747974797479,-0.20679886685552407,0.19568345323741007,GR1
363,988,1351,0.7313101406365655,0.29642857142857143,0.18892900120336945,GR1
255,807,1062,0.7598870056497176,-0.2975206611570248,-0.18319838056680163,GR1
305,484,789,0.6134347275031685,0.19607843137254902,-0.40024783147459725,GR1
376,656,1032,0.6356589147286822,0.23278688524590163,0.35537190082644626,GR1
198,1274,1472,0.8654891304347826,-0.4734042553191489,0.9420731707317073,GR1
271,1068,1339,0.7976101568334578,0.3686868686868687,-0.16169544740973313,GR1
203,1223,1426,0.8576437587657784,-0.25092250922509224,0.1451310861423221,GR1
221,1067,1288,0.828416149068323,0.08866995073891626,-0.12755519215044972,GR1
272,894,1166,0.7667238421955404,0.23076923076923078,-0.16213683223992503,GR1
446,877,1323,0.6628873771730914,0.6397058823529411,-0.01901565995525727,GR1
424,949,1373,0.6911871813546977,-0.04932735426008968,0.08209806157354618,GR1
413,946,1359,0.6961000735835173,-0.025943396226415096,-0.003161222339304531,GR1
307,975,1282,0.7605304212168487,-0.2566585956416465,0.0306553911205074,GR1
354,1037,1391,0.7455068296189792,0.15309446254071662,0.06358974358974359,GR1
417,975,1392,0.7004310344827587,0.17796610169491525,-0.05978784956605593,GR1
333,1239,1572,0.7881679389312977,-0.2014388489208633,0.27076923076923076,GR1
295,927,1222,0.7585924713584288,-0.11411411411411411,-0.25181598062953997,GR1
355,940,1295,0.7258687258687259,0.2033898305084746,0.014023732470334413,GR1
347,892,1239,0.7199354317998385,-0.022535211267605635,-0.05106382978723404,GR1
275,1063,1338,0.7944693572496263,-0.207492795389049,0.19170403587443946,GR1
243,787,1030,0.7640776699029126,-0.11636363636363636,-0.2596425211665099,GR1
427,946,1373,0.6890021849963583,0.757201646090535,0.2020330368487929,GR1
408,982,1390,0.7064748201438849,-0.04449648711943794,0.03805496828752643,GR1
421,976,1397,0.698639942734431,0.031862745098039214,-0.006109979633401222,GR1
396,902,1298,0.6949152542372882,-0.05938242280285035,-0.07581967213114754,GR1
244,1072,1316,0.8145896656534954,-0.3838383838383838,0.188470066518847,GR1
324,1179,1503,0.7844311377245509,0.32786885245901637,0.09981343283582089,GR1
423,2084,2507,0.8312724371759075,0.3055555555555556,0.7675996607294318,GR1
415,632,1047,0.603629417382999,-0.018912529550827423,-0.6967370441458733,GR1
502,588,1090,0.5394495412844037,0.20963855421686747,-0.06962025316455696,GR1
303,1113,1416,0.7860169491525424,-0.39641434262948205,0.8928571428571429,GR1
301,597,898,0.6648106904231625,-0.006600660066006601,-0.4636118598382749,GR1
306,737,1043,0.7066155321188878,0.016611295681063124,0.23450586264656617,GR1
307,987,1294,0.7627511591962906,0.0032679738562091504,0.33921302578018997,GR1
400,962,1362,0.7063142437591777,0.30293159609120524,-0.025329280648429583,GR1
272,957,1229,0.7786818551668023,-0.32,-0.005197505197505198,GR1
408,778,1186,0.6559865092748736,0.5,-0.18704284221525602,GR1
336,939,1275,0.7364705882352941,-0.17647058823529413,0.2069408740359897,GR1
284,874,1158,0.7547495682210709,-0.15476190476190477,-0.06922257720979766,GR1
447,2974,3421,0.8693364513300205,0.573943661971831,2.402745995423341,GR1
339,559,898,0.6224944320712695,-0.24161073825503357,-0.8120376597175522,GR1
378,845,1223,0.6909239574816026,0.11504424778761062,0.5116279069767442,GR1
307,689,996,0.6917670682730924,-0.18783068783068782,-0.18461538461538463,GR1
446,418,864,0.4837962962962963,0.4527687296416938,-0.39332365747460085,GR1
331,704,1035,0.6801932367149759,-0.257847533632287,0.6842105263157895,GR1
377,516,893,0.5778275475923852,0.13897280966767372,-0.26704545454545453,GR1
513,505,1018,0.4960707269155206,0.36074270557029176,-0.02131782945736434,GR1
467,652,1119,0.58266309204647,-0.08966861598440545,0.29108910891089107,GR1
373,958,1331,0.7197595792637115,-0.2012847965738758,0.46932515337423314,GR1
360,902,1262,0.7147385103011094,-0.03485254691689008,-0.05845511482254697,GR1
732,1127,1859,0.6062399139322217,1.0333333333333334,0.24944567627494457,GR1
370,577,947,0.6092925026399155,-0.49453551912568305,-0.4880212954747116,GR1
391,697,1088,0.640625,0.05675675675675676,0.20797227036395147,GR1
605,1928,2533,0.7611527832609554,0.5473145780051151,1.7661406025824964,GR1
447,842,1289,0.6532195500387897,-0.2611570247933884,-0.5632780082987552,GR1
452,867,1319,0.6573161485974223,0.011185682326621925,0.029691211401425176,GR1
623,717,1340,0.5350746268656716,0.37831858407079644,-0.17301038062283736,GR1
465,569,1034,0.5502901353965184,-0.2536115569823435,-0.20641562064156208,GR1
427,743,1170,0.635042735042735,-0.08172043010752689,0.30579964850615116,GR1
605,2608,3213,0.8117024587612823,0.4168618266978923,2.510094212651413,GR1
568,705,1273,0.5538098978790259,-0.06115702479338843,-0.7296779141104295,GR1
571,1288,1859,0.692845615922539,0.00528169014084507,0.826950354609929,GR1
533,410,943,0.43478260869565216,-0.06654991243432574,-0.6816770186335404,GR1
437,1187,1624,0.7309113300492611,-0.1801125703564728,1.895121951219512,GR1
430,944,1374,0.6870451237263464,-0.016018306636155607,-0.2047177759056445,GR1
534,810,1344,0.6026785714285714,0.24186046511627907,-0.1419491525423729,GR1
415,499,914,0.5459518599562363,-0.22284644194756553,-0.38395061728395063,GR1
403,988,1391,0.7102803738317757,-0.02891566265060241,0.9799599198396793,GR1
497,744,1241,0.5995165189363416,0.23325062034739455,-0.24696356275303644,GR1
452,731,1183,0.6179205409974641,-0.09054325955734406,-0.01747311827956989,GR1
554,453,1007,0.44985104270109233,0.22566371681415928,-0.3803009575923393,GR1
753,864,1617,0.5343228200371057,0.3592057761732852,0.9072847682119205,GR1
577,777,1354,0.5738552437223042,-0.2337317397078353,-0.10069444444444445,GR1
426,727,1153,0.6305290546400694,-0.2616984402079723,-0.06435006435006435,GR1
694,621,1315,0.47224334600760454,0.6291079812206573,-0.14580467675378267,GR1
502,746,1248,0.5977564102564102,-0.276657060518732,0.20128824476650564,GR1
561,655,1216,0.5386513157894737,0.11752988047808766,-0.12198391420911528,GR1
469,738,1207,0.6114333057166529,-0.16399286987522282,0.1267175572519084,GR1
678,709,1387,0.5111751982696467,0.44562899786780386,-0.03929539295392954,GR1
555,516,1071,0.48179271708683474,-0.18141592920353983,-0.27221438645980256,GR1
479,660,1139,0.5794556628621598,-0.13693693693693693,0.27906976744186046,GR1
467,494,961,0.514047866805411,-0.025052192066805846,-0.2515151515151515,GR1
625,630,1255,0.50199203187251,0.33832976445396146,0.27530364372469635,GR1
476,583,1059,0.550519357884797,-0.2384,-0.0746031746031746,GR1
571,627,1198,0.5233722871452421,0.19957983193277312,0.07547169811320754,GR1
564,1290,1854,0.6957928802588996,-0.012259194395796848,1.0574162679425838,GR1
459,414,873,0.4742268041237113,-0.18617021276595744,-0.6790697674418604,GR1
581,765,1346,0.5683506686478454,0.2657952069716776,0.8478260869565217,GR1
473,910,1383,0.6579898770788142,-0.18588640275387264,0.1895424836601307,GR1
510,766,1276,0.6003134796238244,0.07822410147991543,-0.15824175824175823,GR1
638,750,1388,0.5403458213256485,0.25098039215686274,-0.020887728459530026,GR1
374,1246,1620,0.7691358024691358,-0.41379310344827586,0.6613333333333333,GR1
283,887,1170,0.7581196581196581,-0.24331550802139038,-0.2881219903691814,GR1
233,686,919,0.7464635473340587,-0.17667844522968199,-0.2266065388951522,GR1
397,715,1112,0.6429856115107914,0.703862660944206,0.04227405247813411,GR1
297,748,1045,0.7157894736842105,-0.2518891687657431,0.046153846153846156,GR1
247,930,1177,0.7901444350042481,-0.16835016835016836,0.24331550802139038,GR1
284,942,1226,0.768352365415987,0.14979757085020243,0.012903225806451613,GR1
229,1056,1285,0.8217898832684825,-0.1936619718309859,0.12101910828025478,GR1
418,805,1223,0.6582174979558463,0.8253275109170306,-0.23768939393939395,GR1
405,614,1019,0.6025515210991168,-0.03110047846889952,-0.2372670807453416,GR1
368,1032,1400,0.7371428571428571,-0.09135802469135802,0.6807817589576547,GR1
367,722,1089,0.6629935720844812,-0.002717391304347826,-0.3003875968992248,GR1
317,1128,1445,0.7806228373702422,-0.1362397820163488,0.5623268698060941,GR1
345,904,1249,0.7237790232185749,0.08832807570977919,-0.19858156028368795,GR1
289,1124,1413,0.7954706298655343,-0.16231884057971013,0.24336283185840707,GR1
284,851,1135,0.7497797356828194,-0.01730103806228374,-0.24288256227758007,GR1
317,817,1134,0.7204585537918872,0.11619718309859155,-0.0399529964747356,GR1
378,1210,1588,0.7619647355163728,0.19242902208201892,0.4810281517747858,GR1
348,834,1182,0.7055837563451777,-0.07936507936507936,-0.31074380165289256,GR1
285,840,1125,0.7466666666666667,-0.1810344827586207,0.007194244604316547,GR1
283,993,1276,0.7782131661442007,-0.007017543859649123,0.18214285714285713,GR1
319,950,1269,0.7486209613869188,0.127208480565371,-0.0433031218529708,GR1
366,973,1339,0.7266616878267363,0.14733542319749215,0.024210526315789474,GR1
361,1359,1720,0.7901162790697674,-0.01366120218579235,0.39671120246659813,GR1
376,971,1347,0.7208611729769859,0.04155124653739612,-0.28550404709345106,GR1
402,663,1065,0.6225352112676056,0.06914893617021277,-0.3171987641606591,GR1
415,677,1092,0.61996336996337,0.03233830845771144,0.021116138763197588,GR1
388,688,1076,0.6394052044609665,-0.06506024096385542,0.01624815361890694,GR1
365,808,1173,0.6888320545609549,-0.059278350515463915,0.1744186046511628,GR1
477,828,1305,0.6344827586206897,0.30684931506849317,0.024752475247524754,GR1
303,1003,1306,0.7679938744257274,-0.36477987421383645,0.2113526570048309,GR1
490,640,1130,0.5663716814159292,0.6171617161716172,-0.36191425722831505,GR1
399,990,1389,0.712742980561555,-0.18571428571428572,0.546875,GR1
428,796,1224,0.6503267973856209,0.07268170426065163,-0.19595959595959597,GR1
483,806,1289,0.6252909231962762,0.12850467289719625,0.01256281407035176,GR1
372,926,1298,0.7134052388289677,-0.22981366459627328,0.1488833746898263,GR1
385,795,1180,0.673728813559322,0.03494623655913978,-0.14146868250539957,GR1
450,641,1091,0.5875343721356554,0.16883116883116883,-0.19371069182389938,GR1
349,790,1139,0.6935908691834943,-0.22444444444444445,0.23244929797191888,GR1
452,781,1233,0.6334144363341444,0.29512893982808025,-0.01139240506329114,GR1
464,987,1451,0.6802205375603032,0.02654867256637168,0.26376440460947503,GR1
488,695,1183,0.5874894336432798,0.05172413793103448,-0.29584599797365757,GR1
445,1131,1576,0.7176395939086294,-0.08811475409836066,0.6273381294964029,GR1
443,819,1262,0.6489698890649762,-0.0044943820224719105,-0.27586206896551724,GR1
238,761,999,0.7617617617617618,-0.46275395033860045,-0.07081807081807082,GR1
301,819,1120,0.73125,0.2647058823529412,0.07621550591327202,GR1
359,861,1220,0.7057377049180328,0.19269102990033224,0.05128205128205128,GR1
347,816,1163,0.7016337059329321,-0.033426183844011144,-0.05226480836236934,GR1
277,835,1112,0.7508992805755396,-0.2017291066282421,0.023284313725490197,GR1
214,1218,1432,0.8505586592178771,-0.22743682310469315,0.45868263473053894,GR1
326,789,1115,0.7076233183856502,0.5233644859813084,-0.3522167487684729,GR1
233,1082,1315,0.8228136882129278,-0.2852760736196319,0.37135614702154623,GR1
305,1015,1320,0.7689393939393939,0.3090128755364807,-0.06192236598890943,GR1
353,986,1339,0.736370425690814,0.15737704918032788,-0.02857142857142857,GR1
390,751,1141,0.6581945661700263,0.1048158640226629,-0.2383367139959432,GR1
190,1173,1363,0.8606016140865738,-0.5128205128205128,0.5619174434087882,GR1
400,1082,1482,0.7300944669365722,1.105263157894737,-0.07757885763000852,GR1
330,987,1317,0.7494305239179955,-0.175,-0.0878003696857671,GR1
472,816,1288,0.6335403726708074,0.4303030303030303,-0.17325227963525835,GR1
398,751,1149,0.6536118363794604,-0.15677966101694915,-0.07965686274509803,GR1
333,891,1224,0.7279411764705882,-0.16331658291457288,0.18641810918774968,GR1
411,780,1191,0.654911838790932,0.23423423423423423,-0.12457912457912458,GR1
334,879,1213,0.7246496290189612,-0.1873479318734793,0.12692307692307692,GR1
275,1606,1881,0.8538011695906432,-0.17664670658682635,0.8270762229806599,GR1
295,1074,1369,0.7845142439737034,0.07272727272727272,-0.3312577833125778,GR1
358,647,1005,0.6437810945273632,0.2135593220338983,-0.39757914338919925,GR1
249,632,881,0.717366628830874,-0.30446927374301674,-0.023183925811437404,GR1
326,927,1253,0.7398244213886672,0.3092369477911647,0.46677215189873417,GR1
353,1317,1670,0.7886227544910179,0.08282208588957055,0.42071197411003236,GR1
158,1675,1833,0.9138025095471904,-0.5524079320113314,0.2718299164768413,GR1
277,1252,1529,0.8188358404185743,0.7531645569620253,-0.2525373134328358,GR1
253,1384,1637,0.8454489920586439,-0.08664259927797834,0.10543130990415335,GR1
348,638,986,0.6470588235294118,0.37549407114624506,-0.5390173410404624,GR1
351,1264,1615,0.7826625386996904,0.008620689655172414,0.9811912225705329,GR1
337,1098,1435,0.7651567944250871,-0.039886039886039885,-0.13132911392405064,GR1
315,1550,1865,0.8310991957104558,-0.06528189910979229,0.4116575591985428,GR1
316,1275,1591,0.8013827781269641,0.0031746031746031746,-0.1774193548387097,GR1
259,902,1161,0.7769164513350559,-0.18037974683544303,-0.29254901960784313,GR1
174,1286,1460,0.8808219178082192,-0.3281853281853282,0.42572062084257206,GR1
337,981,1318,0.7443095599393019,0.9367816091954023,-0.23716951788491447,GR1
206,965,1171,0.8240819812126388,-0.3887240356083086,-0.0163098878695209,GR1
227,940,1167,0.805484147386461,0.10194174757281553,-0.025906735751295335,GR1
219,909,1128,0.8058510638297872,-0.03524229074889868,-0.03297872340425532,GR1
362,846,1208,0.7003311258278145,0.6529680365296804,-0.06930693069306931,GR1
511,837,1348,0.620919881305638,0.4116022099447514,-0.010638297872340425,GR1
246,1177,1423,0.8271257905832747,-0.5185909980430529,0.4062126642771804,GR1
200,1087,1287,0.8445998445998446,-0.18699186991869918,-0.07646559048428207,GR1
212,932,1144,0.8146853146853147,0.06,-0.14259429622815087,GR1
223,831,1054,0.7884250474383302,0.05188679245283019,-0.10836909871244635,GR1
475,1610,2085,0.7721822541966427,1.1300448430493273,0.937424789410349,GR1
316,1016,1332,0.7627627627627628,-0.33473684210526317,-0.368944099378882,GR1
291,1025,1316,0.7788753799392097,-0.07911392405063292,0.008858267716535433,GR1
254,1091,1345,0.8111524163568773,-0.12714776632302405,0.06439024390243903,GR1
202,1065,1267,0.840568271507498,-0.2047244094488189,-0.02383134738771769,GR1
333,971,1304,0.7446319018404908,0.6485148514851485,-0.08826291079812207,GR1
224,847,1071,0.7908496732026143,-0.32732732732732733,-0.12770339855818744,GR1
215,1172,1387,0.8449891852919971,-0.04017857142857143,0.3837072018890201,GR1
290,913,1203,0.7589359933499584,0.3488372093023256,-0.22098976109215018,GR1
406,1502,1908,0.7872117400419287,0.4,0.6451259583789705,GR1
289,2537,2826,0.8977353149327671,-0.2881773399014778,0.689081225033289,GR1
349,1331,1680,0.7922619047619047,0.20761245674740483,-0.47536460386283014,GR1
226,1462,1688,0.8661137440758294,-0.3524355300859599,0.09842223891810668,GR1
414,589,1003,0.5872382851445663,0.831858407079646,-0.5971272229822161,GR1
210,993,1203,0.8254364089775561,-0.4927536231884058,0.6859083191850595,GR1
646,1368,2014,0.6792452830188679,2.0761904761904764,0.3776435045317221,GR1
376,1447,1823,0.7937465715852989,-0.4179566563467492,0.0577485380116959,GR1
261,1566,1827,0.8571428571428571,-0.3058510638297872,0.08223911541119558,GR1
215,1380,1595,0.8652037617554859,-0.17624521072796934,-0.11877394636015326,GR1
204,912,1116,0.8172043010752689,-0.05116279069767442,-0.3391304347826087,GR1
373,1317,1690,0.7792899408284024,0.8284313725490197,0.4440789473684211,GR1
276,1441,1717,0.8392545136866628,-0.26005361930294907,0.09415337889141989,GR1
192,1522,1714,0.8879813302217037,-0.30434782608695654,0.056210964607911175,GR1
248,1407,1655,0.8501510574018127,0.2916666666666667,-0.07555847568988174,GR1
452,1190,1642,0.7247259439707674,0.8225806451612904,-0.15422885572139303,GR1
367,1223,1590,0.769182389937107,-0.18805309734513273,0.02773109243697479,GR1
541,1162,1703,0.6823253082795068,0.47411444141689374,-0.04987735077677841,GR1
327,1292,1619,0.798023471278567,-0.3955637707948244,0.11187607573149742,GR1
162,1351,1513,0.8929279576999339,-0.5045871559633027,0.0456656346749226,GR1
500,1273,1773,0.7179921037789058,2.0864197530864197,-0.05773501110288675,GR1
352,1123,1475,0.7613559322033898,-0.296,-0.1178318931657502,GR1
344,1446,1790,0.8078212290502793,-0.022727272727272728,0.28762243989314334,GR1
375,645,1020,0.6323529411764706,0.09011627906976744,-0.553941908713693,GR1
403,1303,1706,0.7637749120750293,0.07466666666666667,1.0201550387596898,GR1
339,1051,1390,0.7561151079136691,-0.1588089330024814,-0.19339984650805833,GR1
380,1413,1793,0.7880646960401562,0.12094395280235988,0.34443387250237867,GR1
526,1421,1947,0.7298407806882383,0.38421052631578945,0.005661712668082095,GR1
356,1370,1726,0.7937427578215527,-0.3231939163498099,-0.03589021815622801,GR1
450,1080,1530,0.7058823529411765,0.2640449438202247,-0.2116788321167883,GR1
434,1213,1647,0.7364905889496054,-0.035555555555555556,0.12314814814814815,GR1
653,1311,1964,0.6675152749490835,0.5046082949308756,0.0807914262159934,GR1
337,1485,1822,0.8150384193194292,-0.48392036753445633,0.13272311212814644,GR1
479,1370,1849,0.7409410492157923,0.42136498516320475,-0.07744107744107744,GR1
324,749,1073,0.6980428704566636,-0.3235908141962422,-0.45328467153284674,GR1
180,965,1145,0.8427947598253275,-0.4444444444444444,0.2883845126835781,GR1
341,601,942,0.638004246284501,0.8944444444444445,-0.3772020725388601,GR1
156,967,1123,0.8610863757791629,-0.5425219941348973,0.6089850249584027,GR1
325,1219,1544,0.7895077720207254,1.0833333333333333,0.26059979317476734,GR1
217,966,1183,0.8165680473372781,-0.3323076923076923,-0.20754716981132076,GR1
320,933,1253,0.7446129289704708,0.47465437788018433,-0.034161490683229816,GR1
200,806,1006,0.8011928429423459,-0.375,-0.13612004287245444,GR1
373,694,1067,0.6504217432052484,0.865,-0.13895781637717122,GR1
318,720,1038,0.6936416184971098,-0.14745308310991956,0.037463976945244955,GR1
350,709,1059,0.6694995278564684,0.10062893081761007,-0.015277777777777777,GR1
392,854,1246,0.6853932584269663,0.12,0.20451339915373765,GR1
199,931,1130,0.8238938053097346,-0.4923469387755102,0.09016393442622951,GR1
376,605,981,0.6167176350662589,0.8894472361809045,-0.3501611170784103,GR1
411,876,1287,0.6806526806526807,0.09308510638297872,0.4479338842975207,GR1
274,1156,1430,0.8083916083916084,-0.3333333333333333,0.319634703196347,GR1
502,1167,1669,0.6992210904733374,0.8321167883211679,0.009515570934256055,GR1
291,1362,1653,0.8239564428312159,-0.4203187250996016,0.16709511568123395,GR1
327,821,1148,0.7151567944250871,0.12371134020618557,-0.39720998531571217,GR1
369,921,1290,0.713953488372093,0.12844036697247707,0.1218026796589525,GR1
211,843,1054,0.7998102466793169,-0.4281842818428184,-0.08469055374592833,GR1
376,973,1349,0.7212750185322461,0.7819905213270142,0.1542111506524318,GR1
369,907,1276,0.7108150470219435,-0.018617021276595744,-0.06783144912641316,GR1
362,2006,2368,0.8471283783783784,0,0,GR2
495,1633,2128,0.7673872180451128,0.3674033149171271,-0.18594217347956132,GR2
302,1766,2068,0.8539651837524178,-0.3898989898989899,0.08144519289650949,GR2
175,1582,1757,0.900398406374502,-0.4205298013245033,-0.10419026047565119,GR2
500,1597,2097,0.7615641392465426,1.8571428571428572,0.009481668773704172,GR2
469,1324,1793,0.7384272169548243,-0.062,-0.17094552285535378,GR2
363,1272,1635,0.7779816513761468,-0.2260127931769723,-0.03927492447129909,GR2
371,1759,2130,0.8258215962441314,0.02203856749311295,0.3828616352201258,GR2
383,1947,2330,0.8356223175965666,0.03234501347708895,0.106878908470722,GR2
386,1438,1824,0.7883771929824561,0.007832898172323759,-0.2614278376990241,GR2
435,1304,1739,0.7498562392179413,0.12694300518134716,-0.09318497913769123,GR2
280,1993,2273,0.8768147822261328,-0.3563218390804598,0.5283742331288344,GR2
376,1651,2027,0.8145041933892452,0.34285714285714286,-0.17160060210737582,GR2
340,2089,2429,0.8600247015232606,-0.09574468085106383,0.2652937613567535,GR2
578,1867,2445,0.7635991820040899,0.7,-0.10627094303494496,GR2
413,1619,2032,0.796751968503937,-0.28546712802768165,-0.1328334226031066,GR2
438,1296,1734,0.7474048442906575,0.06053268765133172,-0.19950586781964175,GR2
367,1680,2047,0.8207132388861749,-0.16210045662100456,0.2962962962962963,GR2
444,1662,2106,0.7891737891737892,0.2098092643051771,-0.010714285714285714,GR2
544,1529,2073,0.7375783888084901,0.22522522522522523,-0.08002406738868832,GR2
394,1736,2130,0.8150234741784037,-0.2757352941176471,0.1353826030085023,GR2
356,1788,2144,0.8339552238805971,-0.09644670050761421,0.029953917050691243,GR2
250,1236,1486,0.8317631224764468,-0.29775280898876405,-0.3087248322147651,GR2
651,1564,2215,0.7060948081264108,1.604,0.26537216828478966,GR2
473,1832,2305,0.7947939262472885,-0.27342549923195086,0.17135549872122763,GR2
465,1031,1496,0.6891711229946524,-0.016913319238900635,-0.43722707423580787,GR2
18821,1382,20203,0.06840568232440726,39.4752688172043,0.34044616876818623,GR2
264,2029,2293,0.8848669864805931,-0.9859731151373465,0.4681620839363242,GR2
179,1526,1705,0.8950146627565982,-0.32196969696969696,-0.24790537210448496,GR2
356,1521,1877,0.810335641981886,0.9888268156424581,-0.00327653997378768,GR2
539,1502,2041,0.7359137677609016,0.5140449438202247,-0.012491781722550954,GR2
397,1823,2220,0.8211711711711712,-0.2634508348794063,0.2137150466045273,GR2
269,1133,1402,0.8081312410841655,-0.3224181360201511,-0.37849698299506307,GR2
336,1072,1408,0.7613636363636364,0.24907063197026022,-0.05383936451897617,GR2
169,1621,1790,0.9055865921787709,-0.49702380952380953,0.5121268656716418,GR2
530,2112,2642,0.7993943981831946,2.136094674556213,0.3028994447871684,GR2
467,1320,1787,0.7386681589255736,-0.11886792452830189,-0.375,GR2
451,1651,2102,0.7854424357754519,-0.034261241970021415,0.25075757575757573,GR2
345,1655,2000,0.8275,-0.23503325942350334,0.0024227740763173833,GR2
361,1335,1696,0.7871462264150944,0.0463768115942029,-0.1933534743202417,GR2
671,1948,2619,0.743795341733486,0.8587257617728532,0.4591760299625468,GR2
340,1511,1851,0.8163155051323608,-0.4932935916542474,-0.22433264887063656,GR2
346,1644,1990,0.8261306532663316,0.01764705882352941,0.08802117802779616,GR2
456,1448,1904,0.7605042016806722,0.3179190751445087,-0.1192214111922141,GR2
287,1338,1625,0.8233846153846154,-0.3706140350877193,-0.07596685082872928,GR2
677,1186,1863,0.6366076221148685,1.3588850174216027,-0.11360239162929746,GR2
417,1315,1732,0.7592378752886836,-0.38404726735598227,0.1087689713322091,GR2
414,1503,1917,0.784037558685446,-0.007194244604316547,0.1429657794676806,GR2
319,1689,2008,0.8411354581673307,-0.22946859903381642,0.12375249500998003,GR2
510,1445,1955,0.7391304347826086,0.5987460815047022,-0.14446417998815866,GR2
252,1507,1759,0.8567367822626493,-0.5058823529411764,0.042906574394463666,GR2
425,1194,1619,0.7374922791846819,0.6865079365079365,-0.20769741207697412,GR2
436,1535,1971,0.7787924911212583,0.02588235294117647,0.28559463986599665,GR2
334,1364,1698,0.8032979976442874,-0.23394495412844038,-0.11140065146579804,GR2
459,1820,2279,0.7985958753839403,0.37425149700598803,0.3343108504398827,GR2
284,1671,1955,0.8547314578005115,-0.3812636165577342,-0.08186813186813187,GR2
411,1517,1928,0.7868257261410788,0.4471830985915493,-0.0921603830041891,GR2
203,1590,1793,0.886781929726715,-0.5060827250608273,0.04812129202373105,GR2
426,2042,2468,0.8273905996758509,1.0985221674876848,0.2842767295597484,GR2
586,1404,1990,0.7055276381909548,0.3755868544600939,-0.31243878550440746,GR2
309,1422,1731,0.8214904679376083,-0.4726962457337884,0.01282051282051282,GR2
403,1300,1703,0.7633587786259542,0.3042071197411003,-0.08579465541490858,GR2
292,1772,2064,0.8585271317829457,-0.27543424317617865,0.3630769230769231,GR2
345,1737,2082,0.8342939481268011,0.1815068493150685,-0.019751693002257337,GR2
654,1896,2550,0.7435294117647059,0.8956521739130435,0.09153713298791019,GR2
367,2118,2485,0.8523138832997988,-0.43883792048929665,0.11708860759493671,GR2
390,1761,2151,0.8186889818688982,0.06267029972752043,-0.16855524079320114,GR2
377,1422,1799,0.7904391328515842,-0.03333333333333333,-0.19250425894378195,GR2
565,1390,1955,0.710997442455243,0.4986737400530504,-0.02250351617440225,GR2
293,1863,2156,0.864100185528757,-0.4814159292035398,0.3402877697841727,GR2
395,1240,1635,0.7584097859327217,0.34812286689419797,-0.3344068706387547,GR2
367,1940,2307,0.8409189423493715,-0.07088607594936709,0.5645161290322581,GR2
480,1435,1915,0.7493472584856397,0.3079019073569482,-0.2603092783505155,GR2
402,1410,1812,0.7781456953642384,-0.1625,-0.017421602787456445,GR2
403,1592,1995,0.7979949874686717,0.0024875621890547263,0.12907801418439716,GR2
263,1550,1813,0.8549365692222836,-0.34739454094292804,-0.026381909547738693,GR2
385,1362,1747,0.7796222095020034,0.46387832699619774,-0.12129032258064516,GR2
375,1680,2055,0.8175182481751825,-0.025974025974025976,0.23348017621145375,GR2
490,1551,2041,0.759921607055365,0.30666666666666664,-0.07678571428571429,GR2
451,1365,1816,0.7516519823788547,-0.07959183673469387,-0.11992263056092843,GR2
370,1548,1918,0.8070907194994786,-0.17960088691796008,0.13406593406593406,GR2
270,1321,1591,0.8302954116907605,-0.2702702702702703,-0.146640826873385,GR2
380,1504,1884,0.7983014861995754,0.4074074074074074,0.13853141559424678,GR2
524,1173,1697,0.6912197996464349,0.37894736842105264,-0.22007978723404256,GR2
336,1133,1469,0.7712729748127978,-0.35877862595419846,-0.03410059676044331,GR2
277,1494,1771,0.8435911914172783,-0.17559523809523808,0.31862312444836716,GR2
465,1241,1706,0.727432590855803,0.6787003610108303,-0.16934404283801874,GR2
354,1099,1453,0.7563661390227117,-0.23870967741935484,-0.11442385173247381,GR2
533,1604,2137,0.7505849321478708,0.5056497175141242,0.45950864422202004,GR2
441,1754,2195,0.7990888382687927,-0.1726078799249531,0.09351620947630923,GR2
331,1350,1681,0.8030933967876264,-0.2494331065759637,-0.23033067274800456,GR2
358,1338,1696,0.7889150943396226,0.08157099697885196,-0.008888888888888889,GR2
277,1317,1594,0.8262233375156838,-0.22625698324022347,-0.01569506726457399,GR2
530,1476,2006,0.7357926221335992,0.9133574007220217,0.12072892938496584,GR2
495,1064,1559,0.6824887748556767,-0.0660377358490566,-0.2791327913279133,GR2
334,1150,1484,0.7749326145552561,-0.32525252525252524,0.08082706766917293,GR2
341,778,1119,0.6952636282394995,0.020958083832335328,-0.3234782608695652,GR2
306,2055,2361,0.8703939008894537,-0.10263929618768329,1.641388174807198,GR2
720,1983,2703,0.7336293007769146,1.3529411764705883,-0.035036496350364967,GR2
422,1304,1726,0.7555040556199305,-0.41388888888888886,-0.34241048915784167,GR2
315,1537,1852,0.8299136069114471,-0.25355450236966826,0.17868098159509202,GR2
404,1467,1871,0.7840726884019241,0.28253968253968254,-0.04554326610279766,GR2
657,1580,2237,0.7063030844881538,0.6262376237623762,0.07702794819359236,GR2
481,1547,2028,0.7628205128205128,-0.2678843226788432,-0.02088607594936709,GR2
344,1712,2056,0.8326848249027238,-0.28482328482328484,0.10665804783451842,GR2
457,1080,1537,0.7026675341574495,0.32848837209302323,-0.3691588785046729,GR2
243,1622,1865,0.8697050938337801,-0.4682713347921225,0.5018518518518519,GR2
541,2086,2627,0.794061667301104,1.2263374485596708,0.28606658446362515,GR2
443,1069,1512,0.707010582010582,-0.18114602587800369,-0.487535953978907,GR2
445,1618,2063,0.78429471643238,0.004514672686230248,0.5135640785781104,GR2
167,1805,1972,0.915314401622718,-0.6247191011235955,0.11557478368355995,GR2
354,1250,1604,0.7793017456359103,1.1197604790419162,-0.3074792243767313,GR2
336,1522,1858,0.8191603875134553,-0.05084745762711865,0.2176,GR2
314,1021,1335,0.7647940074906368,-0.06547619047619048,-0.3291721419185282,GR2
325,1256,1581,0.7944339025932954,0.03503184713375796,0.23016650342801176,GR2
431,1420,1851,0.7671528903295516,0.3261538461538461,0.1305732484076433,GR2
698,1393,2091,0.6661884265901482,0.6194895591647331,-0.019014084507042252,GR2
362,1374,1736,0.7914746543778802,-0.4813753581661891,-0.013639626704953339,GR2
411,1141,1552,0.7351804123711341,0.13535911602209943,-0.16957787481804948,GR2
372,1281,1653,0.7749546279491834,-0.0948905109489051,0.12269938650306748,GR2
272,1546,1818,0.8503850385038504,-0.26881720430107525,0.2068696330991413,GR2
212,1439,1651,0.8715929739551787,-0.22058823529411764,-0.06921086675291074,GR2
353,2041,2394,0.852548036758563,0.6650943396226415,0.41834607366226545,GR2
287,4500,4787,0.9400459578023814,-0.18696883852691218,1.2048015678588928,GR2
292,1491,1783,0.836231071228267,0.017421602787456445,-0.6686666666666666,GR2
632,1444,2076,0.6955684007707129,1.1643835616438356,-0.031522468142186455,GR2
505,1879,2384,0.7881711409395973,-0.20094936708860758,0.3012465373961219,GR2
275,1709,1984,0.8613911290322581,-0.45544554455445546,-0.09047365620010644,GR2
400,1551,1951,0.7949769349051768,0.45454545454545453,-0.09245172615564658,GR2
662,1811,2473,0.732308936514355,0.655,0.16763378465506126,GR2
341,1422,1763,0.8065796937039138,-0.48489425981873113,-0.21479845389287686,GR2
525,1268,1793,0.7071946458449526,0.5395894428152492,-0.10829817158931083,GR2
407,1300,1707,0.7615700058582309,-0.22476190476190477,0.025236593059936908,GR2
368,1206,1574,0.7662007623888183,-0.09582309582309582,-0.07230769230769231,GR2
600,1708,2308,0.7400346620450606,0.6304347826086957,0.41625207296849087,GR2
182,1617,1799,0.8988326848249028,-0.6966666666666667,-0.05327868852459016,GR2
396,1273,1669,0.762732174955063,1.1758241758241759,-0.21273964131106987,GR2
320,1921,2241,0.857206604194556,-0.1919191919191919,0.5090337784760408,GR2
434,1421,1855,0.7660377358490567,0.35625,-0.2602811035918792,GR2
643,1080,1723,0.6268136970400464,0.4815668202764977,-0.23997185080928923,GR2
369,1406,1775,0.7921126760563381,-0.4261275272161742,0.30185185185185187,GR2
315,1639,1954,0.838792221084954,-0.14634146341463414,0.16571834992887624,GR2
357,1657,2014,0.8227408142999006,0.13333333333333333,0.010982306284319707,GR2
175,1588,1763,0.900737379466818,-0.5098039215686274,-0.04164152082076041,GR2
330,1810,2140,0.8457943925233645,0.8857142857142857,0.1397984886649874,GR2
452,1616,2068,0.781431334622824,0.3696969696969697,-0.10718232044198896,GR2
230,1752,1982,0.8839556004036327,-0.4911504424778761,0.08415841584158416,GR2
231,1829,2060,0.8878640776699029,0.004347826086956522,0.043949771689497714,GR2
342,1378,1720,0.8011627906976744,0.4805194805194805,-0.24658283214871515,GR2
188,1967,2155,0.9127610208816705,-0.4502923976608187,0.4274310595065312,GR2
270,1719,1989,0.8642533936651584,0.43617021276595747,-0.1260803253685816,GR2
400,1447,1847,0.7834325933946941,0.48148148148148145,-0.15823152995927864,GR2
335,1924,2259,0.8517042939353696,-0.1625,0.32964754664823775,GR2
440,1720,2160,0.7962962962962963,0.31343283582089554,-0.10602910602910603,GR2
531,1377,1908,0.7216981132075472,0.20681818181818182,-0.1994186046511628,GR2
250,2156,2406,0.8960931005818786,-0.5291902071563088,0.5657225853304285,GR2
291,1718,2009,0.8551518168242906,0.164,-0.20315398886827457,GR2
378,1604,1982,0.8092835519677094,0.29896907216494845,-0.06635622817229336,GR2
334,1445,1779,0.8122540753232153,-0.1164021164021164,-0.09912718204488778,GR2
439,1673,2112,0.7921401515151515,0.3143712574850299,0.15778546712802768,GR2
386,1830,2216,0.825812274368231,-0.12072892938496584,0.09384339509862523,GR2
399,1016,1415,0.7180212014134275,0.03367875647668394,-0.4448087431693989,GR2
392,1995,2387,0.8357771260997068,-0.017543859649122806,0.9635826771653543,GR2
345,1744,2089,0.8348492101483964,-0.11989795918367346,-0.12581453634085213,GR2
449,1550,1999,0.7753876938469234,0.30144927536231886,-0.11123853211009174,GR2
447,1835,2282,0.8041191936897458,-0.004454342984409799,0.18387096774193548,GR2
428,1780,2208,0.8061594202898551,-0.042505592841163314,-0.02997275204359673,GR2
483,1639,2122,0.7723845428840717,0.12850467289719625,-0.07921348314606741,GR2
229,1751,1980,0.8843434343434343,-0.525879917184265,0.06833435021354485,GR2
295,1813,2108,0.860056925996205,0.28820960698689957,0.03540833809251856,GR2
395,1711,2106,0.8124406457739791,0.3389830508474576,-0.05626034197462769,GR2
254,1667,1921,0.8677771993753254,-0.3569620253164557,-0.02571595558153127,GR2
602,1808,2410,0.750207468879668,1.3700787401574803,0.08458308338332333,GR2
474,1722,2196,0.7841530054644809,-0.21262458471760798,-0.04756637168141593,GR2
205,1546,1751,0.8829240434037693,-0.5675105485232067,-0.10220673635307782,GR2
361,1467,1828,0.8025164113785558,0.7609756097560976,-0.05109961190168176,GR2
514,1545,2059,0.7503642544924721,0.42382271468144045,0.053169734151329244,GR2
450,1703,2153,0.7909893172317696,-0.1245136186770428,0.1022653721682848,GR2
329,1692,2021,0.8372093023255814,-0.2688888888888889,-0.0064591896652965355,GR2
463,1866,2329,0.8012022327179047,0.4072948328267477,0.10283687943262411,GR2
180,1852,2032,0.9114173228346457,-0.6112311015118791,-0.007502679528403001,GR2
336,1562,1898,0.8229715489989463,0.8666666666666667,-0.15658747300215983,GR2
600,1905,2505,0.7604790419161677,0.7857142857142857,0.21959026888604352,GR2
416,1978,2394,0.8262322472848789,-0.30666666666666664,0.03832020997375328,GR2
253,2237,2490,0.8983935742971888,-0.3918269230769231,0.13094034378159758,GR2
284,1697,1981,0.8566380615850581,0.1225296442687747,-0.24139472507822976,GR2
391,1822,2213,0.8233167645729779,0.3767605633802817,0.07365939893930465,GR2
423,1128,1551,0.7272727272727273,0.08184143222506395,-0.3809001097694841,GR2
397,1219,1616,0.7543316831683168,-0.061465721040189124,0.08067375886524823,GR2
556,1715,2271,0.7551739321884632,0.4005037783375315,0.40689089417555374,GR2
460,1729,2189,0.789858382823207,-0.17266187050359713,0.00816326530612245,GR2
339,1570,1909,0.822420115243583,-0.26304347826086955,-0.09196067090803933,GR2
411,2038,2449,0.8321763985300122,0.21238938053097345,0.2980891719745223,GR2
491,1623,2114,0.7677388836329234,0.19464720194647203,-0.20363101079489695,GR2
612,2083,2695,0.77291280148423,0.24643584521384929,0.28342575477510784,GR2
292,1318,1610,0.8186335403726708,-0.5228758169934641,-0.3672587614018243,GR2
311,1642,1953,0.840757808499744,0.06506849315068493,0.24582701062215478,GR2
335,1343,1678,0.800357568533969,0.07717041800643087,-0.182095006090134,GR2
413,975,1388,0.702449567723343,0.23283582089552238,-0.2740134028294862,GR2
224,2125,2349,0.9046402724563644,-0.4576271186440678,1.1794871794871795,GR2
382,1866,2248,0.8300711743772242,0.7053571428571429,-0.12188235294117647,GR2
447,1261,1708,0.7382903981264637,0.17015706806282724,-0.3242229367631297,GR2
331,2162,2493,0.8672282390693943,-0.2595078299776286,0.7145122918318795,GR2
280,1910,2190,0.8721461187214612,-0.1540785498489426,-0.11655874190564293,GR2
454,1498,1952,0.7674180327868853,0.6214285714285714,-0.2157068062827225,GR2
461,1842,2303,0.799826313504125,0.015418502202643172,0.22963951935914553,GR2
393,1605,1998,0.8033033033033034,-0.1475054229934924,-0.12866449511400652,GR2
391,1331,1722,0.772938443670151,-0.005089058524173028,-0.1707165109034268,GR2
576,2153,2729,0.788933675338952,0.4731457800511509,0.6175807663410969,GR2
369,1763,2132,0.8269230769230769,-0.359375,-0.18114259173246633,GR2
168,1863,2031,0.9172821270310192,-0.5447154471544715,0.05672149744753262,GR2
382,1725,2107,0.8186995728523968,1.2738095238095237,-0.07407407407407407,GR2
488,1195,1683,0.7100415923945336,0.2774869109947644,-0.3072463768115942,GR2
568,1450,2018,0.7185332011892963,0.16393442622950818,0.21338912133891214,GR2
410,1830,2240,0.8169642857142857,-0.27816901408450706,0.2620689655172414,GR2
415,1617,2032,0.7957677165354331,0.012195121951219513,-0.11639344262295082,GR2
310,2222,2532,0.8775671406003159,-0.25301204819277107,0.3741496598639456,GR2
310,1591,1901,0.8369279326670174,0.0,-0.28397839783978396,GR2
702,1904,2606,0.7306216423637759,1.264516129032258,0.19673161533626649,GR2
439,1194,1633,0.7311696264543784,-0.37464387464387466,-0.37289915966386555,GR2
308,1605,1913,0.8389963408259279,-0.2984054669703872,0.3442211055276382,GR2
342,1964,2306,0.8516912402428447,0.11038961038961038,0.2236760124610592,GR2
383,1454,1837,0.7915078933043005,0.11988304093567251,-0.25967413441955195,GR2
415,1731,2146,0.8066169617893756,0.0835509138381201,0.1905089408528198,GR2
621,1343,1964,0.6838085539714868,0.4963855421686747,-0.2241478913922588,GR2
400,1626,2026,0.8025666337611056,-0.355877616747182,0.21072226358897989,GR2
343,971,1314,0.73896499238965,-0.1425,-0.4028290282902829,GR2
514,1320,1834,0.7197382769901853,0.49854227405247814,0.35942327497425336,GR2
443,1805,2248,0.8029359430604982,-0.13813229571984437,0.36742424242424243,GR2
452,1559,2011,0.775236200895077,0.020316027088036117,-0.1362880886426593,GR2
345,1627,1972,0.8250507099391481,-0.23672566371681417,0.04361770365618987,GR2
444,1797,2241,0.8018741633199464,0.28695652173913044,0.10448678549477566,GR2
427,1614,2041,0.7907888290053895,-0.038288288288288286,-0.1018363939899833,GR2
396,1487,1883,0.7896972915560276,-0.07259953161592506,-0.07868649318463444,GR2
632,2118,2750,0.7701818181818182,0.5959595959595959,0.42434431741761935,GR2
412,1698,2110,0.804739336492891,-0.34810126582278483,-0.19830028328611898,GR2
379,1457,1836,0.7935729847494554,-0.08009708737864078,-0.1419316843345112,GR2
431,1394,1825,0.7638356164383562,0.13720316622691292,-0.043239533287577216,GR2
606,1509,2115,0.7134751773049646,0.4060324825986079,0.0824964131994261,GR2
522,1504,2026,0.7423494570582428,-0.13861386138613863,-0.0033134526176275677,GR2
361,1507,1868,0.806745182012848,-0.30842911877394635,0.0019946808510638296,GR2
416,1048,1464,0.7158469945355191,0.1523545706371191,-0.3045786330457863,GR2
228,1765,1993,0.8855995985950827,-0.4519230769230769,0.6841603053435115,GR2
478,1518,1996,0.7605210420841684,1.0964912280701755,-0.13994334277620396,GR2
425,1228,1653,0.7428917120387175,-0.1108786610878661,-0.19104084321475626,GR2
431,1938,2369,0.8180666948079358,0.01411764705882353,0.5781758957654723,GR2
329,1970,2299,0.8568943018703784,-0.23665893271461716,0.016511867905056758,GR2
329,1341,1670,0.8029940119760479,0.0,-0.3192893401015228,GR2
608,1543,2151,0.7173407717340772,0.8480243161094225,0.1506338553318419,GR2
309,1787,2096,0.8525763358778626,-0.4917763157894737,0.15813350615683733,GR2
377,1619,1996,0.811122244488978,0.22006472491909385,-0.09401231113598209,GR2
437,1285,1722,0.7462253193960511,0.15915119363395225,-0.20630018529956765,GR2
468,1966,2434,0.8077239112571898,0.07093821510297482,0.5299610894941634,GR2
361,1509,1870,0.8069518716577541,-0.22863247863247863,-0.23245167853509666,GR2
419,1555,1974,0.7877406281661601,0.16066481994459833,0.030483764082173626,GR2
344,1908,2252,0.8472468916518651,-0.17899761336515513,0.22700964630225082,GR2
358,1831,2189,0.836455002284148,0.040697674418604654,-0.04035639412997904,GR2
450,1612,2062,0.7817652764306499,0.2569832402234637,-0.11960677225559803,GR2
280,1542,1822,0.8463227222832053,-0.37777777777777777,-0.043424317617866005,GR2
337,1662,1999,0.8314157078539269,0.20357142857142857,0.07782101167315175,GR2
404,1630,2034,0.8013765978367748,0.19881305637982197,-0.019253910950661854,GR2
352,1489,1841,0.8087995654535578,-0.12871287128712872,-0.08650306748466258,GR2
625,1489,2114,0.7043519394512772,0.7755681818181818,0.0,GR2
222,1844,2066,0.8925459825750242,-0.6448,0.2384150436534587,GR2
385,1596,1981,0.8056537102473498,0.7342342342342343,-0.13449023861171366,GR2
467,1984,2451,0.8094655242758058,0.21298701298701297,0.24310776942355888,GR2
365,1234,1599,0.7717323327079425,-0.21841541755888652,-0.3780241935483871,GR2
262,1769,2031,0.8709995076317085,-0.2821917808219178,0.43354943273906,GR2
365,1596,1961,0.8138704742478328,0.3931297709923664,-0.09779536461277558,GR2
414,1260,1674,0.7526881720430108,0.13424657534246576,-0.21052631578947367,GR2
418,1817,2235,0.8129753914988814,0.00966183574879227,0.44206349206349205,GR2
623,1380,2003,0.6889665501747378,0.4904306220095694,-0.24050632911392406,GR2
435,1415,1850,0.7648648648648648,-0.3017656500802568,0.025362318840579712,GR2
345,1947,2292,0.849476439790576,-0.20689655172413793,0.3759717314487632,GR2
363,1666,2029,0.8210941350418925,0.05217391304347826,-0.1443246019517206,GR2
171,1825,1996,0.9143286573146293,-0.5289256198347108,0.09543817527010805,GR2
483,1824,2307,0.7906371911573472,1.8245614035087718,-0.000547945205479452,GR2
472,1491,1963,0.7595517065715741,-0.022774327122153208,-0.1825657894736842,GR2
327,1569,1896,0.8275316455696202,-0.3072033898305085,0.052313883299798795,GR2
420,1273,1693,0.7519196692262257,0.28440366972477066,-0.18865519439133205,GR2
173,1882,2055,0.9158150851581508,-0.5880952380952381,0.4783974862529458,GR2
314,1571,1885,0.83342175066313,0.815028901734104,-0.16524973432518597,GR2
433,1680,2113,0.7950780880265026,0.37898089171974525,0.06938255887969447,GR2
367,1324,1691,0.7829686575990538,-0.15242494226327943,-0.2119047619047619,GR2
453,1137,1590,0.7150943396226415,0.23433242506811988,-0.14123867069486404,GR2
342,1735,2077,0.8353394318728936,-0.24503311258278146,0.5259454705364995,GR2
449,1526,1975,0.7726582278481012,0.3128654970760234,-0.12046109510086456,GR2
395,914,1309,0.6982429335370511,-0.12026726057906459,-0.40104849279161203,GR2
652,1178,1830,0.6437158469945355,0.6506329113924051,0.2888402625820569,GR2
323,1457,1780,0.8185393258426966,-0.504601226993865,0.23684210526315788,GR2
287,1145,1432,0.7995810055865922,-0.11145510835913312,-0.21413864104323954,GR2
356,1757,2113,0.8315191670610507,0.24041811846689895,0.5344978165938865,GR2
397,1377,1774,0.7762119503945885,0.1151685393258427,-0.21627774615822423,GR2
600,1169,1769,0.6608253250423969,0.5113350125944585,-0.15105301379811184,GR2
459,889,1348,0.6594955489614244,-0.235,-0.23952095808383234,GR2
389,1275,1664,0.7662259615384616,-0.15250544662309368,0.4341957255343082,GR2
373,1344,1717,0.7827606290040768,-0.04113110539845758,0.05411764705882353,GR2
378,1194,1572,0.7595419847328244,0.013404825737265416,-0.11160714285714286,GR2
408,979,1387,0.7058399423215573,0.07936507936507936,-0.1800670016750419,GR2
316,1429,1745,0.8189111747851003,-0.22549019607843138,0.45965270684371806,GR2
385,2197,2582,0.8508907823392718,0,0,GR3
174,804,978,0.8220858895705522,-0.548051948051948,-0.6340464269458352,GR3
559,1863,2422,0.7691990090834021,2.2126436781609193,1.3171641791044777,GR3
165,926,1091,0.8487626031164069,-0.7048300536672629,-0.5029522275899088,GR3
207,786,993,0.7915407854984894,0.2545454545454545,-0.1511879049676026,GR3
226,761,987,0.7710233029381965,0.09178743961352658,-0.031806615776081425,GR3
407,1742,2149,0.8106095858538855,0.8008849557522124,1.2890932982917214,GR3
420,1848,2268,0.8148148148148148,0.03194103194103194,0.060849598163030996,GR3
407,1708,2115,0.807565011820331,-0.030952380952380953,-0.07575757575757576,GR3
348,1284,1632,0.7867647058823529,-0.14496314496314497,-0.24824355971896955,GR3
464,949,1413,0.6716206652512385,0.3333333333333333,-0.26090342679127726,GR3
572,2553,3125,0.81696,0.23275862068965517,1.690200210748156,GR3
320,2714,3034,0.8945286750164799,-0.4405594405594406,0.06306306306306306,GR3
375,2127,2502,0.8501199040767387,0.171875,-0.21628592483419307,GR3
383,3208,3591,0.8933444722918407,0.021333333333333333,0.5082275505406676,GR3
726,1573,2299,0.6842105263157895,0.8955613577023499,-0.5096633416458853,GR3
331,3802,4133,0.9199128962013066,-0.5440771349862259,1.4170375079465989,GR3
329,3590,3919,0.9160500127583567,-0.006042296072507553,-0.05576012624934245,GR3
295,3328,3623,0.9185757659398289,-0.1033434650455927,-0.07298050139275766,GR3
257,2727,2984,0.9138739946380697,-0.1288135593220339,-0.18058894230769232,GR3
469,1350,1819,0.7421660252886201,0.8249027237354085,-0.504950495049505,GR3
481,3217,3698,0.8699296917252569,0.0255863539445629,1.382962962962963,GR3
383,2378,2761,0.8612821441506701,-0.20374220374220375,-0.260801989431147,GR3
367,1961,2328,0.8423539518900344,-0.04177545691906005,-0.1753574432296047,GR3
305,2324,2629,0.8839863065804489,-0.16893732970027248,0.18510963793982663,GR3
426,2266,2692,0.8417533432392273,0.39672131147540984,-0.02495697074010327,GR3
368,2177,2545,0.8554027504911591,-0.13615023474178403,-0.03927625772285966,GR3
547,2036,2583,0.7882307394502517,0.48641304347826086,-0.06476802939825448,GR3
445,1803,2248,0.8020462633451957,-0.18647166361974407,-0.1144400785854617,GR3
381,1402,1783,0.786315199102636,-0.14382022471910114,-0.22240709927897948,GR3
397,2978,3375,0.8823703703703704,0.04199475065616798,1.1241084165477888,GR3
455,2326,2781,0.8363897878460985,0.14609571788413098,-0.21893888515782403,GR3
424,2106,2530,0.8324110671936759,-0.06813186813186813,-0.09458297506448839,GR3
477,2433,2910,0.8360824742268042,0.125,0.15527065527065528,GR3
394,2378,2772,0.8578643578643579,-0.1740041928721174,-0.02260583641594739,GR3
280,2079,2359,0.8813056379821959,-0.2893401015228426,-0.1257359125315391,GR3
297,2241,2538,0.8829787234042553,0.060714285714285714,0.07792207792207792,GR3
285,4886,5171,0.9448849352156256,-0.04040404040404041,1.180276662204373,GR3
390,1440,1830,0.7868852459016393,0.3684210526315789,-0.7052803929594761,GR3
605,807,1412,0.5715297450424929,0.5512820512820513,-0.4395833333333333,GR3
279,2926,3205,0.9129485179407176,-0.5388429752066116,2.6257744733581165,GR3
412,2135,2547,0.8382410679230468,0.4767025089605735,-0.2703349282296651,GR3
354,1392,1746,0.7972508591065293,-0.1407766990291262,-0.3480093676814988,GR3
258,3248,3506,0.9264118653736452,-0.2711864406779661,1.3333333333333333,GR3
378,2662,3040,0.8756578947368421,0.46511627906976744,-0.18041871921182265,GR3
574,1084,1658,0.6537997587454765,0.5185185185185185,-0.5927873779113448,GR3
437,2554,2991,0.8538950183884988,-0.23867595818815332,1.3560885608856088,GR3
290,2241,2531,0.8854207822994864,-0.33638443935926776,-0.1225528582615505,GR3
342,2182,2524,0.8645007923930269,0.1793103448275862,-0.026327532351628737,GR3
374,2238,2612,0.8568147013782542,0.0935672514619883,0.025664527956003668,GR3
284,2382,2666,0.8934733683420856,-0.24064171122994651,0.064343163538874,GR3
644,2215,2859,0.7747464148303602,1.267605633802817,-0.07010915197313182,GR3
389,2309,2698,0.8558191252779836,-0.39596273291925466,0.042437923250564336,GR3
540,1316,1856,0.709051724137931,0.38817480719794345,-0.4300563014291901,GR3
426,3364,3790,0.8875989445910291,-0.2111111111111111,1.5562310030395137,GR3
316,3344,3660,0.9136612021857924,-0.25821596244131456,-0.005945303210463734,GR3
403,1947,2350,0.8285106382978723,0.27531645569620256,-0.41776315789473684,GR3
496,838,1334,0.6281859070464768,0.23076923076923078,-0.5695942475603493,GR3
457,4045,4502,0.8984895601954687,-0.07862903225806452,3.8269689737470167,GR3
300,3602,3902,0.9231163505894413,-0.3435448577680525,-0.10951792336217553,GR3
367,2639,3006,0.8779108449767132,0.22333333333333333,-0.2673514714047751,GR3
464,2638,3102,0.8504190844616376,0.26430517711171664,-0.00037893141341417203,GR3
389,2207,2596,0.8501540832049307,-0.16163793103448276,-0.16338134950720243,GR3
761,2161,2922,0.7395619438740588,0.9562982005141388,-0.02084277299501586,GR3
333,2230,2563,0.870074131876707,-0.5624178712220762,0.031929662193428965,GR3
435,2213,2648,0.8357250755287009,0.3063063063063063,-0.007623318385650224,GR3
386,1986,2372,0.8372681281618887,-0.11264367816091954,-0.10257568910980569,GR3
299,1814,2113,0.8584950307619499,-0.22538860103626943,-0.0866062437059416,GR3
318,1709,2027,0.8431179082387765,0.06354515050167224,-0.057883131201764054,GR3
487,2317,2804,0.8263195435092725,0.5314465408805031,0.3557636044470451,GR3
288,2300,2588,0.8887171561051005,-0.4086242299794661,-0.0073370738023306,GR3
544,2183,2727,0.8005133846718006,0.8888888888888888,-0.050869565217391305,GR3
313,2128,2441,0.8717738631708316,-0.42463235294117646,-0.025194686211635363,GR3
246,1168,1414,0.826025459688826,-0.21405750798722045,-0.45112781954887216,GR3
314,2738,3052,0.8971166448230669,0.2764227642276423,1.3441780821917808,GR3
371,2233,2604,0.8575268817204301,0.18152866242038215,-0.18444119795471148,GR3
562,940,1502,0.625832223701731,0.5148247978436657,-0.5790416480071653,GR3
290,2778,3068,0.9054758800521513,-0.48398576512455516,1.9553191489361703,GR3
410,3052,3462,0.8815713460427499,0.41379310344827586,0.09863210943124551,GR3
327,2456,2783,0.882500898311175,-0.20243902439024392,-0.19528178243774574,GR3
618,2104,2722,0.7729610580455547,0.8899082568807339,-0.14332247557003258,GR3
424,2624,3048,0.8608923884514436,-0.313915857605178,0.24714828897338403,GR3
460,1507,1967,0.7661413319776309,0.08490566037735849,-0.4256859756097561,GR3
363,3790,4153,0.9125933060438237,-0.2108695652173913,1.5149303251493031,GR3
323,1646,1969,0.8359573387506348,-0.11019283746556474,-0.5656992084432718,GR3
422,3354,3776,0.8882415254237288,0.3065015479876161,1.037667071688943,GR3
632,1255,1887,0.6650768415474297,0.4976303317535545,-0.625819916517591,GR3
388,3061,3449,0.8875036242389098,-0.3860759493670886,1.4390438247011952,GR3
390,3161,3551,0.8901717825964517,0.005154639175257732,0.03266906239790918,GR3
419,1918,2337,0.8207103123662816,0.07435897435897436,-0.3932299905093325,GR3
291,2030,2321,0.8746230073244291,-0.3054892601431981,0.058394160583941604,GR3
348,2494,2842,0.8775510204081632,0.1958762886597938,0.22857142857142856,GR3
563,5152,5715,0.9014873140857392,0.617816091954023,1.065757818765036,GR3
440,2293,2733,0.8390047566776436,-0.21847246891651864,-0.5549301242236024,GR3
448,2217,2665,0.8318949343339587,0.01818181818181818,-0.033144352376798955,GR3
426,783,1209,0.6476426799007444,-0.049107142857142856,-0.6468200270635994,GR3
413,879,1292,0.6803405572755418,-0.03051643192488263,0.12260536398467432,GR3
396,829,1225,0.676734693877551,-0.04116222760290557,-0.05688282138794084,GR3
428,832,1260,0.6603174603174603,0.08080808080808081,0.0036188178528347406,GR3
314,684,998,0.685370741482966,-0.26635514018691586,-0.1778846153846154,GR3
429,485,914,0.5306345733041575,0.3662420382165605,-0.2909356725146199,GR3
669,382,1051,0.36346336822074216,0.5594405594405595,-0.21237113402061855,GR3
467,399,866,0.4607390300230947,-0.30194319880418535,0.04450261780104712,GR3
365,535,900,0.5944444444444444,-0.21841541755888652,0.3408521303258145,GR3
486,698,1184,0.589527027027027,0.3315068493150685,0.30467289719626167,GR3
400,770,1170,0.6581196581196581,-0.17695473251028807,0.10315186246418338,GR3
315,684,999,0.6846846846846847,-0.2125,-0.11168831168831168,GR3
497,683,1180,0.5788135593220339,0.5777777777777777,-0.0014619883040935672,GR3
307,827,1134,0.7292768959435626,-0.3822937625754527,0.2108345534407028,GR3
325,568,893,0.6360582306830908,0.05863192182410423,-0.313180169286578,GR3
298,728,1026,0.7095516569200779,-0.08307692307692308,0.28169014084507044,GR3
451,722,1173,0.6155157715260017,0.5134228187919463,-0.008241758241758242,GR3
455,624,1079,0.5783132530120482,0.008869179600886918,-0.13573407202216067,GR3
647,887,1534,0.5782268578878749,0.421978021978022,0.421474358974359,GR3
335,754,1089,0.6923783287419651,-0.482225656877898,-0.14994363021420518,GR3
409,611,1020,0.5990196078431372,0.2208955223880597,-0.1896551724137931,GR3
449,890,1339,0.6646751306945482,0.097799511002445,0.45662847790507366,GR3
352,687,1039,0.6612127045235804,-0.21603563474387527,-0.22808988764044943,GR3
462,655,1117,0.5863921217547001,0.3125,-0.046579330422125184,GR3
560,553,1113,0.4968553459119497,0.21212121212121213,-0.15572519083969466,GR3
473,606,1079,0.561631139944393,-0.15535714285714286,0.09584086799276673,GR3
339,556,895,0.6212290502793296,-0.2832980972515856,-0.08250825082508251,GR3
647,722,1369,0.5273922571219869,0.9085545722713865,0.29856115107913667,GR3
318,909,1227,0.7408312958435208,-0.508500772797527,0.2590027700831025,GR3
336,1502,1838,0.8171926006528836,0.05660377358490566,0.6523652365236524,GR3
491,3956,4447,0.8895884866201934,0.46130952380952384,1.6338215712383488,GR3
439,3782,4221,0.8959962094290452,-0.10590631364562118,-0.04398382204246714,GR3
363,2593,2956,0.8771989174560216,-0.17312072892938496,-0.3143839238498149,GR3
643,2683,3326,0.8066746843054721,0.7713498622589532,0.034708831469340534,GR3
435,2299,2734,0.8408924652523775,-0.3234836702954899,-0.14312336936265374,GR3
375,1905,2280,0.8355263157894737,-0.13793103448275862,-0.17137886037407568,GR3
423,1654,2077,0.7963408762638421,0.128,-0.13175853018372705,GR3
304,1756,2060,0.8524271844660194,-0.28132387706855794,0.06166868198307134,GR3
559,3470,4029,0.8612558947629685,0.8388157894736842,0.9760820045558086,GR3
405,3190,3595,0.8873435326842837,-0.27549194991055453,-0.08069164265129683,GR3
270,3352,3622,0.9254555494202098,-0.3333333333333333,0.05078369905956113,GR3
454,2491,2945,0.8458404074702887,0.6814814814814815,-0.2568615751789976,GR3
360,2198,2558,0.8592650508209538,-0.20704845814977973,-0.11762344439983942,GR3
423,2238,2661,0.8410372040586246,0.175,0.018198362147406732,GR3
659,2020,2679,0.7540126913027249,0.557919621749409,-0.09740840035746202,GR3
344,2442,2786,0.8765254845656856,-0.4779969650986343,0.2089108910891089,GR3
418,1756,2174,0.8077276908923643,0.21511627906976744,-0.2809172809172809,GR3
342,2072,2414,0.8583264291632146,-0.18181818181818182,0.17995444191343962,GR3
366,1737,2103,0.8259629101283881,0.07017543859649122,-0.1616795366795367,GR3
345,2334,2679,0.8712206047032475,-0.05737704918032787,0.3436960276338515,GR3
692,1939,2631,0.7369821360699353,1.0057971014492753,-0.16923736075407025,GR3
465,1915,2380,0.8046218487394958,-0.32803468208092484,-0.012377514182568335,GR3
476,2088,2564,0.8143525741029641,0.023655913978494623,0.09033942558746737,GR3
410,1669,2079,0.8027898027898028,-0.13865546218487396,-0.2006704980842912,GR3
364,2107,2471,0.8526912181303116,-0.11219512195121951,0.26243259436788496,GR3
696,1575,2271,0.6935270805812418,0.9120879120879121,-0.25249169435215946,GR3
331,2109,2440,0.864344262295082,-0.5244252873563219,0.33904761904761904,GR3
468,1630,2098,0.776930409914204,0.41389728096676737,-0.22712185870080606,GR3
420,1824,2244,0.8128342245989305,-0.10256410256410256,0.11901840490797547,GR3
351,1936,2287,0.8465238303454307,-0.16428571428571428,0.06140350877192982,GR3
473,2052,2525,0.8126732673267326,0.3475783475783476,0.05991735537190083,GR3
588,2010,2598,0.7736720554272517,0.24312896405919662,-0.02046783625730994,GR3
348,2108,2456,0.8583061889250815,-0.40816326530612246,0.04875621890547264,GR3
351,2372,2723,0.8710980536173338,0.008620689655172414,0.1252371916508539,GR3
483,2458,2941,0.8357701462087725,0.37606837606837606,0.03625632377740304,GR3
409,2328,2737,0.8505663134819145,-0.15320910973084886,-0.05288852725793328,GR3
308,2190,2498,0.8767013610888711,-0.2469437652811736,-0.059278350515463915,GR3
514,2317,2831,0.8184387142352526,0.6688311688311688,0.05799086757990868,GR3
439,2601,3040,0.8555921052631579,-0.14591439688715954,0.12257229175658178,GR3
432,1965,2397,0.8197747183979975,-0.015945330296127564,-0.24452133794694347,GR3
395,2360,2755,0.8566243194192378,-0.08564814814814815,0.2010178117048346,GR3
295,709,1004,0.7061752988047809,-0.25316455696202533,-0.6995762711864407,GR3
469,1964,2433,0.8072338676531031,0.5898305084745763,1.770098730606488,GR3
524,1681,2205,0.7623582766439909,0.11727078891257996,-0.14409368635437883,GR3
460,1942,2402,0.8084929225645295,-0.12213740458015267,0.1552647233789411,GR3
312,2502,2814,0.8891257995735607,-0.3217391304347826,0.2883625128733265,GR3
461,2211,2672,0.8274700598802395,0.4775641025641026,-0.11630695443645084,GR3
429,2439,2868,0.850418410041841,-0.06941431670281996,0.10312075983717775,GR3
402,1951,2353,0.8291542711432214,-0.06293706293706294,-0.2000820008200082,GR3
544,2297,2841,0.8085181274199226,0.35323383084577115,0.17734495130702205,GR3
442,1800,2242,0.8028545941123997,-0.1875,-0.21636917718763604,GR3
471,1980,2451,0.8078335373317014,0.06561085972850679,0.1,GR3
450,2183,2633,0.8290922901633118,-0.044585987261146494,0.10252525252525252,GR3
382,2429,2811,0.864105300604767,-0.1511111111111111,0.11268896014658726,GR3
561,1931,2492,0.7748796147672552,0.468586387434555,-0.2050226430629889,GR3
343,1431,1774,0.8066516347237881,-0.38859180035650626,-0.2589331952356292,GR3
379,3206,3585,0.894281729428173,0.10495626822157435,1.2403913347309574,GR3
295,2705,3000,0.9016666666666666,-0.22163588390501318,-0.1562694946974423,GR3
507,1885,2392,0.7880434782608695,0.7186440677966102,-0.3031423290203327,GR3
442,2267,2709,0.8368401624215578,-0.1282051282051282,0.2026525198938992,GR3
488,2340,2828,0.8274398868458275,0.10407239819004525,0.032201146890163214,GR3
414,2216,2630,0.8425855513307985,-0.15163934426229508,-0.05299145299145299,GR3
339,2391,2730,0.8758241758241758,-0.18115942028985507,0.078971119133574,GR3
503,2306,2809,0.8209327162691349,0.4837758112094395,-0.03554997908824759,GR3
302,2118,2420,0.8752066115702479,-0.3996023856858847,-0.08152645273200347,GR3
322,1118,1440,0.7763888888888889,0.06622516556291391,-0.4721435316336166,GR3
484,3333,3817,0.8731988472622478,0.5031055900621118,1.981216457960644,GR3
364,2653,3017,0.8793503480278422,-0.24793388429752067,-0.20402040204020402,GR3
386,2259,2645,0.8540642722117202,0.06043956043956044,-0.14851111948737278,GR3
363,2244,2607,0.8607594936708861,-0.05958549222797927,-0.006640106241699867,GR3
363,2451,2814,0.8710021321961621,0.0,0.09224598930481283,GR3
382,2344,2726,0.8598679383712399,0.05234159779614325,-0.04365565075479396,GR3
574,2257,2831,0.7972447898269163,0.5026178010471204,-0.037116040955631396,GR3
318,1424,1742,0.817451205510907,-0.445993031358885,-0.36907399202481167,GR3
331,2514,2845,0.8836555360281195,0.040880503144654086,0.7654494382022472,GR3
300,2185,2485,0.8792756539235412,-0.09365558912386707,-0.13086714399363564,GR3
376,2216,2592,0.8549382716049383,0.25333333333333335,0.014187643020594966,GR3
488,2482,2970,0.8356902356902357,0.2978723404255319,0.12003610108303249,GR3
414,2361,2775,0.8508108108108108,-0.15163934426229508,-0.048751007252215955,GR3
369,2161,2530,0.8541501976284585,-0.10869565217391304,-0.08470986869970351,GR3
436,1678,2114,0.793755912961211,0.18157181571815717,-0.22350763535400278,GR3
396,3405,3801,0.8958168902920284,-0.09174311926605505,1.029201430274136,GR3
387,3088,3475,0.8886330935251798,-0.022727272727272728,-0.09309838472834067,GR3
697,1624,2321,0.6996984058595433,0.8010335917312662,-0.4740932642487047,GR3
331,2175,2506,0.8679169992019155,-0.5251076040172167,0.3392857142857143,GR3
445,1836,2281,0.8049101271372205,0.34441087613293053,-0.15586206896551724,GR3
366,2300,2666,0.8627156789197299,-0.17752808988764046,0.25272331154684097,GR3
287,1730,2017,0.857709469509172,-0.21584699453551912,-0.24782608695652175,GR3
497,1679,2176,0.7715992647058824,0.7317073170731707,-0.029479768786127167,GR3
584,3406,3990,0.8536340852130326,0.1750503018108652,1.0285884455032757,GR3
437,3380,3817,0.8855121823421536,-0.2517123287671233,-0.007633587786259542,GR3
279,3518,3797,0.9265209375823018,-0.36155606407322655,0.04082840236686391,GR3
394,2470,2864,0.8624301675977654,0.4121863799283154,-0.297896532120523,GR3
357,1597,1954,0.8172978505629478,-0.09390862944162437,-0.35344129554655873,GR3
630,3383,4013,0.8430102167954149,0.7647058823529411,1.1183469004383217,GR3
415,2970,3385,0.8774002954209749,-0.3412698412698413,-0.12208099320130061,GR3
257,2261,2518,0.8979348689436061,-0.38072289156626504,-0.23872053872053872,GR3
281,1753,2034,0.8618485742379548,0.0933852140077821,-0.22467934542237947,GR3
433,2150,2583,0.832365466511808,0.5409252669039146,0.226468910439247,GR3
355,2117,2472,0.8563915857605178,-0.18013856812933027,-0.015348837209302326,GR3
653,1132,1785,0.6341736694677871,0.8394366197183099,-0.46528105810108644,GR3
424,2732,3156,0.8656527249683144,-0.35068912710566613,1.4134275618374559,GR3
365,2417,2782,0.8687994248741913,-0.1391509433962264,-0.11530014641288433,GR3
308,1810,2118,0.8545797922568461,-0.15616438356164383,-0.2511377741001241,GR3
402,2142,2544,0.8419811320754716,0.3051948051948052,0.18342541436464088,GR3
345,2306,2651,0.8698604300264051,-0.1417910447761194,0.0765639589169001,GR3
573,1839,2412,0.7624378109452736,0.6608695652173913,-0.20251517779705117,GR3
329,2131,2460,0.866260162601626,-0.4258289703315881,0.15878194671016857,GR3
348,1993,2341,0.8513455788124733,0.057750759878419454,-0.0647583294228062,GR3
298,2174,2472,0.8794498381877023,-0.14367816091954022,0.09081786251881585,GR3
320,2216,2536,0.8738170347003155,0.0738255033557047,0.019319227230910764,GR3
431,2284,2715,0.8412523020257827,0.346875,0.030685920577617327,GR3
691,2148,2839,0.7566044381824586,0.6032482598607889,-0.0595446584938704,GR3
316,1765,2081,0.8481499279192696,-0.5426917510853835,-0.17830540037243947,GR3
390,1551,1941,0.7990726429675425,0.23417721518987342,-0.12124645892351275,GR3
340,1760,2100,0.8380952380952381,-0.1282051282051282,0.1347517730496454,GR3
373,2335,2708,0.8622599704579025,0.09705882352941177,0.32670454545454547,GR3
329,2275,2604,0.8736559139784946,-0.11796246648793565,-0.02569593147751606,GR3
449,2291,2740,0.8361313868613138,0.364741641337386,0.007032967032967033,GR3
322,2365,2687,0.8801637513956085,-0.2828507795100223,0.032300305543430816,GR3
401,2072,2473,0.8378487666801455,0.2453416149068323,-0.12389006342494714,GR3
368,2018,2386,0.845766974015088,-0.08229426433915212,-0.026061776061776062,GR3
434,2046,2480,0.825,0.1793478260869565,0.013875123885034688,GR3
410,1955,2365,0.8266384778012685,-0.055299539170506916,-0.04447702834799609,GR3
600,2365,2965,0.7976391231028668,0.4634146341463415,0.20971867007672634,GR3
400,2451,2851,0.8596983514556296,-0.3333333333333333,0.03636363636363636,GR3
245,2319,2564,0.9044461778471139,-0.3875,-0.05385556915544676,GR3
293,2136,2429,0.8793742280773981,0.19591836734693877,-0.07891332470892626,GR3
348,527,875,0.6022857142857143,0.18771331058020477,-0.7532771535580525,GR3
399,2246,2645,0.8491493383742911,0.14655172413793102,3.2618595825426944,GR3
470,2042,2512,0.8128980891719745,0.17794486215538846,-0.09082813891362422,GR3
413,2182,2595,0.8408477842003853,-0.12127659574468085,0.06856023506366307,GR3
449,2275,2724,0.8351688693098385,0.08716707021791767,0.042621448212648946,GR3
511,4370,4881,0.8953083384552346,0.13808463251670378,0.9208791208791208,GR3
319,4404,4723,0.9324581833580351,-0.37573385518590996,0.007780320366132723,GR3
384,1428,1812,0.7880794701986755,0.20376175548589343,-0.6757493188010899,GR3
294,3968,4262,0.9310183012670108,-0.234375,1.7787114845938374,GR3
287,3956,4243,0.9323591798255951,-0.023809523809523808,-0.0030241935483870967,GR3
289,3870,4159,0.9305121423419092,0.006968641114982578,-0.021739130434782608,GR3
702,3175,3877,0.8189321640443642,1.4290657439446366,-0.17958656330749354,GR3
352,3018,3370,0.8955489614243324,-0.4985754985754986,-0.049448818897637796,GR3
265,2255,2520,0.8948412698412699,-0.2471590909090909,-0.25281643472498344,GR3
330,1640,1970,0.8324873096446701,0.24528301886792453,-0.2727272727272727,GR3
440,6003,6443,0.9317088312897719,0.3333333333333333,2.6603658536585364,GR3
581,2256,2837,0.7952062037363412,0.32045454545454544,-0.6241879060469765,GR3
383,2354,2737,0.8600657654366094,-0.3407917383820998,0.04343971631205674,GR3
303,2200,2503,0.8789452656811826,-0.20887728459530025,-0.06542056074766354,GR3
260,2321,2581,0.8992638512204572,-0.1419141914191419,0.055,GR3
254,2513,2767,0.9082038308637513,-0.023076923076923078,0.08272296423955192,GR3
339,2214,2553,0.8672150411280846,0.3346456692913386,-0.11898129725427775,GR3
364,2201,2565,0.8580896686159845,0.07374631268436578,-0.005871725383920506,GR3
622,2419,3041,0.7954620190726734,0.7087912087912088,0.09904588823262153,GR3
366,2132,2498,0.8534827862289832,-0.4115755627009646,-0.11864406779661017,GR3
286,2015,2301,0.8757062146892656,-0.2185792349726776,-0.054878048780487805,GR3
400,1972,2372,0.8313659359190556,0.3986013986013986,-0.021339950372208438,GR3
426,2253,2679,0.8409854423292273,0.065,0.14249492900608518,GR3
369,2232,2601,0.8581314878892734,-0.13380281690140844,-0.009320905459387484,GR3
593,1913,2506,0.7633679169992019,0.6070460704607046,-0.14292114695340502,GR3
476,2057,2533,0.8120805369127517,-0.1973018549747049,0.07527443805541036,GR3
398,1989,2387,0.8332635106828655,-0.1638655462184874,-0.03305785123966942,GR3
256,2263,2519,0.8983723699880906,-0.35678391959798994,0.13775766716943189,GR3
451,1878,2329,0.8063546586517819,0.76171875,-0.17012814847547503,GR3
412,1916,2328,0.8230240549828178,-0.08647450110864745,0.02023429179978701,GR3
670,2047,2717,0.7534044902465955,0.6262135922330098,0.06837160751565761,GR3
361,2532,2893,0.8752160387141376,-0.46119402985074626,0.23693209574987786,GR3
403,2267,2670,0.849063670411985,0.11634349030470914,-0.1046603475513428,GR3
383,2430,2813,0.863846427301813,-0.04962779156327544,0.07190119100132333,GR3
440,2243,2683,0.8360044726052925,0.14882506527415143,-0.07695473251028806,GR3
460,2109,2569,0.8209420007785131,0.045454545454545456,-0.05974141774409273,GR3
560,2631,3191,0.8245064243183955,0.21739130434782608,0.24751066856330015,GR3
353,2197,2550,0.8615686274509804,-0.36964285714285716,-0.16495629038388446,GR3
427,2141,2568,0.8337227414330218,0.2096317280453258,-0.02548930359581247,GR3
352,2219,2571,0.8630882924931933,-0.1756440281030445,0.03643157403082672,GR3
278,2582,2860,0.9027972027972028,-0.21022727272727273,0.16358720144209105,GR3
305,2016,2321,0.8685911245152951,0.09712230215827339,-0.21920991479473276,GR3
